real_stock_id	warehouse_id	item_id	item_code	item_name	current_quantity	reserved_quantity	parent_available_qty	lot_pickable_qty	missing_qty	reason	default_location_status	default_location_code	z00_code	z00_flags	z00_floor_id
35779	91	920000	920000	部システム９２０（お肉）	17536	0	17536	0	17536	NO_PICKABLE_LOT	HAS_DEFAULT_LOCATION	ZZ-1	Z-0-0	3	10
1302	2	143024	143024	◎アサヒ　スーパードライ３５０ｍｌ	7147	0	7147	2003	5144	LOT_QTY_SHORT	HAS_DEFAULT_LOCATION	ZZ-1-100	Z-0-0	3	8
21799	91	400000	400000	部システム ４００   分類打	1996	0	1996	0	1996	NO_PICKABLE_LOT	NO_DEFAULT_LOCATION		Z-0-0	3	10
7882	2	184144	184144	　サントリー　金麦３５０ｍｌ	2180	0	2180	1041	1139	LOT_QTY_SHORT	HAS_DEFAULT_LOCATION	ZZ-1-100	Z-0-0	3	8
23792	91	470000	470000	　部システム４７０（化粧箱）	1048	0	1048	0	1048	NO_PICKABLE_LOT	NO_DEFAULT_LOCATION		Z-0-0	3	10
12527	2	210923	210923	　但馬の天然水５５０ｍｌ	1083	0	1083	372	711	LOT_QTY_SHORT	HAS_DEFAULT_LOCATION	ZZ-1-100	Z-0-0	3	8
23795	91	471010	471010	　一本義　７２０ｍｌ　共通カートン１枚	645	0	645	0	645	NO_PICKABLE_LOT	HAS_DEFAULT_LOCATION	ZZ-1	Z-0-0	3	10
1248	2	142543	142543	　サントリー　生ビール３５０ｍｌ	1022	0	1022	455	567	LOT_QTY_SHORT	HAS_DEFAULT_LOCATION	ZZ-1-100	Z-0-0	3	8
1252	2	142627	142627	　キリン　晴れ風３５０ｍｌ	1157	0	1157	595	562	LOT_QTY_SHORT	HAS_DEFAULT_LOCATION	ZZ-1-100	Z-0-0	3	8
2122	2	143059	143059	◎キリン　一番搾り３５０ｍｌ	1352	0	1352	798	554	LOT_QTY_SHORT	HAS_DEFAULT_LOCATION	ZZ-1-100	Z-0-0	3	8
23195	21	184144	184144	　サントリー　金麦３５０ｍｌ	1021	0	1021	551	470	LOT_QTY_SHORT	HAS_DEFAULT_LOCATION	ZZ-1-100	Z-0-0	3	4
23797	91	471014	471014	　永平寺白龍　７２０ｍｌ共通カートン１枚	454	0	454	0	454	NO_PICKABLE_LOT	HAS_DEFAULT_LOCATION	ZZ-1	Z-0-0	3	10
21237	21	184067	184067	　キリン　のどごし＜生＞　３５０ｍｌ	1130	0	1130	735	395	LOT_QTY_SHORT	HAS_DEFAULT_LOCATION	ZZ-1-100	Z-0-0	3	4
26760	11	184067	184067	　キリン　のどごし＜生＞　３５０ｍｌ	1596	0	1596	1220	376	LOT_QTY_SHORT	HAS_DEFAULT_LOCATION	ZZ-1-100	Z-0-0	3	6
27044	21	185012	185012	　アサヒ　クリアアサヒ　３５０ｍｌ	932	0	932	556	376	LOT_QTY_SHORT	HAS_DEFAULT_LOCATION	ZZ-1-100	Z-0-0	3	4
36133	9	184067	184067	　キリン　のどごし＜生＞　３５０ｍｌ	1087	0	1087	715	372	LOT_QTY_SHORT	HAS_DEFAULT_LOCATION	ZZ-1-100	Z-0-0	3	13
12331	4	147003	147003	　キリン　麒麟淡麗グリーンラベル３５０ｍｌ	1205	0	1205	835	370	LOT_QTY_SHORT	HAS_DEFAULT_LOCATION	ZZ-1-100	Z-0-0	3	14
2534	3	184067	184067	　キリン　のどごし＜生＞　３５０ｍｌ	1704	0	1704	1343	361	LOT_QTY_SHORT	HAS_DEFAULT_LOCATION	ZZ-1-100	Z-0-0	3	17
23800	91	471028	471028	　梵　７２０ｍｌ　共通カートン１枚	334	0	334	0	334	NO_PICKABLE_LOT	HAS_DEFAULT_LOCATION	ZZ-1	Z-0-0	3	10
3065	2	147124	147124	　サッポロ　麦とホップ３５０ｍｌ	545	0	545	262	283	LOT_QTY_SHORT	HAS_DEFAULT_LOCATION	ZZ-1-100	Z-0-0	3	8
548	2	142330	142330	　アサヒ　スーパードライ　ドライクリスタル３５０ｍｌ	463	0	463	186	277	LOT_QTY_SHORT	HAS_DEFAULT_LOCATION	ZZ-1-100	Z-0-0	3	8
551	2	142368	142368	　キリン　一番搾り　糖質ゼロ３５０ｍｌ	596	0	596	320	276	LOT_QTY_SHORT	HAS_DEFAULT_LOCATION	ZZ-1-100	Z-0-0	3	8
23208	21	184233	184233	　タカラ　焼酎ハイボール　レモン３５０ｍｌ	360	0	360	87	273	LOT_QTY_SHORT	HAS_DEFAULT_LOCATION	ZZ-1-100	Z-0-0	3	4
47647	21	143059	143059	◎キリン　一番搾り３５０ｍｌ	738	0	738	483	255	LOT_QTY_SHORT	HAS_DEFAULT_LOCATION	ZZ-1-100	Z-0-0	3	4
47650	21	143074	143074	◎サッポロ　黒ラベル　３５０ｍｌ	569	0	569	322	247	LOT_QTY_SHORT	HAS_DEFAULT_LOCATION	ZZ-1-100	Z-0-0	3	4
432	4	147084	147084	　サントリー　金麦　糖質ｏｆｆ３５０ｍｌ	684	0	684	455	229	LOT_QTY_SHORT	HAS_DEFAULT_LOCATION	ZZ-1-100	Z-0-0	3	14
2474	3	143074	143074	◎サッポロ　黒ラベル　３５０ｍｌ	657	0	657	435	222	LOT_QTY_SHORT	HAS_DEFAULT_LOCATION	ZZ-1-100	Z-0-0	3	17
24827	11	147124	147124	　サッポロ　麦とホップ３５０ｍｌ	630	0	630	438	192	LOT_QTY_SHORT	HAS_DEFAULT_LOCATION	ZZ-1-100	Z-0-0	3	6
48109	71	142543	142543	　サントリー　生ビール３５０ｍｌ	712	0	712	520	192	LOT_QTY_SHORT	HAS_DEFAULT_LOCATION	ZZ-1-100	Z-0-0	3	7
47640	21	143025	143025	◎アサヒ　スーパードライ５００ｍｌ	365	0	365	176	189	LOT_QTY_SHORT	HAS_DEFAULT_LOCATION	ZZ-1-100	Z-0-0	3	4
29146	21	185524	185524	　キリン　氷結　無糖レモン　Ａｌｃ．４％　３５０ｍｌ	480	0	480	292	188	LOT_QTY_SHORT	HAS_DEFAULT_LOCATION	ZZ-1-100	Z-0-0	3	4
16356	7	141036	141036	◎キリン　一番搾り　大瓶６３３ｍｌ	248	0	248	61	187	LOT_QTY_SHORT	HAS_DEFAULT_LOCATION	ZZ-1-100	Z-0-0	3	16
16659	1	142368	142368	　キリン　一番搾り　糖質ゼロ３５０ｍｌ	473	0	473	287	186	LOT_QTY_SHORT	HAS_DEFAULT_LOCATION	ZZ-1-100	Z-0-0	3	2
17866	1	143025	143025	◎アサヒ　スーパードライ５００ｍｌ	440	0	440	256	184	LOT_QTY_SHORT	HAS_DEFAULT_LOCATION	ZZ-1-100	Z-0-0	3	2
36142	9	184144	184144	　サントリー　金麦３５０ｍｌ	729	0	729	549	180	LOT_QTY_SHORT	HAS_DEFAULT_LOCATION	ZZ-1-100	Z-0-0	3	13
19859	1	184256	184256	　タカラ　焼酎ハイボール　ドライ３５０ｍｌ	559	0	559	382	177	LOT_QTY_SHORT	HAS_DEFAULT_LOCATION	ZZ-1-100	Z-0-0	3	2
12511	2	210586	210586	　ミツウロコ　四季の恵み　天然水２Ｌ	371	0	371	199	172	LOT_QTY_SHORT	HAS_DEFAULT_LOCATION	ZZ-1-100	Z-0-0	3	8
11568	4	142627	142627	　キリン　晴れ風３５０ｍｌ	474	0	474	306	168	LOT_QTY_SHORT	HAS_DEFAULT_LOCATION	ZZ-1-100	Z-0-0	3	14
12300	4	143074	143074	◎サッポロ　黒ラベル　３５０ｍｌ	720	0	720	552	168	LOT_QTY_SHORT	HAS_DEFAULT_LOCATION	ZZ-1-100	Z-0-0	3	14
3389	3	147124	147124	　サッポロ　麦とホップ３５０ｍｌ	316	0	316	150	166	LOT_QTY_SHORT	HAS_DEFAULT_LOCATION	ZZ-1-100	Z-0-0	3	17
23213	21	184256	184256	　タカラ　焼酎ハイボール　ドライ３５０ｍｌ	296	0	296	131	165	LOT_QTY_SHORT	HAS_DEFAULT_LOCATION	ZZ-1-100	Z-0-0	3	4
42787	8	143005	143005	◎キリンラガー３５０ｍｌ	425	0	425	273	152	LOT_QTY_SHORT	HAS_DEFAULT_LOCATION	ZZ-1-100	Z-0-0	3	5
42461	91	150000	150000	部部システム１５０　分類	152	0	152	0	152	NO_PICKABLE_LOT	HAS_DEFAULT_LOCATION	ZZ-1	Z-0-0	3	10
12319	4	145060	145060	　アサヒ　スタイルフリー　トリプルゼロ３５０ｍｌ	557	0	557	411	146	LOT_QTY_SHORT	HAS_DEFAULT_LOCATION	ZZ-1-100	Z-0-0	3	14
16677	1	145014	145014	　サッポロ　極ＺＥＲＯ３５０ｍｌ	255	0	255	111	144	LOT_QTY_SHORT	HAS_DEFAULT_LOCATION	ZZ-1-100	Z-0-0	3	2
49603	11	141080	141080	　サッポロ　ラガー　大瓶６３３ｍｌ	224	0	224	85	139	LOT_QTY_SHORT	HAS_DEFAULT_LOCATION	ZZ-1-100	Z-0-0	3	6
46251	91	251094	251094	　アサヒ　スタイルバランス　無糖レモンサワー２００ｍｌ	139	0	139	0	139	NO_PICKABLE_LOT	HAS_DEFAULT_LOCATION	ZZ-1	Z-0-0	3	10
36151	9	184233	184233	　タカラ　焼酎ハイボール　レモン３５０ｍｌ	383	0	383	258	125	LOT_QTY_SHORT	HAS_DEFAULT_LOCATION	ZZ-1-100	Z-0-0	3	13
20252	1	211351	211351	　ＩＢ　強炭酸水１Ｌ	323	0	323	205	118	LOT_QTY_SHORT	HAS_DEFAULT_LOCATION	ZZ-1-100	Z-0-0	3	2
32312	10	112103	112103	　黒龍　吟醸　いっちょらい３００ｍｌ	118	0	118	0	118	NO_PICKABLE_LOT	HAS_DEFAULT_LOCATION	ZZ-1-100	Z-0-0	3	15
47634	21	143005	143005	◎キリンラガー３５０ｍｌ	378	0	378	263	115	LOT_QTY_SHORT	HAS_DEFAULT_LOCATION	ZZ-1-100	Z-0-0	3	4
49588	11	141019	141019	◎アサヒ　スーパードライ　大瓶６３３ｍｌ	846	0	846	740	106	LOT_QTY_SHORT	HAS_DEFAULT_LOCATION	ZZ-1-100	Z-0-0	3	6
16874	1	114018	114018	◎白鶴まる　パック２Ｌ	141	0	141	38	103	LOT_QTY_SHORT	HAS_DEFAULT_LOCATION	ZZ-1-100	Z-0-0	3	2
4519	2	122279	122279	○２５°いいちこ（麦）パック１．８Ｌ	192	0	192	92	100	LOT_QTY_SHORT	HAS_DEFAULT_LOCATION	ZZ-1-100	Z-0-0	3	8
36134	9	184068	184068	　キリン　のどごし＜生＞　５００ｍｌ	158	0	158	62	96	LOT_QTY_SHORT	HAS_DEFAULT_LOCATION	ZZ-1-100	Z-0-0	3	13
49864	21	147124	147124	　サッポロ　麦とホップ３５０ｍｌ	258	0	258	162	96	LOT_QTY_SHORT	HAS_DEFAULT_LOCATION	ZZ-1-100	Z-0-0	3	4
29632	91	211407	211407	　サンガリア　伊賀の天然水　強炭酸水５００ｍｌＰＥＴ	748	0	748	652	96	LOT_QTY_SHORT	HAS_DEFAULT_LOCATION	L-11-101	Z-0-0	3	10
31687	91	211914	211914	　サントリー　天然水スパークリング５００ｍｌ	96	0	96	0	96	NO_PICKABLE_LOT	NO_DEFAULT_LOCATION		Z-0-0	3	10
41268	9	147124	147124	　サッポロ　麦とホップ３５０ｍｌ	287	0	287	192	95	LOT_QTY_SHORT	HAS_DEFAULT_LOCATION	ZZ-1-100	Z-0-0	3	13
51530	71	184409	184409	　キリン　氷結ＺＥＲＯ　レモン　３５０ｍｌ	95	0	95	0	95	NO_PICKABLE_LOT	HAS_DEFAULT_LOCATION	ZZ-1-100	Z-0-0	3	7
24824	11	147081	147081	　キリン　本麒麟５００ｍｌ	322	0	322	228	94	LOT_QTY_SHORT	HAS_DEFAULT_LOCATION	ZZ-1-100	Z-0-0	3	6
49862	21	147084	147084	　サントリー　金麦　糖質ｏｆｆ３５０ｍｌ	376	0	376	282	94	LOT_QTY_SHORT	HAS_DEFAULT_LOCATION	ZZ-1-100	Z-0-0	3	4
12332	4	147004	147004	　キリン　麒麟淡麗グリーンラベル５００ｍｌ	205	0	205	112	93	LOT_QTY_SHORT	HAS_DEFAULT_LOCATION	ZZ-1-100	Z-0-0	3	14
41259	9	147004	147004	　キリン　麒麟淡麗グリーンラベル５００ｍｌ	226	0	226	133	93	LOT_QTY_SHORT	HAS_DEFAULT_LOCATION	ZZ-1-100	Z-0-0	3	13
24786	11	145018	145018	　キリン　淡麗プラチナダブル５００ｍｌ	330	0	330	237	93	LOT_QTY_SHORT	HAS_DEFAULT_LOCATION	ZZ-1-100	Z-0-0	3	6
24816	11	147004	147004	　キリン　麒麟淡麗グリーンラベル５００ｍｌ	333	0	333	240	93	LOT_QTY_SHORT	HAS_DEFAULT_LOCATION	ZZ-1-100	Z-0-0	3	6
17869	1	143037	143037	◎キリンラガー５００ｍｌ	224	0	224	132	92	LOT_QTY_SHORT	HAS_DEFAULT_LOCATION	ZZ-1-100	Z-0-0	3	2
20830	11	142404	142404	　サントリー　パーフェクトサントリービール３５０ｍｌ	398	0	398	306	92	LOT_QTY_SHORT	HAS_DEFAULT_LOCATION	ZZ-1-100	Z-0-0	3	6
24782	11	143244	143244	　サントリー　プレミアムモルツ３５０ｍｌ	465	0	465	373	92	LOT_QTY_SHORT	HAS_DEFAULT_LOCATION	ZZ-1-100	Z-0-0	3	6
22782	11	142859	142859	　キリン　グッドエール３５０ｍｌ	441	0	441	350	91	LOT_QTY_SHORT	HAS_DEFAULT_LOCATION	ZZ-1-100	Z-0-0	3	6
26789	11	184256	184256	　タカラ　焼酎ハイボール　ドライ３５０ｍｌ	358	0	358	269	89	LOT_QTY_SHORT	HAS_DEFAULT_LOCATION	ZZ-1-100	Z-0-0	3	6
11565	4	142543	142543	　サントリー　生ビール３５０ｍｌ	624	0	624	537	87	LOT_QTY_SHORT	HAS_DEFAULT_LOCATION	ZZ-1-100	Z-0-0	3	14
2458	3	143005	143005	◎キリンラガー３５０ｍｌ	517	0	517	431	86	LOT_QTY_SHORT	HAS_DEFAULT_LOCATION	ZZ-1-100	Z-0-0	3	17
37853	9	184409	184409	　キリン　氷結ＺＥＲＯ　レモン　３５０ｍｌ	470	0	470	384	86	LOT_QTY_SHORT	HAS_DEFAULT_LOCATION	ZZ-1-100	Z-0-0	3	13
5054	3	185021	185021	　アサヒ　Ｏｆｆ（オフ）３５０ｍｌ缶	631	0	631	546	85	LOT_QTY_SHORT	HAS_DEFAULT_LOCATION	ZZ-1-100	Z-0-0	3	17
12334	4	147043	147043	　アサヒ　スタイルフリー３５０ｍｌ	693	0	693	610	83	LOT_QTY_SHORT	HAS_DEFAULT_LOCATION	ZZ-1-100	Z-0-0	3	14
23542	71	184145	184145	　サントリー　金麦５００ｍｌ	107	0	107	24	83	LOT_QTY_SHORT	HAS_DEFAULT_LOCATION	ZZ-1-100	Z-0-0	3	7
3387	3	147084	147084	　サントリー　金麦　糖質ｏｆｆ３５０ｍｌ	785	0	785	704	81	LOT_QTY_SHORT	HAS_DEFAULT_LOCATION	ZZ-1-100	Z-0-0	3	17
22762	11	142627	142627	　キリン　晴れ風３５０ｍｌ	590	0	590	512	78	LOT_QTY_SHORT	HAS_DEFAULT_LOCATION	ZZ-1-100	Z-0-0	3	6
33621	91	140000	140000	部システム １４０   分類	76	0	76	0	76	NO_PICKABLE_LOT	NO_DEFAULT_LOCATION		Z-0-0	3	10
23531	71	159118	159118	　アヴェント　オーガニック　ブリュット　７５０ｍｌ	135	0	135	60	75	LOT_QTY_SHORT	HAS_DEFAULT_LOCATION	ZZ-1-100	Z-0-0	3	7
51764	22	112103	112103	　黒龍　吟醸　いっちょらい３００ｍｌ	72	0	72	0	72	NO_PICKABLE_LOT	NO_DEFAULT_LOCATION		Z-0-0	3	3
51565	91	210608	210608	　明治　明治フルーツ２２０ｍｌ	72	0	72	0	72	NO_PICKABLE_LOT	NO_DEFAULT_LOCATION		Z-0-0	3	10
29611	91	211264	211264	　ウィルキンソン　タンサン５００ｍｌＰＥＴ	1223	0	1223	1151	72	LOT_QTY_SHORT	HAS_DEFAULT_LOCATION	L-20-104	Z-0-0	3	10
51498	91	212123	212123	　大塚　ポカリスエット　イオンウォーター５００ｍｌ	72	0	72	0	72	NO_PICKABLE_LOT	HAS_DEFAULT_LOCATION	Q-00-000	Z-0-0	3	10
21797	91	340000	340000	　ハリカ金額管理ギフト（仕入用）	71	0	71	0	71	NO_PICKABLE_LOT	HAS_DEFAULT_LOCATION	ZZ-1	Z-0-0	3	10
42431	91	114150	114150	　白鶴　上撰　サケカップ２００ｍｌ	60	0	60	0	60	NO_PICKABLE_LOT	HAS_DEFAULT_LOCATION	ZZ-1	Z-0-0	3	10
38998	91	160000	160000	部システム １６０ 	60	0	60	0	60	NO_PICKABLE_LOT	NO_DEFAULT_LOCATION		Z-0-0	3	10
50501	91	287777	287777	　カイリューのやさしいうすしおポテト５０ｇ	4844	100	4744	4684	60	LOT_QTY_SHORT	HAS_DEFAULT_LOCATION	YX-0-000	Z-0-0	3	10
42126	21	141027	141027	◎キリン　ラガー　大瓶６３３ｍｌ	97	0	97	39	58	LOT_QTY_SHORT	HAS_DEFAULT_LOCATION	ZZ-1-100	Z-0-0	3	4
50386	91	153336	153336	　フォルタン　カベルネソービニヨン　１８７ｍｌ	58	0	58	0	58	NO_PICKABLE_LOT	HAS_DEFAULT_LOCATION	ZZ-1	Z-0-0	3	10
38913	91	112651	112651	　一乃谷金印カップ１８０ｍｌ	57	0	57	0	57	NO_PICKABLE_LOT	HAS_DEFAULT_LOCATION	ZZ-1	Z-0-0	3	10
9295	4	141020	141020	◎アサヒ　スーパードライ　中瓶５００ｍｌ	219	0	219	165	54	LOT_QTY_SHORT	HAS_DEFAULT_LOCATION	ZZ-1-100	Z-0-0	3	14
35561	91	111056	111056	○月桂冠上撰　キャップエース１８０ｍｌ	52	0	52	0	52	NO_PICKABLE_LOT	HAS_DEFAULT_LOCATION	ZZ-1	Z-0-0	3	10
37850	9	184391	184391	　タカラ　カンチューハイ　レモン３５０ｍｌ	117	0	117	69	48	LOT_QTY_SHORT	HAS_DEFAULT_LOCATION	ZZ-1-100	Z-0-0	3	13
2467	3	143037	143037	◎キリンラガー５００ｍｌ	144	0	144	97	47	LOT_QTY_SHORT	HAS_DEFAULT_LOCATION	ZZ-1-100	Z-0-0	3	17
11608	4	143037	143037	◎キリンラガー５００ｍｌ	145	0	145	98	47	LOT_QTY_SHORT	HAS_DEFAULT_LOCATION	ZZ-1-100	Z-0-0	3	14
440	4	147204	147204	　きらやか麦　糖質７０％オフ３５０ｍｌ	142	0	142	96	46	LOT_QTY_SHORT	HAS_DEFAULT_LOCATION	ZZ-1-100	Z-0-0	3	14
40545	91	112975	112975	　小浜酒造純米酒わかさ３００ｍｌ	45	0	45	0	45	NO_PICKABLE_LOT	HAS_DEFAULT_LOCATION	ZZ-1	Z-0-0	3	10
23592	91	122887	122887	　２５°本格芋焼酎　伊七郎７２０ｍｌ	45	0	45	0	45	NO_PICKABLE_LOT	HAS_DEFAULT_LOCATION	ZZ-1	Z-0-0	3	10
50395	91	153498	153498	　フォルタン　シャルドネ　１８７ｍｌ	45	0	45	0	45	NO_PICKABLE_LOT	HAS_DEFAULT_LOCATION	ZZ-1	Z-0-0	3	10
11560	4	142404	142404	　サントリー　パーフェクトサントリービール３５０ｍｌ	430	0	430	386	44	LOT_QTY_SHORT	HAS_DEFAULT_LOCATION	ZZ-1-100	Z-0-0	3	14
11617	4	184068	184068	　キリン　のどごし＜生＞　５００ｍｌ	177	0	177	133	44	LOT_QTY_SHORT	HAS_DEFAULT_LOCATION	ZZ-1-100	Z-0-0	3	14
12298	4	143060	143060	◎キリン　一番搾り５００ｍｌ	169	0	169	126	43	LOT_QTY_SHORT	HAS_DEFAULT_LOCATION	ZZ-1-100	Z-0-0	3	14
27520	91	210594	210594	　サントリー　ゼロッパ　５００ｍｌ	42	0	42	0	42	NO_PICKABLE_LOT	HAS_DEFAULT_LOCATION	ZZ-1	Z-0-0	3	10
23799	91	471017	471017	　福千歳　７２０ｍｌ　共通カートン１枚	42	0	42	0	42	NO_PICKABLE_LOT	HAS_DEFAULT_LOCATION	ZZ-1	Z-0-0	3	10
51765	22	112506	112506	　黒龍　九頭龍　逸品１．８Ｌ	41	0	41	0	41	NO_PICKABLE_LOT	NO_DEFAULT_LOCATION		Z-0-0	3	3
48142	71	147271	147271	　サントリー　金麦　ザ・ラガー３５０ｍｌ	41	0	41	0	41	NO_PICKABLE_LOT	HAS_DEFAULT_LOCATION	ZZ-1-100	Z-0-0	3	7
46089	91	120000	120000	部システム １２０ 	41	0	41	0	41	NO_PICKABLE_LOT	NO_DEFAULT_LOCATION		Z-0-0	3	10
17788	1	141037	141037	○キリン　一番搾り　中瓶５００ｍｌ	82	0	82	42	40	LOT_QTY_SHORT	HAS_DEFAULT_LOCATION	ZZ-1-100	Z-0-0	3	2
2477	3	143085	143085	　サッポロ　エビス３５０ｍｌ	262	0	262	222	40	LOT_QTY_SHORT	HAS_DEFAULT_LOCATION	ZZ-1-100	Z-0-0	3	17
36110	9	141037	141037	○キリン　一番搾り　中瓶５００ｍｌ	81	0	81	41	40	LOT_QTY_SHORT	HAS_DEFAULT_LOCATION	ZZ-1-100	Z-0-0	3	13
44938	9	210923	210923	　但馬の天然水５５０ｍｌ	496	0	496	456	40	LOT_QTY_SHORT	HAS_DEFAULT_LOCATION	ZZ-1-100	Z-0-0	3	13
49591	11	141027	141027	◎キリン　ラガー　大瓶６３３ｍｌ	455	0	455	415	40	LOT_QTY_SHORT	HAS_DEFAULT_LOCATION	ZZ-1-100	Z-0-0	3	6
49602	11	141078	141078	　サントリープレミアムモルツ　中瓶５００ｍｌ	54	0	54	14	40	LOT_QTY_SHORT	HAS_DEFAULT_LOCATION	ZZ-1-100	Z-0-0	3	6
23798	91	471015	471015	　永平寺白龍　１．８Ｌ　１本　共通カートン１枚	40	0	40	0	40	NO_PICKABLE_LOT	NO_DEFAULT_LOCATION		Z-0-0	3	10
23804	91	471100	471100	　一本義二本用箱	40	0	40	0	40	NO_PICKABLE_LOT	HAS_DEFAULT_LOCATION	ZZ-1	Z-0-0	3	10
33652	91	157241	157241	　サンタヘレナ　アルパカ　シャルドネセミヨン　７５０ｍｌ	39	0	39	0	39	NO_PICKABLE_LOT	HAS_DEFAULT_LOCATION	ZZ-1	Z-0-0	3	10
23803	91	471099	471099	　一本義一本用箱	39	0	39	0	39	NO_PICKABLE_LOT	NO_DEFAULT_LOCATION		Z-0-0	3	10
35669	91	158022	158022	　フォルタン　シャルドネ　３７５ｍｌ	38	0	38	0	38	NO_PICKABLE_LOT	HAS_DEFAULT_LOCATION	ZZ-1	Z-0-0	3	10
42123	21	141019	141019	◎アサヒ　スーパードライ　大瓶６３３ｍｌ	108	0	108	71	37	LOT_QTY_SHORT	HAS_DEFAULT_LOCATION	ZZ-1-100	Z-0-0	3	4
48114	71	142859	142859	　キリン　グッドエール３５０ｍｌ	431	0	431	395	36	LOT_QTY_SHORT	HAS_DEFAULT_LOCATION	ZZ-1-100	Z-0-0	3	7
48118	71	143024	143024	◎アサヒ　スーパードライ３５０ｍｌ	1566	0	1566	1530	36	LOT_QTY_SHORT	HAS_DEFAULT_LOCATION	ZZ-1-100	Z-0-0	3	7
44258	91	119403	119403	　北の庄　純米酒　カップ１８０ｍｌ	36	0	36	0	36	NO_PICKABLE_LOT	HAS_DEFAULT_LOCATION	ZZ-1	Z-0-0	3	10
23801	91	471042	471042	　真名鶴　７２０ｍｌ共通カートン１枚	36	0	36	0	36	NO_PICKABLE_LOT	HAS_DEFAULT_LOCATION	ZZ-1	Z-0-0	3	10
23802	91	471046	471046	　黒龍　ギフトボックス７２０ｍｌ　１枚	35	0	35	0	35	NO_PICKABLE_LOT	NO_DEFAULT_LOCATION		Z-0-0	3	10
17793	1	141080	141080	　サッポロ　ラガー　大瓶６３３ｍｌ	106	0	106	72	34	LOT_QTY_SHORT	HAS_DEFAULT_LOCATION	ZZ-1-100	Z-0-0	3	2
31691	91	211977	211977	　サントリー　おうちドリンクバー　ペプシコーラ３４０ｍｌ	34	0	34	0	34	NO_PICKABLE_LOT	HAS_DEFAULT_LOCATION	ZZ-1	Z-0-0	3	10
46256	91	260000	260000	部システム ２６０ 	34	0	34	0	34	NO_PICKABLE_LOT	NO_DEFAULT_LOCATION		Z-0-0	3	10
4373	4	122998	122998	　２５°つるつるいっぱい２Ｌ（麦）パック	233	0	233	202	31	LOT_QTY_SHORT	HAS_DEFAULT_LOCATION	ZZ-1-100	Z-0-0	3	14
46886	9	211351	211351	　ＩＢ　強炭酸水１Ｌ	269	0	269	238	31	LOT_QTY_SHORT	HAS_DEFAULT_LOCATION	ZZ-1-100	Z-0-0	3	13
31618	91	157025	157025	　サンタヘレナ　アルパカ　カベルネメルロ　７５０ｍｌ	31	0	31	0	31	NO_PICKABLE_LOT	HAS_DEFAULT_LOCATION	ZZ-1	Z-0-0	3	10
35571	91	111209	111209	　白鶴まる辛口カップ２００ｍｌ	30	0	30	0	30	NO_PICKABLE_LOT	HAS_DEFAULT_LOCATION	ZZ-1	Z-0-0	3	10
25548	91	123478	123478	　２５°薩摩一７２０ｍｌ（芋）	30	0	30	0	30	NO_PICKABLE_LOT	HAS_DEFAULT_LOCATION	ZZ-1	Z-0-0	3	10
48328	91	173008	173008	　日の出　本みりん　醇良１．８Ｌペット	30	0	30	0	30	NO_PICKABLE_LOT	NO_DEFAULT_LOCATION		Z-0-0	3	10
48196	91	121216	121216	　３５°宝焼酎　タカラカップ２２０ｍｌ	29	0	29	0	29	NO_PICKABLE_LOT	HAS_DEFAULT_LOCATION	ZZ-1	Z-0-0	3	10
42788	8	143007	143007	◎キリン麒麟淡麗＜生＞５００ｍｌ	192	0	192	165	27	LOT_QTY_SHORT	HAS_DEFAULT_LOCATION	ZZ-1-100	Z-0-0	3	5
29637	91	211449	211449	　北陸ローヤル　恐竜ラムネ２５０ｍｌ	27	0	27	0	27	NO_PICKABLE_LOT	HAS_DEFAULT_LOCATION	D-01-205	Z-0-0	3	10
48121	71	143059	143059	◎キリン　一番搾り３５０ｍｌ	910	0	910	884	26	LOT_QTY_SHORT	HAS_DEFAULT_LOCATION	ZZ-1-100	Z-0-0	3	7
44372	91	245843	245843	　バレドーロ　グリッシーニ　サルテッリ１００ｇ	26	0	26	0	26	NO_PICKABLE_LOT	HAS_DEFAULT_LOCATION	I-00-000	Z-0-0	3	10
44927	9	210586	210586	　ミツウロコ　四季の恵み　天然水２Ｌ	79	0	79	54	25	LOT_QTY_SHORT	HAS_DEFAULT_LOCATION	ZZ-1-100	Z-0-0	3	13
40528	91	112819	112819	　関西　佳撰　生貯蔵酒３００ｍｌ	25	0	25	0	25	NO_PICKABLE_LOT	HAS_DEFAULT_LOCATION	ZZ-1	Z-0-0	3	10
51795	21	118645	118645	　稲穂の舞　大吟醸　濃醇１７度７２０ｍｌ	24	0	24	0	24	NO_PICKABLE_LOT	NO_DEFAULT_LOCATION		Z-0-0	3	4
44254	91	119345	119345	　完売　永平寺白龍　ドラゴンウォーター　うすにごりミルキー７２０ｍｌ	24	0	24	0	24	NO_PICKABLE_LOT	HAS_DEFAULT_LOCATION	ZZ-1	Z-0-0	3	10
38976	91	159008	159008	×プレザンス　カベルネソーヴィニヨン　７５０ｍｌ	24	0	24	0	24	NO_PICKABLE_LOT	NO_DEFAULT_LOCATION		Z-0-0	3	10
42509	91	171124	171124	　若狭三方ビバレッジ　ＢＥＮＩＣＨＵ１７°　ＯＵＴ　ＤＯＯＲ２００ｍｌ	24	0	24	0	24	NO_PICKABLE_LOT	HAS_DEFAULT_LOCATION	YX-0-000	Z-0-0	3	10
50425	91	181372	181372	　サントリー　ほろよい　青いサワー３５０ｍｌ	24	0	24	0	24	NO_PICKABLE_LOT	NO_DEFAULT_LOCATION		Z-0-0	3	10
21761	91	184587	184587	　キリン　氷結　ウメ　５００ｍｌ	24	0	24	0	24	NO_PICKABLE_LOT	HAS_DEFAULT_LOCATION	ZZ-1	Z-0-0	3	10
27574	91	211073	211073	　コカコーラコカコーラ　瓶１９０ｍｌ	1721	24	1697	1673	24	LOT_QTY_SHORT	HAS_DEFAULT_LOCATION	L-06-101	Z-0-0	3	10
27576	91	211075	211075	　サントリー　ペプシ生　ＢＩＧ　ＣＯＬＡ６００ｍｌペット	24	0	24	0	24	NO_PICKABLE_LOT	NO_DEFAULT_LOCATION		Z-0-0	3	10
31655	91	211682	211682	　サントリー　ペプシコーラ（業務用）３３０ｍｌＰＥＴ	166	0	166	142	24	LOT_QTY_SHORT	HAS_DEFAULT_LOCATION	P-15-101	Z-0-0	3	10
35720	91	215017	215017	　サントリー　烏龍茶　缶３４０ｇ	24	0	24	0	24	NO_PICKABLE_LOT	HAS_DEFAULT_LOCATION	ZZ-1	Z-0-0	3	10
35731	91	215086	215086	　アサヒ　旨みの日本茶６００ｍｌ	24	0	24	0	24	NO_PICKABLE_LOT	NO_DEFAULT_LOCATION		Z-0-0	3	10
46246	91	251040	251040	　アサヒ　ウィルキンソン　タグソバー　レモンジンジャー３５０ｍｌ	24	0	24	0	24	NO_PICKABLE_LOT	HAS_DEFAULT_LOCATION	ZZ-1	Z-0-0	3	10
48138	71	147081	147081	　キリン　本麒麟５００ｍｌ	23	0	23	0	23	NO_PICKABLE_LOT	HAS_DEFAULT_LOCATION	ZZ-1-100	Z-0-0	3	7
19841	1	184099	184099	　タカラ　カンチューハイ　レモン　２５０ｍｌ	94	0	94	72	22	LOT_QTY_SHORT	HAS_DEFAULT_LOCATION	ZZ-1-100	Z-0-0	3	2
39440	9	143037	143037	◎キリンラガー５００ｍｌ	122	0	122	100	22	LOT_QTY_SHORT	HAS_DEFAULT_LOCATION	ZZ-1-100	Z-0-0	3	13
1571	3	142368	142368	　キリン　一番搾り　糖質ゼロ３５０ｍｌ	370	0	370	349	21	LOT_QTY_SHORT	HAS_DEFAULT_LOCATION	ZZ-1-100	Z-0-0	3	17
51521	21	131390	131390	　ニッカ　竹鶴ピュアモルト　１００ｍｌ	21	0	21	0	21	NO_PICKABLE_LOT	NO_DEFAULT_LOCATION		Z-0-0	3	4
40167	21	132786	132786	　アランモルト　１０年　ミニセレクション　１００ｍｌ	25	0	25	4	21	LOT_QTY_SHORT	HAS_DEFAULT_LOCATION	ZZ-1-100	Z-0-0	3	4
51523	21	132926	132926	　アードベッグ　１０年　ミニセレクション　１００ｍｌ	21	0	21	0	21	NO_PICKABLE_LOT	NO_DEFAULT_LOCATION		Z-0-0	3	4
51522	21	132939	132939	　ボウモア１２年　ミニセレクション　１００ｍｌ	21	0	21	0	21	NO_PICKABLE_LOT	NO_DEFAULT_LOCATION		Z-0-0	3	4
51528	71	184144	184144	　サントリー　金麦３５０ｍｌ	21	0	21	0	21	NO_PICKABLE_LOT	NO_DEFAULT_LOCATION		Z-0-0	3	7
23708	91	155253	155253	　ラシャス　ポワレフレッシュ　７５０ｍｌ	21	0	21	0	21	NO_PICKABLE_LOT	HAS_DEFAULT_LOCATION	ZZ-1	Z-0-0	3	10
744	3	141026	141026	○キリン　クラシックラガー　大瓶６３３ｍｌ	140	0	140	120	20	LOT_QTY_SHORT	HAS_DEFAULT_LOCATION	ZZ-1-100	Z-0-0	3	17
9305	4	141049	141049	◎サッポロ　黒ラベル　中瓶５００ｍｌ	39	0	39	19	20	LOT_QTY_SHORT	HAS_DEFAULT_LOCATION	ZZ-1-100	Z-0-0	3	14
35936	8	141026	141026	○キリン　クラシックラガー　大瓶６３３ｍｌ	40	0	40	20	20	LOT_QTY_SHORT	HAS_DEFAULT_LOCATION	ZZ-1-100	Z-0-0	3	5
28391	10	185054	185054	　キリン　ホワイトホース　ハイボール３５０ｍｌ	20	0	20	0	20	NO_PICKABLE_LOT	HAS_DEFAULT_LOCATION	ZZ-1-100	Z-0-0	3	15
29559	91	156631	156631	×カリテラ　レゼルヴァ　シャルドネ　７５０ｍｌ	20	0	20	0	20	NO_PICKABLE_LOT	HAS_DEFAULT_LOCATION	ZZ-1	Z-0-0	3	10
29581	91	156763	156763	×カリテラ　レセルヴァ　シャルドネ　３７５ｍｌ	20	0	20	0	20	NO_PICKABLE_LOT	HAS_DEFAULT_LOCATION	ZZ-1	Z-0-0	3	10
50428	91	182012	182012	　チョーヤ　梅酒　プラＱ　１６０ｍｌ	20	0	20	0	20	NO_PICKABLE_LOT	NO_DEFAULT_LOCATION		Z-0-0	3	10
49600	11	141060	141060	　キリン　クラシックラガー　中瓶５００ｍｌ	78	0	78	59	19	LOT_QTY_SHORT	HAS_DEFAULT_LOCATION	ZZ-1-100	Z-0-0	3	6
33697	91	157751	157751	　カステルカンブラス　白　７５０ｍｌ	19	0	19	0	19	NO_PICKABLE_LOT	HAS_DEFAULT_LOCATION	ZZ-1	Z-0-0	3	10
4205	3	184658	184658	　キリン　氷結　レモン３５０ｍｌ	286	0	286	268	18	LOT_QTY_SHORT	HAS_DEFAULT_LOCATION	ZZ-1-100	Z-0-0	3	17
9868	3	215438	215438	　エクシードＮＥＯ　緑茶５００ｍｌ	247	0	247	229	18	LOT_QTY_SHORT	HAS_DEFAULT_LOCATION	ZZ-1-100	Z-0-0	3	17
10054	4	141060	141060	　キリン　クラシックラガー　中瓶５００ｍｌ	55	0	55	37	18	LOT_QTY_SHORT	HAS_DEFAULT_LOCATION	ZZ-1-100	Z-0-0	3	14
42471	91	151115	151115	　ＪＡ三方五湖　梅ワイン（ロゼ）　５００ｍｌ	18	0	18	0	18	NO_PICKABLE_LOT	HAS_DEFAULT_LOCATION	ZZ-1	Z-0-0	3	10
42481	91	151165	151165	　白山　霧晴　７５０ｍｌ	18	0	18	0	18	NO_PICKABLE_LOT	HAS_DEFAULT_LOCATION	ZZ-1	Z-0-0	3	10
44262	91	151382	151382	　白山ワイン　ｄａｎｄａｎ　ロゼ　３６０ｍｌ	18	0	18	0	18	NO_PICKABLE_LOT	HAS_DEFAULT_LOCATION	ZZ-1	Z-0-0	3	10
46142	91	152670	152670	　ベンド　シャルドネ　７５０ｍｌ	18	0	18	0	18	NO_PICKABLE_LOT	HAS_DEFAULT_LOCATION	ZZ-1	Z-0-0	3	10
25603	91	155406	155406	　アンジュエール　白　７５０ｍｌ	18	0	18	0	18	NO_PICKABLE_LOT	HAS_DEFAULT_LOCATION	ZZ-1	Z-0-0	3	10
33691	91	157659	157659	　カステルカンブラス　赤　７５０ｍｌ	18	0	18	0	18	NO_PICKABLE_LOT	HAS_DEFAULT_LOCATION	ZZ-1	Z-0-0	3	10
44363	91	171751	171751	　富久駒一筆啓上　柚子の酒５００ｍｌ（ケース無し）	18	0	18	0	18	NO_PICKABLE_LOT	HAS_DEFAULT_LOCATION	ZZ-1	Z-0-0	3	10
48331	91	173015	173015	　白鹿　酒蔵割烹酒パック２Ｌ	18	0	18	0	18	NO_PICKABLE_LOT	NO_DEFAULT_LOCATION		Z-0-0	3	10
48344	91	181033	181033	　万上　本みりん　割烹　１．８Ｌ	18	0	18	0	18	NO_PICKABLE_LOT	NO_DEFAULT_LOCATION		Z-0-0	3	10
23745	91	210000	210000	部システム ２１０ 	18	0	18	0	18	NO_PICKABLE_LOT	NO_DEFAULT_LOCATION		Z-0-0	3	10
42125	21	141026	141026	○キリン　クラシックラガー　大瓶６３３ｍｌ	55	0	55	38	17	LOT_QTY_SHORT	HAS_DEFAULT_LOCATION	ZZ-1-100	Z-0-0	3	4
23593	91	122895	122895	　２５°本格芋焼酎　伊七郎　１．８Ｌ	17	0	17	0	17	NO_PICKABLE_LOT	HAS_DEFAULT_LOCATION	ZZ-1	Z-0-0	3	10
23685	91	155166	155166	　サントリー　ポンパドール　ライチ　７５０ｍｌ	17	0	17	0	17	NO_PICKABLE_LOT	HAS_DEFAULT_LOCATION	ZZ-1	Z-0-0	3	10
39025	91	224051	224051	　一乃谷　日本酒仕込み　いかそうめん３２ｇ	47	0	47	30	17	LOT_QTY_SHORT	HAS_DEFAULT_LOCATION	YX-0-000	Z-0-0	3	10
3350	3	143244	143244	　サントリー　プレミアムモルツ３５０ｍｌ	198	0	198	182	16	LOT_QTY_SHORT	HAS_DEFAULT_LOCATION	ZZ-1-100	Z-0-0	3	17
3397	3	184233	184233	　タカラ　焼酎ハイボール　レモン３５０ｍｌ	483	0	483	467	16	LOT_QTY_SHORT	HAS_DEFAULT_LOCATION	ZZ-1-100	Z-0-0	3	17
25564	91	123569	123569	　２５°いいちこ　深薫１．８Ｌ（麦）	16	0	16	0	16	NO_PICKABLE_LOT	HAS_DEFAULT_LOCATION	ZZ-1	Z-0-0	3	10
42489	91	151258	151258	　メルシャン　ビストロ　ボックス　赤パック　１．８Ｌ	16	0	16	0	16	NO_PICKABLE_LOT	HAS_DEFAULT_LOCATION	ZZ-1	Z-0-0	3	10
46110	91	152380	152380	×カルベ　メドック　赤　３７５ｍｌ	16	0	16	0	16	NO_PICKABLE_LOT	HAS_DEFAULT_LOCATION	ZZ-1	Z-0-0	3	10
18442	1	286557	286557	　鮮魚丸松　超大型バナメイエビ　むきえび５００ｇ	16	0	16	1	15	LOT_QTY_SHORT	HAS_DEFAULT_LOCATION	ZZ-1-100	Z-0-0	3	2
23109	21	116013	116013	　無冠盃辛口パック３Ｌ	41	0	41	26	15	LOT_QTY_SHORT	HAS_DEFAULT_LOCATION	ZZ-1-100	Z-0-0	3	4
35587	91	111897	111897	　大関ワンカップミニ１００ｍｌ	15	0	15	0	15	NO_PICKABLE_LOT	HAS_DEFAULT_LOCATION	ZZ-1	Z-0-0	3	10
50334	91	122264	122264	　２０°わんこペット２．７Ｌ（麦）	15	0	15	0	15	NO_PICKABLE_LOT	HAS_DEFAULT_LOCATION	ZZ-1	Z-0-0	3	10
50403	91	153595	153595	×サンタヘレナ　シグロ　カベルネソービニヨン　３７５ｍｌ	15	0	15	0	15	NO_PICKABLE_LOT	HAS_DEFAULT_LOCATION	ZZ-1	Z-0-0	3	10
38974	91	158973	158973	　ベンド　カベルネソービニヨン　７５０ｍｌ	15	0	15	0	15	NO_PICKABLE_LOT	HAS_DEFAULT_LOCATION	ZZ-1	Z-0-0	3	10
33724	91	213111	213111	　アサヒ　バヤリース　オレンジ　瓶２００ｍｌ	2344	24	2320	2305	15	LOT_QTY_SHORT	HAS_DEFAULT_LOCATION	L-04-101	Z-0-0	3	10
39026	91	224052	224052	　花垣　日本酒仕込み　炙りえいひれ２５ｇ	65	0	65	50	15	LOT_QTY_SHORT	HAS_DEFAULT_LOCATION	YX-0-000	Z-0-0	3	10
39030	91	224273	224273	　丸味食品　７種のミックスナッツ５００ｇ	15	0	15	0	15	NO_PICKABLE_LOT	NO_DEFAULT_LOCATION		Z-0-0	3	10
40911	8	114018	114018	◎白鶴まる　パック２Ｌ	42	0	42	28	14	LOT_QTY_SHORT	HAS_DEFAULT_LOCATION	ZZ-1-100	Z-0-0	3	5
38894	91	112539	112539	　永平寺白龍　純米酒７２０ｍｌ	14	0	14	0	14	NO_PICKABLE_LOT	HAS_DEFAULT_LOCATION	ZZ-1	Z-0-0	3	10
21717	91	154749	154749	　ドメーヌ　フランソワ　ヴィラール　ヴィオニエ　７５０ｍｌ	14	0	14	0	14	NO_PICKABLE_LOT	HAS_DEFAULT_LOCATION	ZZ-1	Z-0-0	3	10
42532	91	171237	171237	　梅乃宿　甘くておいしいキャロット＆オレンジ１．８Ｌ	14	0	14	0	14	NO_PICKABLE_LOT	HAS_DEFAULT_LOCATION	ZZ-1	Z-0-0	3	10
44368	91	171764	171764	　富久駒　一筆啓上　梅の酒５００ｍｌ（ケース無し）	14	0	14	0	14	NO_PICKABLE_LOT	HAS_DEFAULT_LOCATION	ZZ-1	Z-0-0	3	10
23993	8	123247	123247	　２５°なごみ香１．８Ｌ（麦）	15	0	15	2	13	LOT_QTY_SHORT	HAS_DEFAULT_LOCATION	ZZ-1-100	Z-0-0	3	5
44242	91	119168	119168	　雲乃井　純米吟醸生貯　東雲３００ｍｌ	13	0	13	0	13	NO_PICKABLE_LOT	HAS_DEFAULT_LOCATION	ZZ-1	Z-0-0	3	10
25555	91	123488	123488	×２５°金黒９００ｍｌ（芋）	13	0	13	0	13	NO_PICKABLE_LOT	HAS_DEFAULT_LOCATION	ZZ-1	Z-0-0	3	10
42493	91	151350	151350	　白山ワイナリー　Ｄｓｔｙｌｅ　７２０ｍｌ	13	0	13	0	13	NO_PICKABLE_LOT	HAS_DEFAULT_LOCATION	ZZ-1	Z-0-0	3	10
25607	91	155411	155411	　アンジュエール　ロゼ　７５０ｍｌ	13	0	13	0	13	NO_PICKABLE_LOT	HAS_DEFAULT_LOCATION	ZZ-1	Z-0-0	3	10
52085	2	142677	142677	　ＯＵＲ　ＢＲＥＷＩＮＧ　ホッピー・アワー３６５ｍｌ缶	12	0	12	0	12	NO_PICKABLE_LOT	HAS_DEFAULT_LOCATION	ZZ-1-100	Z-0-0	3	8
52121	11	117010	117010	○合成酒旗揚げパック１．８Ｌ	12	0	12	0	12	NO_PICKABLE_LOT	HAS_DEFAULT_LOCATION	ZZ-1-100	Z-0-0	3	6
38226	11	155355	155355	　カビッキオーリ　ランブルスコ　ロッソ　ドルチェ　７５０ｍｌ	27	0	27	15	12	LOT_QTY_SHORT	HAS_DEFAULT_LOCATION	ZZ-1-100	Z-0-0	3	6
51796	21	118660	118660	　稲穂の舞　大吟醸　濃醇１７度１．８Ｌ	12	0	12	0	12	NO_PICKABLE_LOT	NO_DEFAULT_LOCATION		Z-0-0	3	4
51758	22	112779	112779	　黒龍　大吟醸１．８Ｌ	12	0	12	0	12	NO_PICKABLE_LOT	NO_DEFAULT_LOCATION		Z-0-0	3	3
37369	91	112411	112411	　小浜酒造純米わかさ７２０ｍｌ	12	0	12	0	12	NO_PICKABLE_LOT	HAS_DEFAULT_LOCATION	ZZ-1	Z-0-0	3	10
46084	91	119731	119731	　雲乃井　純米大吟醸　瑞雲７２０ｍｌ	12	0	12	0	12	NO_PICKABLE_LOT	NO_DEFAULT_LOCATION		Z-0-0	3	10
25540	91	123429	123429	　２５°黒丸　黒７２０ｍｌ（芋）	12	0	12	0	12	NO_PICKABLE_LOT	HAS_DEFAULT_LOCATION	ZZ-1	Z-0-0	3	10
29508	91	131530	131530	　御岳蒸留所　日置　Ｈｉｏｋｉ　１．８Ｌ瓶	12	0	12	0	12	NO_PICKABLE_LOT	HAS_DEFAULT_LOCATION	ZZ-1	Z-0-0	3	10
42490	91	151268	151268	　白山ワイン　梅スパークリング　７５０ｍｌ	12	0	12	0	12	NO_PICKABLE_LOT	HAS_DEFAULT_LOCATION	ZZ-1	Z-0-0	3	10
42494	91	151361	151361	　能登ワイン　ヤマソーヴィニヨン　７２０ｍｌ	12	0	12	0	12	NO_PICKABLE_LOT	NO_DEFAULT_LOCATION		Z-0-0	3	10
42496	91	151370	151370	　能登ワイン　ヤマソービニヨン　３６０ｍｌ	12	0	12	0	12	NO_PICKABLE_LOT	NO_DEFAULT_LOCATION		Z-0-0	3	10
46132	91	152512	152512	　レニャー　シャブリ　サンピエール　７５０ｍｌ	12	0	12	0	12	NO_PICKABLE_LOT	HAS_DEFAULT_LOCATION	ZZ-1	Z-0-0	3	10
50416	91	153744	153744	　デロー　レゼルヴ　赤　７５０ｍｌ	12	0	12	0	12	NO_PICKABLE_LOT	HAS_DEFAULT_LOCATION	ZZ-1	Z-0-0	3	10
25593	91	155346	155346	　サントリー　ポンパドール　ストロベリー　７５０ｍｌ	12	0	12	0	12	NO_PICKABLE_LOT	HAS_DEFAULT_LOCATION	ZZ-1	Z-0-0	3	10
25613	91	155455	155455	×ネブリナ　スパークリング　７５０ｍｌ	12	0	12	0	12	NO_PICKABLE_LOT	HAS_DEFAULT_LOCATION	ZZ-1	Z-0-0	3	10
25627	91	155569	155569	　ニコラ　フィアット　ロゼ　ファースト　ブルーム　オブ　サクラ　７５０ｍｌ	12	0	12	0	12	NO_PICKABLE_LOT	HAS_DEFAULT_LOCATION	ZZ-1	Z-0-0	3	10
29560	91	156639	156639	　シャプティエ　コートデュローヌ　ルージュ　ペルルーシュ　７５０ｍｌ	12	0	12	0	12	NO_PICKABLE_LOT	NO_DEFAULT_LOCATION		Z-0-0	3	10
31606	91	156889	156889	　アルベールビショー　ブルゴーニュシャルドネ　ＶＶ　７５０ｍｌ	12	0	12	0	12	NO_PICKABLE_LOT	HAS_DEFAULT_LOCATION	ZZ-1	Z-0-0	3	10
38995	91	159131	159131	　ドメーヌ　ラ　ガルレ　フェランダ　７５０ｍｌ	12	0	12	0	12	NO_PICKABLE_LOT	HAS_DEFAULT_LOCATION	ZZ-1	Z-0-0	3	10
38997	91	159137	159137	　シャトー　ダイギルケール　７５０ｍｌ	12	0	12	0	12	NO_PICKABLE_LOT	HAS_DEFAULT_LOCATION	ZZ-1	Z-0-0	3	10
51470	91	171880	171880	　梵　ゆずリキュール５００ｍｌ	12	0	12	0	12	NO_PICKABLE_LOT	NO_DEFAULT_LOCATION		Z-0-0	3	10
51541	91	181021	181021	　宝　本みりん　ペット　１Ｌ	12	0	12	0	12	NO_PICKABLE_LOT	NO_DEFAULT_LOCATION		Z-0-0	3	10
21793	91	185196	185196	　サントリー　こだわり酒場のレモンサワー５００ｍｌ	52	0	52	40	12	LOT_QTY_SHORT	HAS_DEFAULT_LOCATION	G-02-204	Z-0-0	3	10
51493	91	212087	212087	　大塚　ポカリスエット　イオンウォーター９００ｍｌ	12	0	12	0	12	NO_PICKABLE_LOT	NO_DEFAULT_LOCATION		Z-0-0	3	10
40716	91	231511	231511	　直源　丸庄印　醤油１．８Ｌペット	12	0	12	0	12	NO_PICKABLE_LOT	HAS_DEFAULT_LOCATION	ZZ-1	Z-0-0	3	10
23796	91	471012	471012	　越の鷹　７２０ｍｌ　共通カートン１枚	12	0	12	0	12	NO_PICKABLE_LOT	NO_DEFAULT_LOCATION		Z-0-0	3	10
17629	1	131074	131074	　ウィスキー　岳　７００ｍｌ	15	0	15	4	11	LOT_QTY_SHORT	HAS_DEFAULT_LOCATION	ZZ-1-100	Z-0-0	3	2
51761	22	112597	112597	　黒龍　純吟　いっちょらい７２０ｍｌ	11	0	11	0	11	NO_PICKABLE_LOT	NO_DEFAULT_LOCATION		Z-0-0	3	3
51599	71	143004	143004	◎キリン麒麟淡麗＜生＞３５０ｍｌ	11	0	11	0	11	NO_PICKABLE_LOT	NO_DEFAULT_LOCATION		Z-0-0	3	7
48124	71	143085	143085	　サッポロ　エビス３５０ｍｌ	595	0	595	584	11	LOT_QTY_SHORT	HAS_DEFAULT_LOCATION	ZZ-1-100	Z-0-0	3	7
48126	71	143244	143244	　サントリー　プレミアムモルツ３５０ｍｌ	583	0	583	572	11	LOT_QTY_SHORT	HAS_DEFAULT_LOCATION	ZZ-1-100	Z-0-0	3	7
38934	91	112785	112785	　游　芳醇超辛口　番外山田錦７２０ｍｌ（白龍）	11	0	11	0	11	NO_PICKABLE_LOT	HAS_DEFAULT_LOCATION	ZZ-1	Z-0-0	3	10
44272	91	151688	151688	　マンズワイン　酵母の泡　甲州　３６０ｍｌ	11	0	11	0	11	NO_PICKABLE_LOT	NO_DEFAULT_LOCATION		Z-0-0	3	10
48246	91	152876	152876	　ウィリアムフェーブル　シャブリ　３７５ｍｌ	11	0	11	0	11	NO_PICKABLE_LOT	HAS_DEFAULT_LOCATION	ZZ-1	Z-0-0	3	10
25630	91	155586	155586	　ベルエポック　’１６　７５０ｍｌ	11	0	11	0	11	NO_PICKABLE_LOT	HAS_DEFAULT_LOCATION	ZZ-1	Z-0-0	3	10
38978	91	159013	159013	　プレミオ　モンテプルチアーノ　ダブルッツォ　７５０ｍｌ	11	0	11	0	11	NO_PICKABLE_LOT	HAS_DEFAULT_LOCATION	ZZ-1	Z-0-0	3	10
21792	91	185195	185195	　サントリー　こだわり酒場のレモンサワー３５０ｍｌ	11	0	11	0	11	NO_PICKABLE_LOT	HAS_DEFAULT_LOCATION	F-07-205	Z-0-0	3	10
17018	1	122280	122280	○２０°いいちこ（麦）パック１．８Ｌ	18	0	18	8	10	LOT_QTY_SHORT	HAS_DEFAULT_LOCATION	ZZ-1-100	Z-0-0	3	2
51619	1	246316	246316	　鮮魚丸松　北海道産　水タコ足１本	10	0	10	0	10	NO_PICKABLE_LOT	NO_DEFAULT_LOCATION		Z-0-0	3	2
51515	3	221797	221797	　早崎商店　オーロラ印の味付たら　№３００４０ｇ	10	0	10	0	10	NO_PICKABLE_LOT	HAS_DEFAULT_LOCATION	ZZ-1-100	Z-0-0	3	17
51516	8	221797	221797	　早崎商店　オーロラ印の味付たら　№３００４０ｇ	10	0	10	0	10	NO_PICKABLE_LOT	HAS_DEFAULT_LOCATION	ZZ-1-100	Z-0-0	3	5
51517	10	221797	221797	　早崎商店　オーロラ印の味付たら　№３００４０ｇ	10	0	10	0	10	NO_PICKABLE_LOT	HAS_DEFAULT_LOCATION	ZZ-1-100	Z-0-0	3	15
51518	11	221507	221507	　早崎商店　鯖のへしこ　お刺身用	10	0	10	0	10	NO_PICKABLE_LOT	HAS_DEFAULT_LOCATION	ZZ-1-100	Z-0-0	3	6
51762	22	112645	112645	　黒龍　吟醸　いっちょらい１．８Ｌ	10	0	10	0	10	NO_PICKABLE_LOT	NO_DEFAULT_LOCATION		Z-0-0	3	3
23545	71	185021	185021	　アサヒ　Ｏｆｆ（オフ）３５０ｍｌ缶	64	0	64	54	10	LOT_QTY_SHORT	HAS_DEFAULT_LOCATION	ZZ-1-100	Z-0-0	3	7
35572	91	111218	111218	　菊正宗上撰生貯蔵酒３００ｍｌ（段ボ－ル）	10	0	10	0	10	NO_PICKABLE_LOT	HAS_DEFAULT_LOCATION	ZZ-1	Z-0-0	3	10
40542	91	112956	112956	　一本義　辛口純米酒１．８Ｌ	44	27	17	7	10	LOT_QTY_SHORT	HAS_DEFAULT_LOCATION	D-06-102	Z-0-0	3	10
25535	91	123390	123390	　２５°田苑　金ラベル９００ｍｌ（麦）	10	0	10	0	10	NO_PICKABLE_LOT	HAS_DEFAULT_LOCATION	ZZ-1	Z-0-0	3	10
33633	91	141039	141039	　サッポロ　黒ラベル　小瓶３３４ｍｌ	160	0	160	150	10	LOT_QTY_SHORT	HAS_DEFAULT_LOCATION	D-05-101	Z-0-0	3	10
23676	91	155110	155110	　マルティーニ　アスティ　７５０ｍｌ	10	0	10	0	10	NO_PICKABLE_LOT	HAS_DEFAULT_LOCATION	ZZ-1	Z-0-0	3	10
25610	91	155434	155434	　マム　グラン　コルドン　ロゼ７５０ｍｌ	10	0	10	0	10	NO_PICKABLE_LOT	HAS_DEFAULT_LOCATION	ZZ-1	Z-0-0	3	10
25634	91	155621	155621	　ランソン　ホワイトラベル　セック　７５０ｍｌ	10	0	10	0	10	NO_PICKABLE_LOT	HAS_DEFAULT_LOCATION	ZZ-1	Z-0-0	3	10
25639	91	155650	155650	　ボッテガ　ゴールド７５０ｍｌ	10	0	10	0	10	NO_PICKABLE_LOT	HAS_DEFAULT_LOCATION	ZZ-1	Z-0-0	3	10
29563	91	156663	156663	　ＬＬ　シャブリ　ラ　シャンフルーフ　３７５ｍｌ	10	0	10	0	10	NO_PICKABLE_LOT	HAS_DEFAULT_LOCATION	ZZ-1	Z-0-0	3	10
33676	91	157557	157557	　コートデュローヌルージュ　ルプティアンデソン　７５０ｍｌ	10	0	10	0	10	NO_PICKABLE_LOT	HAS_DEFAULT_LOCATION	ZZ-1	Z-0-0	3	10
38996	91	159132	159132	　シャトー　ブリュンデスパーニュ　エリタージュ　７５０ｍｌ	10	0	10	0	10	NO_PICKABLE_LOT	HAS_DEFAULT_LOCATION	ZZ-1	Z-0-0	3	10
44365	91	171757	171757	　富久駒　一筆啓上　梅の酒５００ｍｌ（クリアケース入）	10	0	10	0	10	NO_PICKABLE_LOT	HAS_DEFAULT_LOCATION	ZZ-1	Z-0-0	3	10
50477	91	184251	184251	　タカラ　焼酎ハイボール　レモン　５００ｍｌ	70	0	70	60	10	LOT_QTY_SHORT	HAS_DEFAULT_LOCATION	G-02-202	Z-0-0	3	10
31670	91	211791	211791	　ＡＢインベブ　バドワイザー　ゼロ３５５ｍｌ	10	0	10	0	10	NO_PICKABLE_LOT	HAS_DEFAULT_LOCATION	Q-00-000	Z-0-0	3	10
39023	91	223506	223506	　伊藤園　ワンポット緑茶　ティーバック３０Ｐ	10	0	10	0	10	NO_PICKABLE_LOT	NO_DEFAULT_LOCATION		Z-0-0	3	10
34431	10	112597	112597	　黒龍　純吟　いっちょらい７２０ｍｌ	10	0	10	1	9	LOT_QTY_SHORT	HAS_DEFAULT_LOCATION	ZZ-1-100	Z-0-0	3	15
22831	11	143142	143142	　アサヒスーパードライ　生樽１９Ｌ	21	0	21	12	9	LOT_QTY_SHORT	HAS_DEFAULT_LOCATION	ZZ-1-100	Z-0-0	3	6
36597	11	155011	155011	　カビッキオーリ　ランブルスコ　ビアンコ　７５０ｍｌ	11	0	11	2	9	LOT_QTY_SHORT	HAS_DEFAULT_LOCATION	ZZ-1-100	Z-0-0	3	6
51520	21	131384	131384	　サントリー響　ブレンダーズチョイス　ミニセレクション　１００ｍｌ	9	0	9	0	9	NO_PICKABLE_LOT	NO_DEFAULT_LOCATION		Z-0-0	3	4
51524	21	132767	132767	　ウッドフォードリザーヴ　ミニセレクション　１００ｍｌ	9	0	9	0	9	NO_PICKABLE_LOT	NO_DEFAULT_LOCATION		Z-0-0	3	4
48115	71	142908	142908	　アサヒ　新・スーパードライ　生ジョッキ缶３４０ｍｌ	576	0	576	567	9	LOT_QTY_SHORT	HAS_DEFAULT_LOCATION	ZZ-1-100	Z-0-0	3	7
23594	91	122898	122898	×２５°長期調和熟成麦焼酎　千年華７２０ｍｌ	9	0	9	0	9	NO_PICKABLE_LOT	HAS_DEFAULT_LOCATION	ZZ-1	Z-0-0	3	10
29517	91	132022	132022	　メーカーズマーク　１Ｌ	9	0	9	0	9	NO_PICKABLE_LOT	HAS_DEFAULT_LOCATION	ZZ-1	Z-0-0	3	10
29525	91	132067	132067	　ジョニーウォーカー　ブロンド　７００ｍｌ	9	0	9	0	9	NO_PICKABLE_LOT	NO_DEFAULT_LOCATION		Z-0-0	3	10
23714	91	155271	155271	　サントリーポンパドール　マスカット３７５ｍｌ	9	0	9	0	9	NO_PICKABLE_LOT	HAS_DEFAULT_LOCATION	ZZ-1	Z-0-0	3	10
25620	91	155499	155499	　ニコラフィアット　ヴィンテージ　ブランドブラン　７５０ｍｌ	9	0	9	0	9	NO_PICKABLE_LOT	HAS_DEFAULT_LOCATION	ZZ-1	Z-0-0	3	10
35662	91	157956	157956	　パラ　ヒメネス　カベルネソーヴィニヨン　オーガニック	9	0	9	0	9	NO_PICKABLE_LOT	HAS_DEFAULT_LOCATION	ZZ-1	Z-0-0	3	10
40613	91	161027	161027	　サントリー　ドライジンエクストラ　７２０ｍｌ	9	0	9	0	9	NO_PICKABLE_LOT	HAS_DEFAULT_LOCATION	ZZ-1	Z-0-0	3	10
48272	91	172164	172164	　ソウルマッコリ　ペットボトル　７５０ｍｌ	9	0	9	0	9	NO_PICKABLE_LOT	HAS_DEFAULT_LOCATION	ZZ-1	Z-0-0	3	10
27518	91	210591	210591	　ドーバー　ビアリッツレモン瓶７００ｍｌ	9	0	9	0	9	NO_PICKABLE_LOT	HAS_DEFAULT_LOCATION	ZZ-1	Z-0-0	3	10
40726	91	231629	231629	　キッコーマン　ステーキしょうゆ　トリュフ風味５７０ｇ	9	0	9	0	9	NO_PICKABLE_LOT	HAS_DEFAULT_LOCATION	ZZ-1	Z-0-0	3	10
17442	1	121164	121164	　２５°メルシャン大喜利ペット４Ｌ	18	0	18	10	8	LOT_QTY_SHORT	HAS_DEFAULT_LOCATION	ZZ-1-100	Z-0-0	3	2
17593	1	123874	123874	　２５°本格芋焼酎　さつま響ペット５Ｌ（芋）	9	0	9	1	8	LOT_QTY_SHORT	HAS_DEFAULT_LOCATION	ZZ-1-100	Z-0-0	3	2
20345	1	244862	244862	　尾道市ＪＡ　因島のはっさくゼリー７８ｇ	16	0	16	8	8	LOT_QTY_SHORT	HAS_DEFAULT_LOCATION	ZZ-1-100	Z-0-0	3	2
52086	2	1004012	100008	OUR BREWING　キックオフ  缶	8	0	8	0	8	NO_PICKABLE_LOT	NO_DEFAULT_LOCATION		Z-0-0	3	8
8590	2	131273	131273	　ニッカ　竹鶴　ピュアモルト（新）　７００ｍｌ	20	0	20	12	8	LOT_QTY_SHORT	HAS_DEFAULT_LOCATION	ZZ-1-100	Z-0-0	3	8
52084	2	142691	142691	　ＯＵＲ　ＢＲＥＷＩＮＧ　ディノ・キング３６５ｍｌ缶	8	0	8	0	8	NO_PICKABLE_LOT	NO_DEFAULT_LOCATION		Z-0-0	3	8
51767	10	112888	112888	　黒龍　大吟醸７２０ｍｌ	8	0	8	0	8	NO_PICKABLE_LOT	NO_DEFAULT_LOCATION		Z-0-0	3	15
40179	21	132941	132941	　マッカラン　ダブルカスク　１２年　ミニセレクション　１００ｍｌ	9	0	9	1	8	LOT_QTY_SHORT	HAS_DEFAULT_LOCATION	ZZ-1-100	Z-0-0	3	4
51763	22	112619	112619	　黒龍　吟醸　いっちょらい７２０ｍｌ	8	0	8	0	8	NO_PICKABLE_LOT	NO_DEFAULT_LOCATION		Z-0-0	3	3
48096	71	142102	142102	　アサヒ　アサヒ　生ビール３５０ｍｌ	508	0	508	500	8	LOT_QTY_SHORT	HAS_DEFAULT_LOCATION	ZZ-1-100	Z-0-0	3	7
48123	71	143074	143074	◎サッポロ　黒ラベル　３５０ｍｌ	903	0	903	895	8	LOT_QTY_SHORT	HAS_DEFAULT_LOCATION	ZZ-1-100	Z-0-0	3	7
35591	91	112030	112030	　永平寺白龍　純米生貯造酒３００ｍｌ	8	0	8	0	8	NO_PICKABLE_LOT	HAS_DEFAULT_LOCATION	G-07-402	Z-0-0	3	10
37372	91	112418	112418	　雲乃井　純米吟醸　東雲７２０ｍｌ	8	0	8	0	8	NO_PICKABLE_LOT	HAS_DEFAULT_LOCATION	ZZ-1	Z-0-0	3	10
46086	91	119738	119738	　花垣　純米大吟醸　廻めぐり７２０ｍｌ	8	0	8	0	8	NO_PICKABLE_LOT	HAS_DEFAULT_LOCATION	ZZ-1	Z-0-0	3	10
48170	91	121077	121077	　２５°サッポロ焼酎　北極星４Ｌ	8	0	8	0	8	NO_PICKABLE_LOT	HAS_DEFAULT_LOCATION	ZZ-1	Z-0-0	3	10
42483	91	151231	151231	　白山ワイナリー　梅ワイン　５００ｍｌ	8	0	8	0	8	NO_PICKABLE_LOT	HAS_DEFAULT_LOCATION	ZZ-1	Z-0-0	3	10
27470	91	155783	155783	　メゾンマム　ＲＳＲＶ　ブランドブラン　２０１５　７５０ｍｌ	8	0	8	0	8	NO_PICKABLE_LOT	HAS_DEFAULT_LOCATION	ZZ-1	Z-0-0	3	10
42513	91	171145	171145	　一本義　吟香梅　般若刀　１５０ｍｌ	8	0	8	0	8	NO_PICKABLE_LOT	HAS_DEFAULT_LOCATION	Q-00-000	Z-0-0	3	10
29622	91	211331	211331	　メルシャン　スパークリング　アルコールゼロ　白３６０ｍｌ	8	0	8	0	8	NO_PICKABLE_LOT	HAS_DEFAULT_LOCATION	E-04-316	Z-0-0	3	10
52079	3	117010	117010	○合成酒旗揚げパック１．８Ｌ	7	0	7	0	7	NO_PICKABLE_LOT	HAS_DEFAULT_LOCATION	ZZ-1-100	Z-0-0	3	17
5972	3	450034	450034	　ＬＩＮＥ１００円クーポン	10	0	10	3	7	LOT_QTY_SHORT	HAS_DEFAULT_LOCATION	ZZ-1-100	Z-0-0	3	17
52268	8	131390	131390	　ニッカ　竹鶴ピュアモルト　１００ｍｌ	7	0	7	0	7	NO_PICKABLE_LOT	NO_DEFAULT_LOCATION		Z-0-0	3	5
52272	8	132786	132786	　アランモルト　１０年　ミニセレクション　１００ｍｌ	7	0	7	0	7	NO_PICKABLE_LOT	NO_DEFAULT_LOCATION		Z-0-0	3	5
52271	8	132926	132926	　アードベッグ　１０年　ミニセレクション　１００ｍｌ	7	0	7	0	7	NO_PICKABLE_LOT	NO_DEFAULT_LOCATION		Z-0-0	3	5
52269	8	132939	132939	　ボウモア１２年　ミニセレクション　１００ｍｌ	7	0	7	0	7	NO_PICKABLE_LOT	NO_DEFAULT_LOCATION		Z-0-0	3	5
51768	10	112619	112619	　黒龍　吟醸　いっちょらい７２０ｍｌ	7	0	7	0	7	NO_PICKABLE_LOT	NO_DEFAULT_LOCATION		Z-0-0	3	15
24766	11	114018	114018	◎白鶴まる　パック２Ｌ	45	0	45	38	7	LOT_QTY_SHORT	HAS_DEFAULT_LOCATION	ZZ-1-100	Z-0-0	3	6
45572	21	111116	111116	　松竹梅　上撰１．８Ｌ	17	0	17	10	7	LOT_QTY_SHORT	HAS_DEFAULT_LOCATION	ZZ-1-100	Z-0-0	3	4
40533	91	112842	112842	　一乃谷山廃仕込み特別純米７２０ｍｌ	7	0	7	0	7	NO_PICKABLE_LOT	HAS_DEFAULT_LOCATION	ZZ-1	Z-0-0	3	10
40544	91	112966	112966	　永平寺白龍　ドラゴンウォーター７２０ｍｌ	7	0	7	0	7	NO_PICKABLE_LOT	HAS_DEFAULT_LOCATION	G-08-401	Z-0-0	3	10
46039	91	119418	119418	　月暈　純米７２０ｍｌ	7	0	7	0	7	NO_PICKABLE_LOT	HAS_DEFAULT_LOCATION	ZZ-1	Z-0-0	3	10
46083	91	119726	119726	　越前岬　純米大吟醸１８０ｍｌ（プレミアム）	7	0	7	0	7	NO_PICKABLE_LOT	HAS_DEFAULT_LOCATION	ZZ-1	Z-0-0	3	10
25553	91	123485	123485	　２５°白鶴　本格麦焼酎　千夜一酔７２０ｍｌ	7	0	7	0	7	NO_PICKABLE_LOT	HAS_DEFAULT_LOCATION	ZZ-1	Z-0-0	3	10
44263	91	151397	151397	　白山アンドソル　ヤマソーヴィニヨン　７５０ｍｌ	7	0	7	0	7	NO_PICKABLE_LOT	HAS_DEFAULT_LOCATION	ZZ-1	Z-0-0	3	10
44271	91	151683	151683	　マンズエコノミー　赤　紙パック　１．８Ｌ	7	0	7	0	7	NO_PICKABLE_LOT	HAS_DEFAULT_LOCATION	ZZ-1	Z-0-0	3	10
21667	91	153883	153883	　ミシオネス　カベルネソービニヨン　７５０ｍｌ	7	0	7	0	7	NO_PICKABLE_LOT	HAS_DEFAULT_LOCATION	ZZ-1	Z-0-0	3	10
21680	91	154037	154037	×チンザノ　ドライ　１Ｌ	7	0	7	0	7	NO_PICKABLE_LOT	HAS_DEFAULT_LOCATION	ZZ-1	Z-0-0	3	10
21714	91	154599	154599	　テール　デトワール　キュヴェ　ギョタク　７５０ｍｌ	7	0	7	0	7	NO_PICKABLE_LOT	HAS_DEFAULT_LOCATION	ZZ-1	Z-0-0	3	10
25622	91	155510	155510	　ニコラフィアット　エクスクルーシブ　ブリュットロゼ　７５０ｍｌ	7	0	7	0	7	NO_PICKABLE_LOT	HAS_DEFAULT_LOCATION	ZZ-1	Z-0-0	3	10
25628	91	155571	155571	　マルティーニ　ブリュット　３７５ｍｌ	7	0	7	0	7	NO_PICKABLE_LOT	HAS_DEFAULT_LOCATION	ZZ-1	Z-0-0	3	10
25641	91	155661	155661	　グランクルタージュ　グランキュヴェ　ブランドブラン　７５０ｍｌ	7	0	7	0	7	NO_PICKABLE_LOT	NO_DEFAULT_LOCATION		Z-0-0	3	10
27493	91	156122	156122	　フォルタン　シャルドネ　７５０ｍｌ	7	0	7	0	7	NO_PICKABLE_LOT	HAS_DEFAULT_LOCATION	ZZ-1	Z-0-0	3	10
29575	91	156748	156748	×コニェット　ミュスカデセーヴルエメーヌ　７５０ｍｌ	7	0	7	0	7	NO_PICKABLE_LOT	HAS_DEFAULT_LOCATION	ZZ-1	Z-0-0	3	10
31609	91	156930	156930	　ブシャールＰ＆Ｆ　コルトンシャルルマーニュ　’２１　７５０ｍｌ	7	0	7	0	7	NO_PICKABLE_LOT	HAS_DEFAULT_LOCATION	ZZ-1	Z-0-0	3	10
35663	91	157957	157957	　テタンジェ　ブリュットレゼルヴ　３７５ｍｌ	7	0	7	0	7	NO_PICKABLE_LOT	HAS_DEFAULT_LOCATION	ZZ-1	Z-0-0	3	10
40664	91	170000	170000	部システム １７０ 	7	0	7	0	7	NO_PICKABLE_LOT	NO_DEFAULT_LOCATION		Z-0-0	3	10
46150	91	171779	171779	　富久駒　一筆啓上　梅すぱ３００ｍｌ（クリアケース無し）	7	0	7	0	7	NO_PICKABLE_LOT	HAS_DEFAULT_LOCATION	ZZ-1	Z-0-0	3	10
46154	91	171798	171798	　富久駒　一筆啓上　柚子すぱ３００ｍｌ（クリアケース無し）	7	0	7	0	7	NO_PICKABLE_LOT	HAS_DEFAULT_LOCATION	ZZ-1	Z-0-0	3	10
52230	1	132038	132038	　クランマクレガー　７００ｍｌ	6	0	6	0	6	NO_PICKABLE_LOT	NO_DEFAULT_LOCATION		Z-0-0	3	2
1619	3	181053	181053	　宝　料理のための清酒パック　１．８Ｌ	16	0	16	10	6	LOT_QTY_SHORT	HAS_DEFAULT_LOCATION	ZZ-1-100	Z-0-0	3	17
11594	4	142908	142908	　アサヒ　新・スーパードライ　生ジョッキ缶３４０ｍｌ	388	0	388	382	6	LOT_QTY_SHORT	HAS_DEFAULT_LOCATION	ZZ-1-100	Z-0-0	3	14
12308	4	143142	143142	　アサヒスーパードライ　生樽１９Ｌ	13	0	13	7	6	LOT_QTY_SHORT	HAS_DEFAULT_LOCATION	ZZ-1-100	Z-0-0	3	14
13052	4	221797	221797	　早崎商店　オーロラ印の味付たら　№３００４０ｇ	15	0	15	9	6	LOT_QTY_SHORT	HAS_DEFAULT_LOCATION	ZZ-1-100	Z-0-0	3	14
51766	10	112779	112779	　黒龍　大吟醸１．８Ｌ	6	0	6	0	6	NO_PICKABLE_LOT	NO_DEFAULT_LOCATION		Z-0-0	3	15
51203	10	122523	122523	　２５°浪漫の大地（麦）パック１．８Ｌ	13	0	13	7	6	LOT_QTY_SHORT	HAS_DEFAULT_LOCATION	ZZ-1-100	Z-0-0	3	15
52127	11	184229	184229	　ハイリキ　プレーン　３００ｍｌ	6	0	6	0	6	NO_PICKABLE_LOT	NO_DEFAULT_LOCATION		Z-0-0	3	6
51525	21	135005	135005	　マッカラン　１８年　ミニセレクション　１００ｍｌ	6	0	6	0	6	NO_PICKABLE_LOT	NO_DEFAULT_LOCATION		Z-0-0	3	4
51756	22	112525	112525	　黒龍　大吟醸　龍１．８Ｌ	6	0	6	0	6	NO_PICKABLE_LOT	NO_DEFAULT_LOCATION		Z-0-0	3	3
51759	22	112888	112888	　黒龍　大吟醸７２０ｍｌ	6	0	6	0	6	NO_PICKABLE_LOT	NO_DEFAULT_LOCATION		Z-0-0	3	3
37249	22	181034	181034	　福徳長　国産米１００％使用の料理清酒１．８Ｌ	9	0	9	3	6	LOT_QTY_SHORT	HAS_DEFAULT_LOCATION	ZZ-1-100	Z-0-0	3	3
51662	71	123565	123565	　２２°本格麦焼酎　宗政ワイン酵母仕込１．８Ｌ（麦）	6	0	6	0	6	NO_PICKABLE_LOT	NO_DEFAULT_LOCATION		Z-0-0	3	7
51838	71	141264	141264	　越の磯　いちほまれエール３３０ｍｌ	6	0	6	0	6	NO_PICKABLE_LOT	NO_DEFAULT_LOCATION		Z-0-0	3	7
48095	71	142069	142069	　サントリー　プレミアムモルツ　香るエール３５０ｍｌ	327	0	327	321	6	LOT_QTY_SHORT	HAS_DEFAULT_LOCATION	ZZ-1-100	Z-0-0	3	7
48099	71	142330	142330	　アサヒ　スーパードライ　ドライクリスタル３５０ｍｌ	538	0	538	532	6	LOT_QTY_SHORT	HAS_DEFAULT_LOCATION	ZZ-1-100	Z-0-0	3	7
48102	71	142404	142404	　サントリー　パーフェクトサントリービール３５０ｍｌ	344	0	344	338	6	LOT_QTY_SHORT	HAS_DEFAULT_LOCATION	ZZ-1-100	Z-0-0	3	7
35602	91	112115	112115	　一本義　生貯蔵酒３００ｍｌ	426	90	336	330	6	LOT_QTY_SHORT	HAS_DEFAULT_LOCATION	D-06-105	Z-0-0	3	10
40522	91	112792	112792	　飛鳥井　純米吟醸　山田錦７２０ｍｌ	6	0	6	0	6	NO_PICKABLE_LOT	HAS_DEFAULT_LOCATION	ZZ-1	Z-0-0	3	10
42436	91	114288	114288	　菊正宗　上撰　さけパック　生もと辛口２Ｌ	6	0	6	0	6	NO_PICKABLE_LOT	NO_DEFAULT_LOCATION		Z-0-0	3	10
44202	91	118201	118201	　初孫生もと純米本辛口　魔斬７２０ｍｌ（まきり）	6	0	6	0	6	NO_PICKABLE_LOT	NO_DEFAULT_LOCATION		Z-0-0	3	10
44244	91	119176	119176	　越の磯　越前忘憂　純米酒７２０ｍｌ	6	0	6	0	6	NO_PICKABLE_LOT	HAS_DEFAULT_LOCATION	ZZ-1	Z-0-0	3	10
46064	91	119622	119622	　永平寺白龍　米てきてき３００ｍｌ	6	0	6	0	6	NO_PICKABLE_LOT	NO_DEFAULT_LOCATION		Z-0-0	3	10
46065	91	119623	119623	　永平寺白龍　水てきてき３００ｍｌ	6	0	6	0	6	NO_PICKABLE_LOT	NO_DEFAULT_LOCATION		Z-0-0	3	10
46066	91	119624	119624	　永平寺白龍　土てきてき３００ｍｌ	6	0	6	0	6	NO_PICKABLE_LOT	NO_DEFAULT_LOCATION		Z-0-0	3	10
46067	91	119625	119625	　一本義　大吟醸　事無笑酒　Ｒｅｇａｌｏ７２０ｍｌ（レガロ）　※直送・卸不可	6	0	6	0	6	NO_PICKABLE_LOT	HAS_DEFAULT_LOCATION	ZZ-1	Z-0-0	3	10
46082	91	119718	119718	　真名鶴　純米大吟醸　奏雨３００ｍｌ	6	0	6	0	6	NO_PICKABLE_LOT	HAS_DEFAULT_LOCATION	ZZ-1	Z-0-0	3	10
25554	91	123486	123486	　２５°女帝　麦１．８Ｌ	6	0	6	0	6	NO_PICKABLE_LOT	NO_DEFAULT_LOCATION		Z-0-0	3	10
27454	91	131264	131264	　サントリー　レッド　１８０ｍｌ	6	0	6	0	6	NO_PICKABLE_LOT	HAS_DEFAULT_LOCATION	ZZ-1	Z-0-0	3	10
31582	91	132390	132390	　ジムビーム　ホワイト　新　７００ｍｌ	6	0	6	0	6	NO_PICKABLE_LOT	HAS_DEFAULT_LOCATION	F-01-313	Z-0-0	3	10
31598	91	132899	132899	　ボウモア１２年　７００ｍｌ	6	0	6	0	6	NO_PICKABLE_LOT	HAS_DEFAULT_LOCATION	ZZ-1	Z-0-0	3	10
35630	91	142453	142453	　サントリー　東京クラフト　フルーティーエール３５０ｍｌ	6	0	6	0	6	NO_PICKABLE_LOT	NO_DEFAULT_LOCATION		Z-0-0	3	10
50413	91	153716	153716	　ヴィアヘロ　白　３Ｌ	6	0	6	0	6	NO_PICKABLE_LOT	HAS_DEFAULT_LOCATION	ZZ-1	Z-0-0	3	10
21670	91	153954	153954	　シャプティエ　リュベロン　ラシボワーズ　ルージュ　７５０ｍｌ	6	0	6	0	6	NO_PICKABLE_LOT	NO_DEFAULT_LOCATION		Z-0-0	3	10
21676	91	154010	154010	　チンザノ　ドライ　７５０ｍｌ	6	0	6	0	6	NO_PICKABLE_LOT	HAS_DEFAULT_LOCATION	ZZ-1	Z-0-0	3	10
21720	91	154895	154895	　フィリップ　ル　アルディ　サン　トーバン　ブラン　７５０ｍｌ	6	0	6	0	6	NO_PICKABLE_LOT	HAS_DEFAULT_LOCATION	ZZ-1	Z-0-0	3	10
25612	91	155441	155441	　ポンパドール　チェリー　７５０ｍｌ	6	0	6	0	6	NO_PICKABLE_LOT	HAS_DEFAULT_LOCATION	ZZ-1	Z-0-0	3	10
25633	91	155611	155611	　ペリエジュエ　ベルエポック　フロレサンス　７５０ｍｌ	6	0	6	0	6	NO_PICKABLE_LOT	HAS_DEFAULT_LOCATION	ZZ-1	Z-0-0	3	10
27492	91	156104	156104	　モンダヴィ　ウッドブリッジ　シャルドネ　７５０ｍｌ	6	0	6	0	6	NO_PICKABLE_LOT	NO_DEFAULT_LOCATION		Z-0-0	3	10
29567	91	156685	156685	×ヴィーニャドリア　赤　７５０ｍｌ	6	0	6	0	6	NO_PICKABLE_LOT	NO_DEFAULT_LOCATION		Z-0-0	3	10
29568	91	156693	156693	　ヴィーニャドリア　白　７５０ｍｌ	6	0	6	0	6	NO_PICKABLE_LOT	NO_DEFAULT_LOCATION		Z-0-0	3	10
35646	91	157848	157848	×ロスガンソス　ピノノワール　７５０ｍｌ	6	0	6	0	6	NO_PICKABLE_LOT	HAS_DEFAULT_LOCATION	ZZ-1	Z-0-0	3	10
46206	91	172042	172042	　ボルス　ストロベリー７００ｍｌ	6	0	6	0	6	NO_PICKABLE_LOT	HAS_DEFAULT_LOCATION	ZZ-1	Z-0-0	3	10
48352	91	181314	181314	　東肥　本伝赤酒　１．８Ｌ	6	0	6	0	6	NO_PICKABLE_LOT	HAS_DEFAULT_LOCATION	ZZ-1	Z-0-0	3	10
50464	91	184141	184141	　ハイリキ　レモン瓶　３００ｍｌ	266	0	266	260	6	LOT_QTY_SHORT	HAS_DEFAULT_LOCATION	D-01-104	Z-0-0	3	10
31673	91	211827	211827	　キリン　グリーンズフリー　小瓶３３４ｍｌ	3230	38	3192	3186	6	LOT_QTY_SHORT	HAS_DEFAULT_LOCATION	AD-2-03K	Z-0-0	3	10
35706	91	213543	213543	　ポン　グレープジュース８００ｍｌペット	6	0	6	0	6	NO_PICKABLE_LOT	HAS_DEFAULT_LOCATION	ZZ-1	Z-0-0	3	10
762	3	141238	141238	　越の磯　越前そばエール３３０ｍｌ	10	0	10	5	5	LOT_QTY_SHORT	HAS_DEFAULT_LOCATION	ZZ-1-100	Z-0-0	3	17
1618	3	181040	181040	○宝　本みりん　カジュアルボトル１．８Ｌ	16	0	16	11	5	LOT_QTY_SHORT	HAS_DEFAULT_LOCATION	ZZ-1-100	Z-0-0	3	17
52080	3	222289	222289	　東洋ナッツ　ミックスナッツ缶３５５ｇ	5	0	5	0	5	NO_PICKABLE_LOT	HAS_DEFAULT_LOCATION	ZZ-1-100	Z-0-0	3	17
52149	3	223172	223172	　小川珈琲　小川プレミアムブレンドドリップコーヒー７杯７０ｇ	5	0	5	0	5	NO_PICKABLE_LOT	HAS_DEFAULT_LOCATION	ZZ-1-100	Z-0-0	3	17
42959	8	222289	222289	　東洋ナッツ　ミックスナッツ缶３５５ｇ	17	0	17	12	5	LOT_QTY_SHORT	HAS_DEFAULT_LOCATION	ZZ-1-100	Z-0-0	3	5
39878	11	123571	123571	　２０°つるつるいっぱい（麦）パック２Ｌ	19	0	19	14	5	LOT_QTY_SHORT	HAS_DEFAULT_LOCATION	ZZ-1-100	Z-0-0	3	6
51618	21	213047	213047	　早和果樹園　飲むみかん１８０ｍｌ　瓶	5	0	5	0	5	NO_PICKABLE_LOT	HAS_DEFAULT_LOCATION	ZZ-1-100	Z-0-0	3	4
51760	22	112229	112229	　黒龍　純吟　いっちょらい１．８Ｌ	5	0	5	0	5	NO_PICKABLE_LOT	NO_DEFAULT_LOCATION		Z-0-0	3	3
48116	71	143005	143005	◎キリンラガー３５０ｍｌ	285	0	285	280	5	LOT_QTY_SHORT	HAS_DEFAULT_LOCATION	ZZ-1-100	Z-0-0	3	7
51529	71	147204	147204	　きらやか麦　糖質７０％オフ３５０ｍｌ	5	0	5	0	5	NO_PICKABLE_LOT	NO_DEFAULT_LOCATION		Z-0-0	3	7
37352	91	112294	112294	　小浜酒造上撰わかさ１．８Ｌ	5	0	5	0	5	NO_PICKABLE_LOT	NO_DEFAULT_LOCATION		Z-0-0	3	10
37375	91	112426	112426	　一乃谷純米酒　純７２０ｍｌ	5	0	5	0	5	NO_PICKABLE_LOT	HAS_DEFAULT_LOCATION	ZZ-1	Z-0-0	3	10
38901	91	112586	112586	×真名鶴懐石本醸造　吟撰７２０ｍｌ	5	0	5	0	5	NO_PICKABLE_LOT	HAS_DEFAULT_LOCATION	ZZ-1	Z-0-0	3	10
44230	91	119044	119044	　小浜酒造純米吟醸わかさ７２０ｍｌ	5	0	5	0	5	NO_PICKABLE_LOT	HAS_DEFAULT_LOCATION	ZZ-1	Z-0-0	3	10
42488	91	151257	151257	　メルシャン　ビストロ　ボックス　白　パック　１．８Ｌ	5	0	5	0	5	NO_PICKABLE_LOT	HAS_DEFAULT_LOCATION	ZZ-1	Z-0-0	3	10
46135	91	152567	152567	　ＬＬシャブリ　プルミエ　クリュ７５０ｍｌ	5	0	5	0	5	NO_PICKABLE_LOT	HAS_DEFAULT_LOCATION	ZZ-1	Z-0-0	3	10
50405	91	153606	153606	　ヴィアヘロ　赤　３Ｌ	5	0	5	0	5	NO_PICKABLE_LOT	HAS_DEFAULT_LOCATION	ZZ-1	Z-0-0	3	10
21673	91	153967	153967	　ミラヴァル　ロゼ　７５０ｍｌ	5	0	5	0	5	NO_PICKABLE_LOT	HAS_DEFAULT_LOCATION	ZZ-1	Z-0-0	3	10
21708	91	154495	154495	　ＬＬ　ボーヌ　ヴィーニュフランシュ　７５０ｍｌ	5	0	5	0	5	NO_PICKABLE_LOT	HAS_DEFAULT_LOCATION	ZZ-1	Z-0-0	3	10
23659	91	155030	155030	　ロジャーグラート　カヴァ　ドゥミセック　７５０ｍｌ	5	0	5	0	5	NO_PICKABLE_LOT	HAS_DEFAULT_LOCATION	ZZ-1	Z-0-0	3	10
27478	91	155893	155893	　マム　アイスエクストラ　７５０ｍｌ	5	0	5	0	5	NO_PICKABLE_LOT	HAS_DEFAULT_LOCATION	ZZ-1	Z-0-0	3	10
35655	91	157904	157904	　　イエローテイル　カベルネソービニヨン　１８７ｍｌ	5	0	5	0	5	NO_PICKABLE_LOT	HAS_DEFAULT_LOCATION	ZZ-1	Z-0-0	3	10
35681	91	158136	158136	　ビオンタ　アルバリーニョ　７５０ｍｌ	5	0	5	0	5	NO_PICKABLE_LOT	HAS_DEFAULT_LOCATION	ZZ-1	Z-0-0	3	10
40629	91	162037	162037	　エリストフ　ウォッカ　７００ｍｌ	5	0	5	0	5	NO_PICKABLE_LOT	HAS_DEFAULT_LOCATION	ZZ-1	Z-0-0	3	10
29597	91	211203	211203	　アサヒ　スタイルバランス　グレープフルーツテイスト３５０ｍｌ	5	0	5	0	5	NO_PICKABLE_LOT	NO_DEFAULT_LOCATION		Z-0-0	3	10
8568	2	131168	131168	　サントリー　響　ブレンダーズチョイス　７００ｍｌ	7	0	7	3	4	LOT_QTY_SHORT	HAS_DEFAULT_LOCATION	ZZ-1-100	Z-0-0	3	8
9480	2	132210	132210	　アードベッグ１０年　７００ｍｌ	8	0	8	4	4	LOT_QTY_SHORT	HAS_DEFAULT_LOCATION	ZZ-1-100	Z-0-0	3	8
51559	3	249118	249118	　吉村甘露堂　山うにあられ８５ｇ	4	0	4	0	4	NO_PICKABLE_LOT	NO_DEFAULT_LOCATION		Z-0-0	3	17
6057	4	123874	123874	　２５°本格芋焼酎　さつま響ペット５Ｌ（芋）	5	0	5	1	4	LOT_QTY_SHORT	HAS_DEFAULT_LOCATION	ZZ-1-100	Z-0-0	3	14
6784	4	131427	131427	　越ノ忍　ブレンデッド　黒　７００ｍｌ	7	0	7	3	4	LOT_QTY_SHORT	HAS_DEFAULT_LOCATION	ZZ-1-100	Z-0-0	3	14
12309	4	143166	143166	　キリン　一番搾り　生樽７Ｌ　	7	0	7	3	4	LOT_QTY_SHORT	HAS_DEFAULT_LOCATION	ZZ-1-100	Z-0-0	3	14
13023	4	221507	221507	　早崎商店　鯖のへしこ　お刺身用	6	0	6	2	4	LOT_QTY_SHORT	HAS_DEFAULT_LOCATION	ZZ-1-100	Z-0-0	3	14
52078	8	1004012	100008	OUR BREWING　キックオフ  缶	4	0	4	0	4	NO_PICKABLE_LOT	NO_DEFAULT_LOCATION		Z-0-0	3	5
50721	8	122523	122523	　２５°浪漫の大地（麦）パック１．８Ｌ	12	0	12	8	4	LOT_QTY_SHORT	HAS_DEFAULT_LOCATION	ZZ-1-100	Z-0-0	3	5
39231	8	159106	159106	　バーズオブパラダイス　オーガニック　カベルネソービニヨンリゼルヴァ　７５０ｍｌ	7	0	7	3	4	LOT_QTY_SHORT	HAS_DEFAULT_LOCATION	ZZ-1-100	Z-0-0	3	5
37750	8	215435	215435	　エクシードＮＥＯ　烏龍茶２Ｌ	27	0	27	23	4	LOT_QTY_SHORT	HAS_DEFAULT_LOCATION	ZZ-1-100	Z-0-0	3	5
30272	10	111116	111116	　松竹梅　上撰１．８Ｌ	18	0	18	14	4	LOT_QTY_SHORT	HAS_DEFAULT_LOCATION	ZZ-1-100	Z-0-0	3	15
23107	21	116005	116005	　清酒正宗鬼ころしパック３Ｌ	5	0	5	1	4	LOT_QTY_SHORT	HAS_DEFAULT_LOCATION	ZZ-1-100	Z-0-0	3	4
49951	21	181040	181040	○宝　本みりん　カジュアルボトル１．８Ｌ	15	0	15	11	4	LOT_QTY_SHORT	HAS_DEFAULT_LOCATION	ZZ-1-100	Z-0-0	3	4
21395	22	116005	116005	　清酒正宗鬼ころしパック３Ｌ	10	1	9	5	4	LOT_QTY_SHORT	HAS_DEFAULT_LOCATION	ZZ-1-100	Z-0-0	3	3
52062	71	141238	141238	　越の磯　越前そばエール３３０ｍｌ	4	0	4	0	4	NO_PICKABLE_LOT	NO_DEFAULT_LOCATION		Z-0-0	3	7
51674	71	147014	147014	×アサヒ　くつろぎ仕込４ＶＧ　３５０ｍｌ	4	0	4	0	4	NO_PICKABLE_LOT	NO_DEFAULT_LOCATION		Z-0-0	3	7
37338	91	112203	112203	　一本義　辛爽系（からさわけい）純米吟醸７２０ｍｌ	72	33	39	35	4	LOT_QTY_SHORT	HAS_DEFAULT_LOCATION	C-01-201	Z-0-0	3	10
37363	91	112349	112349	　越前岬　蔵出し本醸造７２０ｍｌ（箱無）	10	0	10	6	4	LOT_QTY_SHORT	HAS_DEFAULT_LOCATION	G-06-310	Z-0-0	3	10
37366	91	112386	112386	　雲乃井　純米酒　福雲７２０ｍｌ	4	0	4	0	4	NO_PICKABLE_LOT	HAS_DEFAULT_LOCATION	ZZ-1	Z-0-0	3	10
42426	91	114058	114058	　白鶴米だけのまる　純米酒パック９００ｍｌ	4	0	4	0	4	NO_PICKABLE_LOT	HAS_DEFAULT_LOCATION	ZZ-1	Z-0-0	3	10
44216	91	118713	118713	　初孫生もと純米本辛口　魔斬１．８Ｌ（まきり）	4	0	4	0	4	NO_PICKABLE_LOT	NO_DEFAULT_LOCATION		Z-0-0	3	10
23604	91	122957	122957	　２５°橙華１．８Ｌ（芋）	4	0	4	0	4	NO_PICKABLE_LOT	HAS_DEFAULT_LOCATION	ZZ-1	Z-0-0	3	10
25506	91	123261	123261	×２５°西郷が里５Ｌ（芋）	4	0	4	0	4	NO_PICKABLE_LOT	HAS_DEFAULT_LOCATION	ZZ-1	Z-0-0	3	10
25528	91	123342	123342	　３０°ニコニコ太郎１．８Ｌ（泡盛）	4	0	4	0	4	NO_PICKABLE_LOT	HAS_DEFAULT_LOCATION	ZZ-1	Z-0-0	3	10
27410	91	123908	123908	　２０°西の星１．８Ｌ（麦）	4	0	4	0	4	NO_PICKABLE_LOT	NO_DEFAULT_LOCATION		Z-0-0	3	10
42470	91	151106	151106	　勝沼醸造　甲州　穂坂　７５０ｍｌ	4	0	4	0	4	NO_PICKABLE_LOT	HAS_DEFAULT_LOCATION	ZZ-1	Z-0-0	3	10
44270	91	151672	151672	　白山やまぶどうワイン　梅スパーク　３７５ｍｌ	4	0	4	0	4	NO_PICKABLE_LOT	HAS_DEFAULT_LOCATION	ZZ-1	Z-0-0	3	10
46114	91	152435	152435	　フォルタン　カベルネソービニヨン　７５０ｍｌ	4	0	4	0	4	NO_PICKABLE_LOT	HAS_DEFAULT_LOCATION	ZZ-1	Z-0-0	3	10
48232	91	152738	152738	　サンタヘレナ　アルパカ　ソービニヨンブラン　７５０ｍｌ	4	0	4	0	4	NO_PICKABLE_LOT	HAS_DEFAULT_LOCATION	ZZ-1	Z-0-0	3	10
50418	91	153798	153798	　シャトー　トゥール　サンヴァンサン　７５０ｍｌ	4	0	4	0	4	NO_PICKABLE_LOT	HAS_DEFAULT_LOCATION	ZZ-1	Z-0-0	3	10
21678	91	154016	154016	　チンザノ　ロッソ　１Ｌ	4	0	4	0	4	NO_PICKABLE_LOT	HAS_DEFAULT_LOCATION	ZZ-1	Z-0-0	3	10
21682	91	154145	154145	　モンメイラック　白　７５０ｍｌ	4	0	4	0	4	NO_PICKABLE_LOT	HAS_DEFAULT_LOCATION	ZZ-1	Z-0-0	3	10
21685	91	154154	154154	　エゴット　メルロサンジョベーゼ　３Ｌ	4	0	4	0	4	NO_PICKABLE_LOT	NO_DEFAULT_LOCATION		Z-0-0	3	10
21697	91	154413	154413	　プリュレロック　ニュイサンジョルジュ　クロデコルヴェ　７５０ｍｌ	4	0	4	0	4	NO_PICKABLE_LOT	HAS_DEFAULT_LOCATION	ZZ-1	Z-0-0	3	10
21709	91	154524	154524	　ＬＬ　ピュリニーモンラッシェ　ルフェール　７５０ｍｌ	4	0	4	0	4	NO_PICKABLE_LOT	HAS_DEFAULT_LOCATION	ZZ-1	Z-0-0	3	10
23668	91	155083	155083	　ニコラ　フィアット　パルムドール　ブリュット　７５０ｍｌ	4	0	4	0	4	NO_PICKABLE_LOT	HAS_DEFAULT_LOCATION	ZZ-1	Z-0-0	3	10
25594	91	155348	155348	×マム　グランコルドン　７５０ｍｌ	4	0	4	0	4	NO_PICKABLE_LOT	HAS_DEFAULT_LOCATION	ZZ-1	Z-0-0	3	10
29561	91	156643	156643	　シャプティエ　コートデュローヌ　ブラン　ペルルーシュ　７５０ｍｌ	24	0	24	20	4	LOT_QTY_SHORT	NO_DEFAULT_LOCATION		Z-0-0	3	10
29579	91	156758	156758	　フランソワラベ　ピノノワール　７５０ｍｌ	4	0	4	0	4	NO_PICKABLE_LOT	HAS_DEFAULT_LOCATION	ZZ-1	Z-0-0	3	10
31610	91	156934	156934	　コセチャ　シャルドネ　７５０ｍｌ	4	0	4	0	4	NO_PICKABLE_LOT	HAS_DEFAULT_LOCATION	ZZ-1	Z-0-0	3	10
35647	91	157851	157851	　　ヴァレ　ド　オーメン　ブランコ　７５０ｍｌ	4	0	4	0	4	NO_PICKABLE_LOT	HAS_DEFAULT_LOCATION	ZZ-1	Z-0-0	3	10
35686	91	158201	158201	　ミッシェルリンチ　ボルドーブラン　７５０ｍｌ	4	0	4	0	4	NO_PICKABLE_LOT	HAS_DEFAULT_LOCATION	ZZ-1	Z-0-0	3	10
37448	91	158426	158426	　パラヒメネス　シャルドネ　オーガニック　７５０ｍｌ	4	0	4	0	4	NO_PICKABLE_LOT	HAS_DEFAULT_LOCATION	ZZ-1	Z-0-0	3	10
40626	91	162021	162021	　ロンリコ　ホワイト　４０°（正規）　７００ｍｌ	4	0	4	0	4	NO_PICKABLE_LOT	HAS_DEFAULT_LOCATION	ZZ-1	Z-0-0	3	10
48281	91	172223	172223	×ボルスモヒート　７００ｍｌ	4	0	4	0	4	NO_PICKABLE_LOT	HAS_DEFAULT_LOCATION	ZZ-1	Z-0-0	3	10
23750	91	210009	210009	　カルピス　カルピスウォーター５００ｍｌペット　	268	0	268	264	4	LOT_QTY_SHORT	HAS_DEFAULT_LOCATION	H-01-103	Z-0-0	3	10
27560	91	210895	210895	　雜賀　ノンアルコール柚　ロックンユズ　７２０ｍｌ	4	0	4	0	4	NO_PICKABLE_LOT	NO_DEFAULT_LOCATION		Z-0-0	3	10
27580	91	211083	211083	　ウィルキンソン　トニック５００ｍｌＰＥＴ	181	0	181	177	4	LOT_QTY_SHORT	HAS_DEFAULT_LOCATION	D-01-204	Z-0-0	3	10
52058	91	212069	212069	　カゴメ　野菜生活１００　１９０ｇ	4	0	4	0	4	NO_PICKABLE_LOT	NO_DEFAULT_LOCATION		Z-0-0	3	10
33712	91	213033	213033	　サントリー　なっちゃん　オレンジ４２５ｍｌペット	89	0	89	85	4	LOT_QTY_SHORT	HAS_DEFAULT_LOCATION	G-08-202	Z-0-0	3	10
51737	91	215031	215031	　キリン　生茶　５２５ｍｌペット	4	0	4	0	4	NO_PICKABLE_LOT	NO_DEFAULT_LOCATION		Z-0-0	3	10
40724	91	231608	231608	　Ｓ＆Ｂ　金沢風カツカレーソース３Ｋｇ	4	0	4	0	4	NO_PICKABLE_LOT	NO_DEFAULT_LOCATION		Z-0-0	3	10
51873	91	251031	251031	　アサヒ　スタイルバランス　和梨サワー３５０ｍｌ	4	0	4	0	4	NO_PICKABLE_LOT	NO_DEFAULT_LOCATION		Z-0-0	3	10
35782	91	941002	941002	　立力やわらか牛カルビ１Ｋｇ	4	0	4	0	4	NO_PICKABLE_LOT	HAS_DEFAULT_LOCATION	ZZ-1	Z-0-0	3	10
17464	1	122051	122051	○２５°いいちこ（麦）シルエット７２０ｍｌ	5	0	5	2	3	LOT_QTY_SHORT	HAS_DEFAULT_LOCATION	ZZ-1-100	Z-0-0	3	2
52229	1	141270	141270	　金澤麦酒　ゴルトバッハ３３０ｍｌ	3	0	3	0	3	NO_PICKABLE_LOT	NO_DEFAULT_LOCATION		Z-0-0	3	2
10901	2	112037	112037	　関西　佳撰１．８Ｌ	5	0	5	2	3	LOT_QTY_SHORT	HAS_DEFAULT_LOCATION	ZZ-1-100	Z-0-0	3	8
11680	2	112673	112673	　花垣本醸造１．８Ｌ	5	0	5	2	3	LOT_QTY_SHORT	HAS_DEFAULT_LOCATION	ZZ-1-100	Z-0-0	3	8
52278	2	132192	132192	　ザ・マッカラン１８年　７００ｍｌ	3	0	3	0	3	NO_PICKABLE_LOT	NO_DEFAULT_LOCATION		Z-0-0	3	8
52277	4	112789	112789	　花垣生貯蔵酒（本醸造）３００ｍｌ	3	0	3	0	3	NO_PICKABLE_LOT	HAS_DEFAULT_LOCATION	ZZ-1-100	Z-0-0	3	14
13002	4	221312	221312	　越前水産さばのへしこ４５０ｇ	4	0	4	1	3	LOT_QTY_SHORT	HAS_DEFAULT_LOCATION	ZZ-1-100	Z-0-0	3	14
42750	8	116036	116036	　清酒正宗純米酒パック２Ｌ	9	0	9	6	3	LOT_QTY_SHORT	HAS_DEFAULT_LOCATION	ZZ-1-100	Z-0-0	3	5
52267	8	131384	131384	　サントリー響　ブレンダーズチョイス　ミニセレクション　１００ｍｌ	3	0	3	0	3	NO_PICKABLE_LOT	NO_DEFAULT_LOCATION		Z-0-0	3	5
52270	8	132941	132941	　マッカラン　ダブルカスク　１２年　ミニセレクション　１００ｍｌ	3	0	3	0	3	NO_PICKABLE_LOT	NO_DEFAULT_LOCATION		Z-0-0	3	5
52273	8	135005	135005	　マッカラン　１８年　ミニセレクション　１００ｍｌ	3	0	3	0	3	NO_PICKABLE_LOT	NO_DEFAULT_LOCATION		Z-0-0	3	5
52077	8	142677	142677	　ＯＵＲ　ＢＲＥＷＩＮＧ　ホッピー・アワー３６５ｍｌ缶	3	0	3	0	3	NO_PICKABLE_LOT	HAS_DEFAULT_LOCATION	ZZ-1-100	Z-0-0	3	5
52076	8	142691	142691	　ＯＵＲ　ＢＲＥＷＩＮＧ　ディノ・キング３６５ｍｌ缶	3	0	3	0	3	NO_PICKABLE_LOT	NO_DEFAULT_LOCATION		Z-0-0	3	5
36062	8	450034	450034	　ＬＩＮＥ１００円クーポン	9	0	9	6	3	LOT_QTY_SHORT	HAS_DEFAULT_LOCATION	ZZ-1-100	Z-0-0	3	5
46771	9	114018	114018	◎白鶴まる　パック２Ｌ	60	0	60	57	3	LOT_QTY_SHORT	HAS_DEFAULT_LOCATION	ZZ-1-100	Z-0-0	3	13
24253	9	122280	122280	○２０°いいちこ（麦）パック１．８Ｌ	17	0	17	14	3	LOT_QTY_SHORT	HAS_DEFAULT_LOCATION	ZZ-1-100	Z-0-0	3	13
30061	9	123874	123874	　２５°本格芋焼酎　さつま響ペット５Ｌ（芋）	4	0	4	1	3	LOT_QTY_SHORT	HAS_DEFAULT_LOCATION	ZZ-1-100	Z-0-0	3	13
52236	9	132026	132026	　トマーティン　レガシー　７００ｍｌ	3	0	3	0	3	NO_PICKABLE_LOT	NO_DEFAULT_LOCATION		Z-0-0	3	13
52125	11	155487	155487	　モエ＆ＣＨ　アイスアンペリアル７５０ｍｌ	3	0	3	0	3	NO_PICKABLE_LOT	NO_DEFAULT_LOCATION		Z-0-0	3	6
38338	11	211645	211645	　神戸居留地　ソーダ１９０ｍｌ	159	0	159	156	3	LOT_QTY_SHORT	HAS_DEFAULT_LOCATION	ZZ-1-100	Z-0-0	3	6
33262	21	287202	287202	　リンクリソース　薫製　皮付きカシュー塩味４１０ｇ	5	0	5	2	3	LOT_QTY_SHORT	HAS_DEFAULT_LOCATION	ZZ-1-100	Z-0-0	3	4
51757	22	112272	112272	　黒龍　大吟醸　龍７２０ｍｌ	3	0	3	0	3	NO_PICKABLE_LOT	NO_DEFAULT_LOCATION		Z-0-0	3	3
21398	22	116019	116019	　旬三昧　旨口の酒パック３Ｌ	9	0	9	6	3	LOT_QTY_SHORT	HAS_DEFAULT_LOCATION	ZZ-1-100	Z-0-0	3	3
51696	22	118504	118504	　神蔵　ＫＡＧＵＲＡ　純米無濾過生原酒　ルリ７２０ｍｌ	3	0	3	0	3	NO_PICKABLE_LOT	NO_DEFAULT_LOCATION		Z-0-0	3	3
33472	22	171534	171534	　神蔵「蜜號」　かぼす山椒　日本酒仕込み７２０ｍｌ	4	0	4	1	3	LOT_QTY_SHORT	HAS_DEFAULT_LOCATION	ZZ-1-100	Z-0-0	3	3
48101	71	142368	142368	　キリン　一番搾り　糖質ゼロ３５０ｍｌ	198	0	198	195	3	LOT_QTY_SHORT	HAS_DEFAULT_LOCATION	ZZ-1-100	Z-0-0	3	7
48129	71	145017	145017	　キリン　淡麗プラチナダブル３５０ｍｌ	70	0	70	67	3	LOT_QTY_SHORT	HAS_DEFAULT_LOCATION	ZZ-1-100	Z-0-0	3	7
21591	71	159093	159093	　カンタラス　カベルネソーヴィニヨン　７５０ｍｌ	71	0	71	68	3	LOT_QTY_SHORT	HAS_DEFAULT_LOCATION	ZZ-1-100	Z-0-0	3	7
37382	91	112471	112471	　畠山酒造雪きらら　純米酒７２０ｍｌ	3	0	3	0	3	NO_PICKABLE_LOT	HAS_DEFAULT_LOCATION	ZZ-1	Z-0-0	3	10
38896	91	112558	112558	　一乃谷上撰カップ１８０ｍｌ	3	0	3	0	3	NO_PICKABLE_LOT	HAS_DEFAULT_LOCATION	ZZ-1	Z-0-0	3	10
44238	91	119123	119123	　梵艶　純米大吟醸１．８Ｌ	3	0	3	0	3	NO_PICKABLE_LOT	HAS_DEFAULT_LOCATION	ZZ-1	Z-0-0	3	10
23612	91	123013	123013	×２５°黒丸１．８Ｌ（芋）	3	0	3	0	3	NO_PICKABLE_LOT	HAS_DEFAULT_LOCATION	ZZ-1	Z-0-0	3	10
27446	91	131196	131196	　サントリー　角瓶　７００ｍｌ	49	22	27	24	3	LOT_QTY_SHORT	HAS_DEFAULT_LOCATION	B-04-205	Z-0-0	3	10
42465	91	151054	151054	　白山ワイン　山麓　７５０ｍｌ	3	0	3	0	3	NO_PICKABLE_LOT	HAS_DEFAULT_LOCATION	ZZ-1	Z-0-0	3	10
42478	91	151152	151152	　機山　スパークリング　トラディッショナル　７５０ｍｌ	3	0	3	0	3	NO_PICKABLE_LOT	HAS_DEFAULT_LOCATION	ZZ-1	Z-0-0	3	10
44278	91	152070	152070	　フォッシ　ロッソ　７５０ｍｌ	3	0	3	0	3	NO_PICKABLE_LOT	HAS_DEFAULT_LOCATION	ZZ-1	Z-0-0	3	10
44286	91	152145	152145	　ＬＬ　シモネ　フェブル　シャブリ７５０ｍｌ	3	0	3	0	3	NO_PICKABLE_LOT	NO_DEFAULT_LOCATION		Z-0-0	3	10
46147	91	152714	152714	　ＬＬ　ジュヴレ　シャンベルタン　７５０ｍｌ	3	0	3	0	3	NO_PICKABLE_LOT	HAS_DEFAULT_LOCATION	ZZ-1	Z-0-0	3	10
50400	91	153561	153561	　イエローテイル　メルロ　７５０ｍｌ	3	0	3	0	3	NO_PICKABLE_LOT	HAS_DEFAULT_LOCATION	ZZ-1	Z-0-0	3	10
21715	91	154611	154611	　ブシャール　ペール　エ　フィス　シャンベルタン　クロ　ド　ベーズ　７５０ｍｌ	3	0	3	0	3	NO_PICKABLE_LOT	HAS_DEFAULT_LOCATION	ZZ-1	Z-0-0	3	10
23680	91	155142	155142	　ペリエジュエ　ベルエポック　ブランドブラン　７５０ｍｌ	3	0	3	0	3	NO_PICKABLE_LOT	HAS_DEFAULT_LOCATION	ZZ-1	Z-0-0	3	10
23692	91	155187	155187	　エンジェルシャンパン　ブリュットロゼ　ホワイト　	3	0	3	0	3	NO_PICKABLE_LOT	HAS_DEFAULT_LOCATION	ZZ-1	Z-0-0	3	10
23709	91	155254	155254	　ローランペリエ　グランシエクル　７５０ｍｌ	3	0	3	0	3	NO_PICKABLE_LOT	HAS_DEFAULT_LOCATION	ZZ-1	Z-0-0	3	10
25602	91	155400	155400	　ロータリ　タレン　ブリュット　ロゼ　７５０ｍｌ	3	0	3	0	3	NO_PICKABLE_LOT	NO_DEFAULT_LOCATION		Z-0-0	3	10
25617	91	155473	155473	　レミーパニエ　ブーケドール　ロゼ　７５０ｍｌ	3	0	3	0	3	NO_PICKABLE_LOT	HAS_DEFAULT_LOCATION	ZZ-1	Z-0-0	3	10
25619	91	155492	155492	　パルムドール　ロゼ　インテンス　７５０ｍｌ	3	0	3	0	3	NO_PICKABLE_LOT	HAS_DEFAULT_LOCATION	ZZ-1	Z-0-0	3	10
25621	91	155503	155503	　ニコラフィアット　エクスクルーシブ　ブリュット　３７５ｍｌ	3	0	3	0	3	NO_PICKABLE_LOT	HAS_DEFAULT_LOCATION	ZZ-1	Z-0-0	3	10
27469	91	155764	155764	　ボランジェ　ＰＮＶＺ　７５０ｍｌ	3	0	3	0	3	NO_PICKABLE_LOT	HAS_DEFAULT_LOCATION	ZZ-1	Z-0-0	3	10
31603	91	156826	156826	　ラ　フォルジュ　カベルネソーヴィニヨン　７５０ｍｌ	11	0	11	8	3	LOT_QTY_SHORT	HAS_DEFAULT_LOCATION	I-07-304	Z-0-0	3	10
33658	91	157326	157326	　ムーチョマス　赤　７５０ｍｌ	3	0	3	0	3	NO_PICKABLE_LOT	HAS_DEFAULT_LOCATION	ZZ-1	Z-0-0	3	10
38975	91	158987	158987	×ＪＪドミニク　テロワールセレクション　ピノノワール　７５０ｍｌ	3	0	3	0	3	NO_PICKABLE_LOT	HAS_DEFAULT_LOCATION	ZZ-1	Z-0-0	3	10
40607	91	161005	161005	　サントリー　ウオッカ８０プルーフ　７２０ｍｌ	3	0	3	0	3	NO_PICKABLE_LOT	HAS_DEFAULT_LOCATION	ZZ-1	Z-0-0	3	10
44334	91	171578	171578	　一本義　吟香梅　般若刀　７２０ｍｌ	3	0	3	0	3	NO_PICKABLE_LOT	HAS_DEFAULT_LOCATION	ZZ-1	Z-0-0	3	10
46186	91	171938	171938	　山元　にごり梅酒　梅太夫１．８Ｌ	3	0	3	0	3	NO_PICKABLE_LOT	NO_DEFAULT_LOCATION		Z-0-0	3	10
40702	91	231291	231291	　ミツカン　パッチョ　トマト＆ガーリック１Ｌ	3	0	3	0	3	NO_PICKABLE_LOT	HAS_DEFAULT_LOCATION	ZZ-1	Z-0-0	3	10
40709	91	231310	231310	　キッコーマン　こいくち　天パット缶１８Ｌ	3	0	3	0	3	NO_PICKABLE_LOT	HAS_DEFAULT_LOCATION	ZZ-1	Z-0-0	3	10
40723	91	231607	231607	　ハウス　カレーホット　２．７ｇ×１００	3	0	3	0	3	NO_PICKABLE_LOT	HAS_DEFAULT_LOCATION	ZZ-1	Z-0-0	3	10
42567	91	243205	243205	　岩泉ファーム　牛乳アイスモナカ９５ｍｌ	3	0	3	0	3	NO_PICKABLE_LOT	HAS_DEFAULT_LOCATION	ZZ-1	Z-0-0	3	10
42575	91	245067	245067	　ギアアンチョビペースト６０ｇ	3	0	3	0	3	NO_PICKABLE_LOT	NO_DEFAULT_LOCATION		Z-0-0	3	10
21806	91	410109	410109	　クタール　ソムリエナイフ　１個	3	0	3	0	3	NO_PICKABLE_LOT	HAS_DEFAULT_LOCATION	ZZ-1	Z-0-0	3	10
17462	1	122049	122049	○２５°いいちこ（麦）瓶１．８Ｌ	18	0	18	16	2	LOT_QTY_SHORT	HAS_DEFAULT_LOCATION	ZZ-1-100	Z-0-0	3	2
52226	1	122771	122771	　２５°猪鹿花蝶１．８Ｌ（化粧箱入）	2	0	2	0	2	NO_PICKABLE_LOT	NO_DEFAULT_LOCATION		Z-0-0	3	2
17786	1	141033	141033	　越前福井浪漫麦酒　ピルスナー　３３０ｍｌ	3	0	3	1	2	LOT_QTY_SHORT	HAS_DEFAULT_LOCATION	ZZ-1-100	Z-0-0	3	2
6958	2	123434	123434	　２５°限定　紫の赤兎馬１．８Ｌ（芋）	5	0	5	3	2	LOT_QTY_SHORT	HAS_DEFAULT_LOCATION	ZZ-1-100	Z-0-0	3	8
8891	2	450034	450034	　ＬＩＮＥ１００円クーポン	19	0	19	17	2	LOT_QTY_SHORT	HAS_DEFAULT_LOCATION	ZZ-1-100	Z-0-0	3	8
51616	3	122098	122098	　２５°鳥飼（米）７２０ｍｌ	3	0	3	1	2	LOT_QTY_SHORT	HAS_DEFAULT_LOCATION	ZZ-1-100	Z-0-0	3	17
6656	3	246647	246647	　大阪ふくちぁん　餃子　３６個８２８ｇ	3	0	3	1	2	LOT_QTY_SHORT	HAS_DEFAULT_LOCATION	ZZ-1-100	Z-0-0	3	17
42747	8	116019	116019	　旬三昧　旨口の酒パック３Ｌ	4	0	4	2	2	LOT_QTY_SHORT	HAS_DEFAULT_LOCATION	ZZ-1-100	Z-0-0	3	5
33952	8	132767	132767	　ウッドフォードリザーヴ　ミニセレクション　１００ｍｌ	7	0	7	5	2	LOT_QTY_SHORT	HAS_DEFAULT_LOCATION	ZZ-1-100	Z-0-0	3	5
52238	9	123939	123939	　２５°樽熟成つるつるいっぱい７２０ｍｌ（麦）	2	0	2	0	2	NO_PICKABLE_LOT	HAS_DEFAULT_LOCATION	ZZ-1-100	Z-0-0	3	13
52237	9	132506	132506	　グレンスタッグ　７００ｍｌ	2	0	2	0	2	NO_PICKABLE_LOT	NO_DEFAULT_LOCATION		Z-0-0	3	13
52235	9	132589	132589	　アードベッグ　ウィービースティ　５年　７００ｍｌ	2	0	2	0	2	NO_PICKABLE_LOT	NO_DEFAULT_LOCATION		Z-0-0	3	13
32329	10	112272	112272	　黒龍　大吟醸　龍７２０ｍｌ	3	0	3	1	2	LOT_QTY_SHORT	HAS_DEFAULT_LOCATION	ZZ-1-100	Z-0-0	3	15
34416	10	112506	112506	　黒龍　九頭龍　逸品１．８Ｌ	30	0	30	28	2	LOT_QTY_SHORT	HAS_DEFAULT_LOCATION	ZZ-1-100	Z-0-0	3	15
26608	11	114127	114127	　松竹梅天（てん）パック３Ｌ	13	0	13	11	2	LOT_QTY_SHORT	HAS_DEFAULT_LOCATION	ZZ-1-100	Z-0-0	3	6
41754	11	123874	123874	　２５°本格芋焼酎　さつま響ペット５Ｌ（芋）	4	0	4	2	2	LOT_QTY_SHORT	HAS_DEFAULT_LOCATION	ZZ-1-100	Z-0-0	3	6
52124	11	155514	155514	　　ドンペリニョン　ロゼ　ギフトボックス　７５０ｍｌ	2	0	2	0	2	NO_PICKABLE_LOT	NO_DEFAULT_LOCATION		Z-0-0	3	6
52122	11	158372	158372	　コノスル　カベルネソービニヨン　３７５ｍｌ	2	0	2	0	2	NO_PICKABLE_LOT	NO_DEFAULT_LOCATION		Z-0-0	3	6
43627	11	215435	215435	　エクシードＮＥＯ　烏龍茶２Ｌ	24	0	24	22	2	LOT_QTY_SHORT	HAS_DEFAULT_LOCATION	ZZ-1-100	Z-0-0	3	6
43628	11	215436	215436	　エクシードＮＥＯ　緑茶２Ｌ	33	0	33	31	2	LOT_QTY_SHORT	HAS_DEFAULT_LOCATION	ZZ-1-100	Z-0-0	3	6
42045	11	411006	411006	　ドラフターズ専用　ミニガス１２ｇ	14	0	14	12	2	LOT_QTY_SHORT	HAS_DEFAULT_LOCATION	ZZ-1-100	Z-0-0	3	6
35026	21	123247	123247	　２５°なごみ香１．８Ｌ（麦）	7	0	7	5	2	LOT_QTY_SHORT	HAS_DEFAULT_LOCATION	ZZ-1-100	Z-0-0	3	4
51697	22	113062	113062	　八海山特別本醸造１．８Ｌ	2	0	2	0	2	NO_PICKABLE_LOT	HAS_DEFAULT_LOCATION	ZZ-1-100	Z-0-0	3	3
33495	22	246754	246754	　大阪ふくちぁん　スタミナ餃子　３６個６４８ｇ	5	0	5	3	2	LOT_QTY_SHORT	HAS_DEFAULT_LOCATION	ZZ-1-100	Z-0-0	3	3
51673	71	143007	143007	◎キリン麒麟淡麗＜生＞５００ｍｌ	2	0	2	0	2	NO_PICKABLE_LOT	NO_DEFAULT_LOCATION		Z-0-0	3	7
48128	71	145014	145014	　サッポロ　極ＺＥＲＯ３５０ｍｌ	110	0	110	108	2	LOT_QTY_SHORT	HAS_DEFAULT_LOCATION	ZZ-1-100	Z-0-0	3	7
50292	71	155205	155205	　サンテロ　天使のアスティ　７５０ｍｌ	3	0	3	1	2	LOT_QTY_SHORT	HAS_DEFAULT_LOCATION	ZZ-1-100	Z-0-0	3	7
50293	71	155241	155241	　サンテロ　天使のロッソ　７５０ｍｌ	3	0	3	1	2	LOT_QTY_SHORT	HAS_DEFAULT_LOCATION	ZZ-1-100	Z-0-0	3	7
23583	71	221443	221443	　明宝　パセリソーセージ２６０ｇ	7	0	7	5	2	LOT_QTY_SHORT	HAS_DEFAULT_LOCATION	ZZ-1-100	Z-0-0	3	7
37334	91	112186	112186	　北の庄純米酒「長命酔」７２０ｍｌ	2	0	2	0	2	NO_PICKABLE_LOT	HAS_DEFAULT_LOCATION	ZZ-1	Z-0-0	3	10
38908	91	112624	112624	　華燭越前国府　純米酒７２０ｍｌ	2	0	2	0	2	NO_PICKABLE_LOT	HAS_DEFAULT_LOCATION	ZZ-1	Z-0-0	3	10
40543	91	112957	112957	　一本義　辛口純米酒７２０ｍｌ	70	35	35	33	2	LOT_QTY_SHORT	HAS_DEFAULT_LOCATION	B-04-203	Z-0-0	3	10
42390	91	113588	113588	　手取川　本流１．８Ｌ　※石川県内限定	2	0	2	0	2	NO_PICKABLE_LOT	NO_DEFAULT_LOCATION		Z-0-0	3	10
44205	91	118412	118412	　神泉　純米大吟醸１．８Ｌ（箱無し）	2	0	2	0	2	NO_PICKABLE_LOT	NO_DEFAULT_LOCATION		Z-0-0	3	10
46038	91	119417	119417	　月暈　純米吟醸７２０ｍｌ	2	0	2	0	2	NO_PICKABLE_LOT	HAS_DEFAULT_LOCATION	ZZ-1	Z-0-0	3	10
51572	91	119518	119518	　舞美人　純米吟醸　こしのひかり　無濾過生原酒５００ｍｌ	4	0	4	2	2	LOT_QTY_SHORT	NO_DEFAULT_LOCATION		Z-0-0	3	10
46052	91	119529	119529	　福千歳　ＦＵＫＵＩ　純米７２０ｍｌ	2	0	2	0	2	NO_PICKABLE_LOT	HAS_DEFAULT_LOCATION	ZZ-1	Z-0-0	3	10
46057	91	119576	119576	　花垣　純米大吟醸３００ｍｌ	2	0	2	0	2	NO_PICKABLE_LOT	NO_DEFAULT_LOCATION		Z-0-0	3	10
46085	91	119735	119735	　越の鷹　辛口純米吟醸３００ｍｌ	2	0	2	0	2	NO_PICKABLE_LOT	HAS_DEFAULT_LOCATION	ZZ-1	Z-0-0	3	10
48203	91	122018	122018	　２５°黒霧島（芋）７２０ｍｌ	40	0	40	38	2	LOT_QTY_SHORT	HAS_DEFAULT_LOCATION	L-09-204	Z-0-0	3	10
21644	91	122740	122740	　２５°いいちこ　深薫７２０ｍｌ（麦）	12	0	12	10	2	LOT_QTY_SHORT	HAS_DEFAULT_LOCATION	H-06-210	Z-0-0	3	10
29504	91	131508	131508	　マツイウイスキー　大山ミズナラカスク　７００ｍｌ	2	0	2	0	2	NO_PICKABLE_LOT	HAS_DEFAULT_LOCATION	YX-0-000	Z-0-0	3	10
33598	91	134001	134001	　カミュＶＳＯＰエレガンス７００ｍｌ	2	0	2	0	2	NO_PICKABLE_LOT	HAS_DEFAULT_LOCATION	ZZ-1	Z-0-0	3	10
42491	91	151307	151307	　アルプス　酸化防止剤無添加信州コンコード　７２０ｍｌ	2	0	2	0	2	NO_PICKABLE_LOT	HAS_DEFAULT_LOCATION	ZZ-1	Z-0-0	3	10
44268	91	151659	151659	　ココファーム　農民ドライ　７５０ｍｌ	2	0	2	0	2	NO_PICKABLE_LOT	HAS_DEFAULT_LOCATION	ZZ-1	Z-0-0	3	10
48241	91	152836	152836	　アリウェン　レセルヴァ　カベルネソービニヨン　７５０ｍｌ	2	0	2	0	2	NO_PICKABLE_LOT	NO_DEFAULT_LOCATION		Z-0-0	3	10
48250	91	152914	152914	×ボッラ　ヴァルポリチェッラクラシコ　７５０ｍｌ	2	0	2	0	2	NO_PICKABLE_LOT	HAS_DEFAULT_LOCATION	ZZ-1	Z-0-0	3	10
48251	91	152918	152918	　シャルドネ　アンデスコレクション　７５０ｍｌ	2	0	2	0	2	NO_PICKABLE_LOT	HAS_DEFAULT_LOCATION	ZZ-1	Z-0-0	3	10
50408	91	153656	153656	　レゾルムドカンブラス　カベルネ　７５０ｍｌ	2	0	2	0	2	NO_PICKABLE_LOT	HAS_DEFAULT_LOCATION	ZZ-1	Z-0-0	3	10
21668	91	153893	153893	　アリウェン　レセルヴァ　ピノノワール　７５０ｍｌ	2	0	2	0	2	NO_PICKABLE_LOT	NO_DEFAULT_LOCATION		Z-0-0	3	10
21669	91	153894	153894	　アリウェン　レセルヴァ　シャルドネ　７５０ｍｌ	2	0	2	0	2	NO_PICKABLE_LOT	NO_DEFAULT_LOCATION		Z-0-0	3	10
21675	91	154009	154009	　チンザノ　ロッソ　７５０ｍｌ	2	0	2	0	2	NO_PICKABLE_LOT	HAS_DEFAULT_LOCATION	ZZ-1	Z-0-0	3	10
21724	91	155005	155005	　ロジャーグラート　カヴァ　グランキュヴェ　７５０ｍｌ	2	0	2	0	2	NO_PICKABLE_LOT	NO_DEFAULT_LOCATION		Z-0-0	3	10
25595	91	155359	155359	　パルムドール　ゴールドＥＤ　７５０ｍｌ	2	0	2	0	2	NO_PICKABLE_LOT	HAS_DEFAULT_LOCATION	ZZ-1	Z-0-0	3	10
25644	91	155694	155694	　アンジュエール　ブリュット　７５０ｍｌ	2	0	2	0	2	NO_PICKABLE_LOT	HAS_DEFAULT_LOCATION	ZZ-1	Z-0-0	3	10
27468	91	155743	155743	　ヴーヴ　デュ　ヴェルネ　ロゼ７５０ｍｌ	2	0	2	0	2	NO_PICKABLE_LOT	NO_DEFAULT_LOCATION		Z-0-0	3	10
27471	91	155786	155786	　ニコラフィアット　グラフィックアイス　ロゼ　７５０ｍｌ	2	0	2	0	2	NO_PICKABLE_LOT	HAS_DEFAULT_LOCATION	ZZ-1	Z-0-0	3	10
27484	91	155965	155965	　エンジェルシャンパン　ブリュットブラック　７５０ｍｌ	2	0	2	0	2	NO_PICKABLE_LOT	HAS_DEFAULT_LOCATION	ZZ-1	Z-0-0	3	10
29552	91	156478	156478	×タクン　レゼルヴァ　シャルドネ　７５０ｍｌ	2	0	2	0	2	NO_PICKABLE_LOT	HAS_DEFAULT_LOCATION	ZZ-1	Z-0-0	3	10
31628	91	157160	157160	　ブシャールＰ＆Ｆ　コルトンシャルルマーニュ　’２１　７５０ｍｌ	2	0	2	0	2	NO_PICKABLE_LOT	HAS_DEFAULT_LOCATION	ZZ-1	Z-0-0	3	10
38999	91	161001	161001	　サントリーウォッカ　８０プルーフ　１．８Ｌ	2	0	2	0	2	NO_PICKABLE_LOT	HAS_DEFAULT_LOCATION	ZZ-1	Z-0-0	3	10
44337	91	171606	171606	　アサヒ　ジノン　グレープフルーツ　コンク１．８Ｌ　ペット	2	0	2	0	2	NO_PICKABLE_LOT	HAS_DEFAULT_LOCATION	ZZ-1	Z-0-0	3	10
51741	91	171937	171937	　サッポロ　男梅サワーの素５００ｍｌ	2	0	2	0	2	NO_PICKABLE_LOT	HAS_DEFAULT_LOCATION	ZZ-1	Z-0-0	3	10
46229	91	172119	172119	×サッポロ　リモンチェッロ　７２０ｍｌ	2	0	2	0	2	NO_PICKABLE_LOT	HAS_DEFAULT_LOCATION	ZZ-1	Z-0-0	3	10
46231	91	172125	172125	　サントリー　ソウルマッコリ　ペット　１Ｌ	20	0	20	18	2	LOT_QTY_SHORT	HAS_DEFAULT_LOCATION	F-10-202	Z-0-0	3	10
48330	91	173012	173012	　富貴　本みりん１．８Ｌ瓶	2	0	2	0	2	NO_PICKABLE_LOT	HAS_DEFAULT_LOCATION	ZZ-1	Z-0-0	3	10
21740	91	184421	184421	　チョーヤ　さらりとした梅酒　パック１Ｌ	2	0	2	0	2	NO_PICKABLE_LOT	HAS_DEFAULT_LOCATION	ZZ-1	Z-0-0	3	10
27515	91	210583	210583	　コスモライフ　天然水コスモウォーター１２Ｌ	57	0	57	55	2	LOT_QTY_SHORT	HAS_DEFAULT_LOCATION	J-01-001	Z-0-0	3	10
46258	91	261193	261193	　ジェラールセレクション　クリーミーウォッシュ１２５ｇ	2	0	2	0	2	NO_PICKABLE_LOT	HAS_DEFAULT_LOCATION	AY-0-000	Z-0-0	3	10
48355	91	261197	261197	　ジェラールセレクション　カマンベール１２５ｇ	2	0	2	0	2	NO_PICKABLE_LOT	HAS_DEFAULT_LOCATION	AY-0-000	Z-0-0	3	10
50493	91	286796	286796	　ブラジル産　鶏もも肉　２００ｇＵＰ２Ｋｇ	179	0	179	177	2	LOT_QTY_SHORT	HAS_DEFAULT_LOCATION	YA-0-200	Z-0-0	3	10
21803	91	410049	410049	　箱入りポリ絞り袋　５５ｃｍ　青色	2	0	2	0	2	NO_PICKABLE_LOT	HAS_DEFAULT_LOCATION	ZZ-1	Z-0-0	3	10
21804	91	410066	410066	　福重　ＣＦ－６０　無地７０巾　ケーキフィル	2	0	2	0	2	NO_PICKABLE_LOT	HAS_DEFAULT_LOCATION	ZZ-1	Z-0-0	3	10
21805	91	410102	410102	　バキュフレッシュ　替え栓　２個入　１個	2	0	2	0	2	NO_PICKABLE_LOT	HAS_DEFAULT_LOCATION	ZZ-1	Z-0-0	3	10
31704	91	632659	632659	×永谷園お茶漬海苔　業務用５０袋	2	0	2	0	2	NO_PICKABLE_LOT	HAS_DEFAULT_LOCATION	ZZ-1	Z-0-0	3	10
44426	98	143277	143277	　キリン　一番搾り　生樽１５Ｌ	25	7	18	16	2	LOT_QTY_SHORT	HAS_DEFAULT_LOCATION	ZZ-1-100	Z-0-0	3	9
17565	1	122775	122775	　２５°焼きいも焼酎　鬼火９００ｍｌ	3	0	3	2	1	LOT_QTY_SHORT	HAS_DEFAULT_LOCATION	ZZ-1-100	Z-0-0	3	2
52231	1	132023	132023	　オールドパー　１８年　７５０ｍｌ	1	0	1	0	1	NO_PICKABLE_LOT	NO_DEFAULT_LOCATION		Z-0-0	3	2
18038	1	132033	132033	　アードベッグ　ウーガダール　７００ｍｌ	2	0	2	1	1	LOT_QTY_SHORT	HAS_DEFAULT_LOCATION	ZZ-1-100	Z-0-0	3	2
52224	1	134092	134092	◎ヘネシーＶＳＯＰ　７００ｍｌ	1	0	1	0	1	NO_PICKABLE_LOT	NO_DEFAULT_LOCATION		Z-0-0	3	2
52228	1	134211	134211	　マーテルＶＳ　７００ｍｌ	1	0	1	0	1	NO_PICKABLE_LOT	NO_DEFAULT_LOCATION		Z-0-0	3	2
17773	1	135165	135165	　グレンモーレンジ　ネクター　１６年　７００ｍｌ	2	0	2	1	1	LOT_QTY_SHORT	HAS_DEFAULT_LOCATION	ZZ-1-100	Z-0-0	3	2
17800	1	141264	141264	　越の磯　いちほまれエール３３０ｍｌ	6	0	6	5	1	LOT_QTY_SHORT	HAS_DEFAULT_LOCATION	ZZ-1-100	Z-0-0	3	2
16670	1	143141	143141	　アサヒ　スーパードライ　生樽１０Ｌ	5	0	5	4	1	LOT_QTY_SHORT	HAS_DEFAULT_LOCATION	ZZ-1-100	Z-0-0	3	2
20087	1	156327	156327	　クラレンドル　ブラン　シャトー　オーブリオン　７５０ｍｌ	3	0	3	2	1	LOT_QTY_SHORT	HAS_DEFAULT_LOCATION	ZZ-1-100	Z-0-0	3	2
19916	1	221507	221507	　早崎商店　鯖のへしこ　お刺身用	3	0	3	2	1	LOT_QTY_SHORT	HAS_DEFAULT_LOCATION	ZZ-1-100	Z-0-0	3	2
11951	3	112037	112037	　関西　佳撰１．８Ｌ	5	0	5	4	1	LOT_QTY_SHORT	HAS_DEFAULT_LOCATION	ZZ-1-100	Z-0-0	3	17
51615	3	112130	112130	　花垣特撰　大吟醸７２０ｍｌ	2	0	2	1	1	LOT_QTY_SHORT	HAS_DEFAULT_LOCATION	ZZ-1-100	Z-0-0	3	17
2386	3	113827	113827	　北鹿　華匠　生もと仕込１．８Ｌ	12	0	12	11	1	LOT_QTY_SHORT	HAS_DEFAULT_LOCATION	ZZ-1-100	Z-0-0	3	17
3282	3	114127	114127	　松竹梅天（てん）パック３Ｌ	14	0	14	13	1	LOT_QTY_SHORT	HAS_DEFAULT_LOCATION	ZZ-1-100	Z-0-0	3	17
52081	3	171193	171193	　アサヒ　樽ハイ倶楽部　プレーン　１０Ｌ	1	0	1	0	1	NO_PICKABLE_LOT	HAS_DEFAULT_LOCATION	ZZ-1-100	Z-0-0	3	17
6668	3	246754	246754	　大阪ふくちぁん　スタミナ餃子　３６個６４８ｇ	3	0	3	2	1	LOT_QTY_SHORT	HAS_DEFAULT_LOCATION	ZZ-1-100	Z-0-0	3	17
1894	4	121079	121079	○２５°いいちこ（麦）スーパー７２０ｍｌ	7	0	7	6	1	LOT_QTY_SHORT	HAS_DEFAULT_LOCATION	ZZ-1-100	Z-0-0	3	14
5254	4	123115	123115	　２５°魔界への誘い（芋）１．８Ｌ	4	0	4	3	1	LOT_QTY_SHORT	HAS_DEFAULT_LOCATION	ZZ-1-100	Z-0-0	3	14
5255	4	123116	123116	　２５°魔界への誘い（芋）７２０ｍｌ	3	0	3	2	1	LOT_QTY_SHORT	HAS_DEFAULT_LOCATION	ZZ-1-100	Z-0-0	3	14
6830	4	158372	158372	　コノスル　カベルネソービニヨン　３７５ｍｌ	2	0	2	1	1	LOT_QTY_SHORT	HAS_DEFAULT_LOCATION	ZZ-1-100	Z-0-0	3	14
8518	4	171174	171174	　アサヒ　ブラックニッカクリアブレンドハイボール樽詰１０Ｌ	4	0	4	3	1	LOT_QTY_SHORT	HAS_DEFAULT_LOCATION	ZZ-1-100	Z-0-0	3	14
14114	4	450034	450034	　ＬＩＮＥ１００円クーポン	6	0	6	5	1	LOT_QTY_SHORT	HAS_DEFAULT_LOCATION	ZZ-1-100	Z-0-0	3	14
23994	8	123249	123249	　２５°薩摩魂１．８Ｌ（芋）	3	0	3	2	1	LOT_QTY_SHORT	HAS_DEFAULT_LOCATION	ZZ-1-100	Z-0-0	3	5
24004	8	123280	123280	　２５°赤兎馬７２０ｍｌ（芋）	3	0	3	2	1	LOT_QTY_SHORT	HAS_DEFAULT_LOCATION	ZZ-1-100	Z-0-0	3	5
22037	8	152665	152665	　アムペーロ　カベルネソービニヨン　３Ｌ	9	0	9	8	1	LOT_QTY_SHORT	HAS_DEFAULT_LOCATION	ZZ-1-100	Z-0-0	3	5
39303	8	221507	221507	　早崎商店　鯖のへしこ　お刺身用	4	0	4	3	1	LOT_QTY_SHORT	HAS_DEFAULT_LOCATION	ZZ-1-100	Z-0-0	3	5
36063	8	450035	450035	　ＬＩＮＥ割引クーポン	54	0	54	53	1	LOT_QTY_SHORT	HAS_DEFAULT_LOCATION	ZZ-1-100	Z-0-0	3	5
28013	9	123307	123307	　２５°黒壱　紫芋造り１．８Ｌ（芋）	2	0	2	1	1	LOT_QTY_SHORT	HAS_DEFAULT_LOCATION	ZZ-1-100	Z-0-0	3	13
30083	9	131047	131047	　ウィスキー　耀（かがやき）４Ｌ	2	0	2	1	1	LOT_QTY_SHORT	HAS_DEFAULT_LOCATION	ZZ-1-100	Z-0-0	3	13
52240	9	132023	132023	　オールドパー　１８年　７５０ｍｌ	1	0	1	0	1	NO_PICKABLE_LOT	NO_DEFAULT_LOCATION		Z-0-0	3	13
39454	9	143141	143141	　アサヒ　スーパードライ　生樽１０Ｌ	11	0	11	10	1	LOT_QTY_SHORT	HAS_DEFAULT_LOCATION	ZZ-1-100	Z-0-0	3	13
24336	9	157336	157336	　コノスル　カベルネソーヴィニヨン　２０バレル　７５０ｍｌ	2	0	2	1	1	LOT_QTY_SHORT	HAS_DEFAULT_LOCATION	ZZ-1-100	Z-0-0	3	13
20807	11	112838	112838	　花垣純米　超辛口７２０ｍｌ	4	0	4	3	1	LOT_QTY_SHORT	HAS_DEFAULT_LOCATION	ZZ-1-100	Z-0-0	3	6
34765	11	122390	122390	　２５°黒麹仕込み　黒力４Ｌ（芋）	2	0	2	1	1	LOT_QTY_SHORT	HAS_DEFAULT_LOCATION	ZZ-1-100	Z-0-0	3	6
39776	11	123138	123138	　２５°限定　喜界島１．８Ｌ（黒糖）	2	0	2	1	1	LOT_QTY_SHORT	HAS_DEFAULT_LOCATION	ZZ-1-100	Z-0-0	3	6
52123	11	155021	155021	　ドンペリニョン　ロゼ　箱無し　７５０ｍｌ	1	0	1	0	1	NO_PICKABLE_LOT	NO_DEFAULT_LOCATION		Z-0-0	3	6
38221	11	155340	155340	　ヴーヴクリコ　イエローラベル　ブリュット　７５０ｍｌ正規	2	0	2	1	1	LOT_QTY_SHORT	HAS_DEFAULT_LOCATION	ZZ-1-100	Z-0-0	3	6
38222	11	155342	155342	　ヴーヴクリコ　ホワイトラベル　ドゥミセック　３７５ｍｌ　正規	2	0	2	1	1	LOT_QTY_SHORT	HAS_DEFAULT_LOCATION	ZZ-1-100	Z-0-0	3	6
38227	11	155362	155362	　ヴーヴクリコ　イエローラベル　ブリュット　３７５ｍｌ　正規	2	0	2	1	1	LOT_QTY_SHORT	HAS_DEFAULT_LOCATION	ZZ-1-100	Z-0-0	3	6
49696	11	171193	171193	　アサヒ　樽ハイ倶楽部　プレーン　１０Ｌ	3	0	3	2	1	LOT_QTY_SHORT	HAS_DEFAULT_LOCATION	ZZ-1-100	Z-0-0	3	6
52126	11	172002	172002	　ゴディバ　ホワイトチョコレートリキュール　７５０ｍｌ	1	0	1	0	1	NO_PICKABLE_LOT	NO_DEFAULT_LOCATION		Z-0-0	3	6
22912	11	181040	181040	○宝　本みりん　カジュアルボトル１．８Ｌ	31	0	31	30	1	LOT_QTY_SHORT	HAS_DEFAULT_LOCATION	ZZ-1-100	Z-0-0	3	6
42071	11	450034	450034	　ＬＩＮＥ１００円クーポン	5	0	5	4	1	LOT_QTY_SHORT	HAS_DEFAULT_LOCATION	ZZ-1-100	Z-0-0	3	6
47570	21	112018	112018	　越前岬　蔵出し本醸造１．８Ｌ	2	0	2	1	1	LOT_QTY_SHORT	HAS_DEFAULT_LOCATION	ZZ-1-100	Z-0-0	3	4
49801	21	112517	112517	　一乃谷大吟醸　暁７２０ｍｌ	2	0	2	1	1	LOT_QTY_SHORT	HAS_DEFAULT_LOCATION	ZZ-1-100	Z-0-0	3	4
51797	21	122567	122567	　２０°限定品　甕雫９００ｍｌ（芋）	1	0	1	0	1	NO_PICKABLE_LOT	HAS_DEFAULT_LOCATION	ZZ-1-100	Z-0-0	3	4
36907	21	131047	131047	　ウィスキー　耀（かがやき）４Ｌ	4	0	4	3	1	LOT_QTY_SHORT	HAS_DEFAULT_LOCATION	ZZ-1-100	Z-0-0	3	4
38473	21	132210	132210	　アードベッグ１０年　７００ｍｌ	3	0	3	2	1	LOT_QTY_SHORT	HAS_DEFAULT_LOCATION	ZZ-1-100	Z-0-0	3	4
45590	21	142330	142330	　アサヒ　スーパードライ　ドライクリスタル３５０ｍｌ	68	0	68	67	1	LOT_QTY_SHORT	HAS_DEFAULT_LOCATION	ZZ-1-100	Z-0-0	3	4
23158	21	152301	152301	　コノスル　ソーヴィニヨンブラン　７５０ｍｌ	2	0	2	1	1	LOT_QTY_SHORT	HAS_DEFAULT_LOCATION	ZZ-1-100	Z-0-0	3	4
33252	21	286852	286852	　ヤマナカ　宮城県産　殻つき牡蠣１Ｋｇ	2	0	2	1	1	LOT_QTY_SHORT	HAS_DEFAULT_LOCATION	ZZ-1-100	Z-0-0	3	4
52046	22	999006	0	部部システム０００	1	0	1	0	1	NO_PICKABLE_LOT	NO_DEFAULT_LOCATION		Z-0-0	3	3
52244	22	210517	210517	　サントリー　ホワイトウォーター　２．５ガロン９．４６Ｌ	1	0	1	0	1	NO_PICKABLE_LOT	HAS_DEFAULT_LOCATION	ZZ-1-100	Z-0-0	3	3
44179	71	112611	112611	　花垣米しずく　純米酒１．８Ｌ	2	0	2	1	1	LOT_QTY_SHORT	HAS_DEFAULT_LOCATION	ZZ-1-100	Z-0-0	3	7
52061	71	122998	122998	　２５°つるつるいっぱい２Ｌ（麦）パック	1	0	1	0	1	NO_PICKABLE_LOT	NO_DEFAULT_LOCATION		Z-0-0	3	7
51801	71	143025	143025	◎アサヒ　スーパードライ５００ｍｌ	1	0	1	0	1	NO_PICKABLE_LOT	NO_DEFAULT_LOCATION		Z-0-0	3	7
48132	71	145060	145060	　アサヒ　スタイルフリー　トリプルゼロ３５０ｍｌ	217	0	217	216	1	LOT_QTY_SHORT	HAS_DEFAULT_LOCATION	ZZ-1-100	Z-0-0	3	7
51770	91	1004018	100014	シャトーゼサール　ブラン　キュヴェプレスティージュ　　	1	0	1	0	1	NO_PICKABLE_LOT	NO_DEFAULT_LOCATION		Z-0-0	3	10
37345	91	112261	112261	　小浜酒造上撰わかさ７２０ｍｌ	1	0	1	0	1	NO_PICKABLE_LOT	HAS_DEFAULT_LOCATION	ZZ-1	Z-0-0	3	10
40525	91	112812	112812	　永平寺白龍　長期氷温熟成　純米大吟醸７２０ｍｌ	1	0	1	0	1	NO_PICKABLE_LOT	HAS_DEFAULT_LOCATION	ZZ-1	Z-0-0	3	10
40550	91	113038	113038	　菊姫山廃純米７２０ｍｌ	1	0	1	0	1	NO_PICKABLE_LOT	NO_DEFAULT_LOCATION		Z-0-0	3	10
40560	91	113137	113137	　大七　純米生もと　生原酒７２０ｍｌ	1	0	1	0	1	NO_PICKABLE_LOT	NO_DEFAULT_LOCATION		Z-0-0	3	10
44206	91	118483	118483	　黒帯特別純米　悠々１．８Ｌ	1	0	1	0	1	NO_PICKABLE_LOT	NO_DEFAULT_LOCATION		Z-0-0	3	10
44217	91	118758	118758	　神泉　大吟醸１．８Ｌ（箱有）	1	0	1	0	1	NO_PICKABLE_LOT	HAS_DEFAULT_LOCATION	ZZ-1	Z-0-0	3	10
44224	91	118920	118920	　名倉山　純米　Ｌａｋｅ×Ｗｈａｌｅ？　夕涼７２０ｍｌ	1	0	1	0	1	NO_PICKABLE_LOT	NO_DEFAULT_LOCATION		Z-0-0	3	10
44232	91	119057	119057	　福千歳純米大吟醸　さかほまれ７２０ｍｌ	1	0	1	0	1	NO_PICKABLE_LOT	HAS_DEFAULT_LOCATION	ZZ-1	Z-0-0	3	10
44233	91	119060	119060	　雪きらら純米大吟醸　さかほまれ７２０ｍｌ	1	0	1	0	1	NO_PICKABLE_LOT	HAS_DEFAULT_LOCATION	ZZ-1	Z-0-0	3	10
44251	91	119325	119325	　越前岬　槽搾り純米「九頭竜」１．８Ｌ　※卸不可	1	0	1	0	1	NO_PICKABLE_LOT	NO_DEFAULT_LOCATION		Z-0-0	3	10
46037	91	119411	119411	　北の庄　純米大吟醸　望３００ｍｌ	1	0	1	0	1	NO_PICKABLE_LOT	HAS_DEFAULT_LOCATION	ZZ-1	Z-0-0	3	10
46071	91	119681	119681	　永平寺白龍　山田錦　純米大吟醸４０７２０ｍｌ（頒布会２０２５）	1	0	1	0	1	NO_PICKABLE_LOT	NO_DEFAULT_LOCATION		Z-0-0	3	10
46072	91	119682	119682	　一乃谷　さかほまれ純米大吟醸　稀覯７２０ｍｌ（頒布会２０２５）	1	0	1	0	1	NO_PICKABLE_LOT	NO_DEFAULT_LOCATION		Z-0-0	3	10
46073	91	119683	119683	　越前岬　さかほまれ純米大吟醸　あらばしり７２０ｍｌ（頒布会２０２５）	1	0	1	0	1	NO_PICKABLE_LOT	NO_DEFAULT_LOCATION		Z-0-0	3	10
46075	91	119695	119695	　常山　純米辛口　超１．８Ｌ	1	0	1	0	1	NO_PICKABLE_LOT	NO_DEFAULT_LOCATION		Z-0-0	3	10
48191	91	121202	121202	　２０°ジャスミン焼酎　茉莉花（まつりか）５００ｍｌ	6	0	6	5	1	LOT_QTY_SHORT	HAS_DEFAULT_LOCATION	E-11-205	Z-0-0	3	10
50320	91	122171	122171	○２０°いいちこ（麦）瓶１．８Ｌ	1	0	1	0	1	NO_PICKABLE_LOT	HAS_DEFAULT_LOCATION	ZZ-1	Z-0-0	3	10
50323	91	122195	122195	　２０°神の河　ライト６００ｍｌ	1	0	1	0	1	NO_PICKABLE_LOT	HAS_DEFAULT_LOCATION	E-11-305	Z-0-0	3	10
50373	91	122455	122455	　２５°なんこ７２０ｍｌ（芋）	1	0	1	0	1	NO_PICKABLE_LOT	NO_DEFAULT_LOCATION		Z-0-0	3	10
25509	91	123280	123280	　２５°赤兎馬７２０ｍｌ（芋）	68	0	68	67	1	LOT_QTY_SHORT	HAS_DEFAULT_LOCATION	L-09-201	Z-0-0	3	10
27431	91	131107	131107	　サントリー山崎１２年　７００ｍｌ	28	3	25	24	1	LOT_QTY_SHORT	HAS_DEFAULT_LOCATION	YX-9-999	Z-0-0	3	10
27435	91	131126	131126	　サントリーシングルモルト白州７００ｍｌ	36	6	30	29	1	LOT_QTY_SHORT	HAS_DEFAULT_LOCATION	YX-9-999	Z-0-0	3	10
29496	91	131377	131377	　ブラックニッカクリアブレンド　１８０ｍｌ	1	0	1	0	1	NO_PICKABLE_LOT	HAS_DEFAULT_LOCATION	YC-0-000	Z-0-0	3	10
29526	91	132069	132069	　アイラミスト８年　アモンティリャードカスク　ミニセレクション１００ｍｌ	1	0	1	0	1	NO_PICKABLE_LOT	NO_DEFAULT_LOCATION		Z-0-0	3	10
33602	91	134023	134023	　レミーマルタン　ＸＯ　エクセレンス　７００ｍｌ　（正規品）	1	0	1	0	1	NO_PICKABLE_LOT	HAS_DEFAULT_LOCATION	ZZ-1	Z-0-0	3	10
35612	91	141262	141262	　「９１４」東浦みかんビール　３１０ｍｌ	12	11	1	0	1	NO_PICKABLE_LOT	HAS_DEFAULT_LOCATION	YX-0-000	Z-0-0	3	10
42479	91	151153	151153	　ＪＡ三方五湖　梅ワイン（白）　５００ｍｌ	1	0	1	0	1	NO_PICKABLE_LOT	HAS_DEFAULT_LOCATION	ZZ-1	Z-0-0	3	10
44267	91	151658	151658	　ココファーム　農民ロッソ　７５０ｍｌ	1	0	1	0	1	NO_PICKABLE_LOT	HAS_DEFAULT_LOCATION	ZZ-1	Z-0-0	3	10
44282	91	152107	152107	×ジャンジャン　ジュナール　カベルネソーヴィニヨン７５０ｍｌ	1	0	1	0	1	NO_PICKABLE_LOT	HAS_DEFAULT_LOCATION	ZZ-1	Z-0-0	3	10
46123	91	152491	152491	　ミレジム　ソービニヨンブラン　７５０ｍｌ	1	0	1	0	1	NO_PICKABLE_LOT	HAS_DEFAULT_LOCATION	ZZ-1	Z-0-0	3	10
48252	91	152949	152949	　チリンギート　コベ　シャルドネ　７５０ｍｌ	1	0	1	0	1	NO_PICKABLE_LOT	NO_DEFAULT_LOCATION		Z-0-0	3	10
48253	91	152951	152951	　チリンギート　コベ　カベルネ　７５０ｍｌ	1	0	1	0	1	NO_PICKABLE_LOT	NO_DEFAULT_LOCATION		Z-0-0	3	10
48270	91	153194	153194	　ドルーアン　ピュリニーモンラッシェ　７５０ｍｌ	1	0	1	0	1	NO_PICKABLE_LOT	HAS_DEFAULT_LOCATION	ZZ-1	Z-0-0	3	10
50391	91	153430	153430	　ムラダル　ティント　７５０ｍｌ	1	0	1	0	1	NO_PICKABLE_LOT	NO_DEFAULT_LOCATION		Z-0-0	3	10
50393	91	153490	153490	　シャトー　パラディ　カスイユ　ブラン　７５０ｍｌ	1	0	1	0	1	NO_PICKABLE_LOT	HAS_DEFAULT_LOCATION	ZZ-1	Z-0-0	3	10
21683	91	154146	154146	　ムラダル　ブランコ　７５０ｍｌ	1	0	1	0	1	NO_PICKABLE_LOT	NO_DEFAULT_LOCATION		Z-0-0	3	10
21684	91	154150	154150	　エゴット　トレッビアーノ　シャルドネ　３Ｌ	1	0	1	0	1	NO_PICKABLE_LOT	NO_DEFAULT_LOCATION		Z-0-0	3	10
23696	91	155209	155209	　バーロワイヤル　グリーンアップル　７５０ｍｌ	1	0	1	0	1	NO_PICKABLE_LOT	HAS_DEFAULT_LOCATION	ZZ-1	Z-0-0	3	10
25591	91	155343	155343	×ヴーヴクリコ　ポンサルダン　ホワイトラベル　ドゥミセック７５０ｍｌ	1	0	1	0	1	NO_PICKABLE_LOT	HAS_DEFAULT_LOCATION	ZZ-1	Z-0-0	3	10
25605	91	155408	155408	　アルマンド　ブリニャック　ロゼ　７５０ｍｌ	1	0	1	0	1	NO_PICKABLE_LOT	HAS_DEFAULT_LOCATION	ZZ-1	Z-0-0	3	10
25629	91	155582	155582	　サロン　ブランドブラン　７５０ｍｌ	1	0	1	0	1	NO_PICKABLE_LOT	HAS_DEFAULT_LOCATION	ZZ-1	Z-0-0	3	10
25631	91	155591	155591	　テタンジェ　コントドシャンパーニュ　ブランドブラン　１．５Ｌ	1	0	1	0	1	NO_PICKABLE_LOT	HAS_DEFAULT_LOCATION	ZZ-1	Z-0-0	3	10
25632	91	155600	155600	　テタンジェ　ノクターン　白　７５０ｍｌ	1	0	1	0	1	NO_PICKABLE_LOT	HAS_DEFAULT_LOCATION	ZZ-1	Z-0-0	3	10
27464	91	155718	155718	　アルマンド　ブリニャック　ゴールド　箱無し　７５０ｍｌ	1	0	1	0	1	NO_PICKABLE_LOT	HAS_DEFAULT_LOCATION	ZZ-1	Z-0-0	3	10
27472	91	155802	155802	　ソウメイ　プラチナ　箱入　７５０ｍｌ	1	0	1	0	1	NO_PICKABLE_LOT	NO_DEFAULT_LOCATION		Z-0-0	3	10
51769	91	156153	156153	　シャトーゼサール　ルージュ　キュヴェプレスティージュ　７５０ｍｌ	1	0	1	0	1	NO_PICKABLE_LOT	NO_DEFAULT_LOCATION		Z-0-0	3	10
51584	91	156188	156188	　ヴァンサン　サンジョベーゼ　メルロー３Ｌ	9	0	9	8	1	LOT_QTY_SHORT	HAS_DEFAULT_LOCATION	E-05-109	Z-0-0	3	10
29553	91	156498	156498	　ドルーアン　マコンヴィラージュ　７５０ｍｌ	1	0	1	0	1	NO_PICKABLE_LOT	HAS_DEFAULT_LOCATION	ZZ-1	Z-0-0	3	10
31607	91	156904	156904	　ドルーアン　ブルゴーニュ　ピノノワール　７５０ｍｌ	1	0	1	0	1	NO_PICKABLE_LOT	HAS_DEFAULT_LOCATION	ZZ-1	Z-0-0	3	10
31608	91	156905	156905	　ドルーアン　ブルゴーニュ　シャルドネ　７５０ｍｌ	1	0	1	0	1	NO_PICKABLE_LOT	HAS_DEFAULT_LOCATION	ZZ-1	Z-0-0	3	10
31626	91	157135	157135	　カサベナサル　ゲヴルツトラミネール　モスカテル　７５０ｍｌ	1	0	1	0	1	NO_PICKABLE_LOT	HAS_DEFAULT_LOCATION	ZZ-1	Z-0-0	3	10
31632	91	157201	157201	×ドルーアン　サンロマン　７５０ｍｌ	1	0	1	0	1	NO_PICKABLE_LOT	HAS_DEFAULT_LOCATION	ZZ-1	Z-0-0	3	10
33670	91	157466	157466	　ドルーアン　シャブリ　レゼルヴドヴォードン　７５０ｍｌ	1	0	1	0	1	NO_PICKABLE_LOT	HAS_DEFAULT_LOCATION	ZZ-1	Z-0-0	3	10
35648	91	157867	157867	×ドルーアン　サン　ヴェラン　７５０ｍｌ	1	0	1	0	1	NO_PICKABLE_LOT	HAS_DEFAULT_LOCATION	ZZ-1	Z-0-0	3	10
35670	91	158023	158023	　ドルーアン　シャブリ　プルミエ　クリュ　モンマン　７５０ｍｌ	1	0	1	0	1	NO_PICKABLE_LOT	HAS_DEFAULT_LOCATION	ZZ-1	Z-0-0	3	10
35679	91	158116	158116	　ドルーアン　シャブリ　グランクリュ　レクロ　７５０ｍｌ	1	0	1	0	1	NO_PICKABLE_LOT	HAS_DEFAULT_LOCATION	ZZ-1	Z-0-0	3	10
35680	91	158117	158117	　　ドルーアン　ヴォルネイ　７５０ｍｌ	1	0	1	0	1	NO_PICKABLE_LOT	HAS_DEFAULT_LOCATION	ZZ-1	Z-0-0	3	10
35682	91	158144	158144	　ドルーアン　サヴィニレボーヌ　クロデゴドー　７５０ｍｌ	1	0	1	0	1	NO_PICKABLE_LOT	HAS_DEFAULT_LOCATION	ZZ-1	Z-0-0	3	10
35683	91	158159	158159	　ドルーアン　マランジュ　プルミエ　クリュ　７５０ｍｌ	1	0	1	0	1	NO_PICKABLE_LOT	HAS_DEFAULT_LOCATION	ZZ-1	Z-0-0	3	10
35685	91	158199	158199	×ミッシェルリンチ　ボルドールージュ　７５０ｍｌ	1	0	1	0	1	NO_PICKABLE_LOT	HAS_DEFAULT_LOCATION	ZZ-1	Z-0-0	3	10
40636	91	162050	162050	　ボンベイ　ドライジン７００ｍｌ	1	0	1	0	1	NO_PICKABLE_LOT	HAS_DEFAULT_LOCATION	ZZ-1	Z-0-0	3	10
40650	91	162122	162122	　ウィルキンソン　ジン３７°　７２０ｍｌ	1	0	1	0	1	NO_PICKABLE_LOT	HAS_DEFAULT_LOCATION	E-06-203	Z-0-0	3	10
40653	91	162151	162151	　ドンフリオ　レポサド　７００ｍｌ	1	0	1	0	1	NO_PICKABLE_LOT	HAS_DEFAULT_LOCATION	ZZ-1	Z-0-0	3	10
42527	91	171202	171202	　天狗舞　梅酒１．８Ｌ	1	0	1	0	1	NO_PICKABLE_LOT	HAS_DEFAULT_LOCATION	ZZ-1	Z-0-0	3	10
52266	91	171335	171335	　鳴門鯛にごりゆず酒７２０ｍｌ	1	0	1	0	1	NO_PICKABLE_LOT	NO_DEFAULT_LOCATION		Z-0-0	3	10
44310	91	171366	171366	　サクラオ　紫蘇ダルマ　１．８Ｌ	1	0	1	0	1	NO_PICKABLE_LOT	HAS_DEFAULT_LOCATION	ZZ-1	Z-0-0	3	10
44312	91	171373	171373	　チョーヤ　Ｔｈｅ　ＣＨＯＹＡ　黒糖梅酒７００ｍｌ	1	0	1	0	1	NO_PICKABLE_LOT	HAS_DEFAULT_LOCATION	ZZ-1	Z-0-0	3	10
44366	91	171761	171761	　南都酒造所　ハブ入りハブ酒１．８Ｌ	1	0	1	0	1	NO_PICKABLE_LOT	NO_DEFAULT_LOCATION		Z-0-0	3	10
48283	91	172227	172227	　ボルスアプリコットブランデー７００ｍｌ	1	0	1	0	1	NO_PICKABLE_LOT	HAS_DEFAULT_LOCATION	ZZ-1	Z-0-0	3	10
48312	91	172401	172401	　眞露　チャミスル　ピーチ３６０ｍｌ	1	0	1	0	1	NO_PICKABLE_LOT	HAS_DEFAULT_LOCATION	ZZ-1	Z-0-0	3	10
27541	91	210717	210717	　ピエールゼロ　シニャチュール　７５０ｍｌ	1	0	1	0	1	NO_PICKABLE_LOT	HAS_DEFAULT_LOCATION	ZZ-1	Z-0-0	3	10
27547	91	210807	210807	　宮崎本店　焼酎用うめエキス　割梅１ＬＰＥＴ	1	0	1	0	1	NO_PICKABLE_LOT	NO_DEFAULT_LOCATION		Z-0-0	3	10
31688	91	211954	211954	　アサヒ　ゼロ　ノンアルコール　小瓶３３４ｍｌ	684	30	654	653	1	LOT_QTY_SHORT	HAS_DEFAULT_LOCATION	AD-1-03A	Z-0-0	3	10
33721	91	213082	213082	　キリン　小岩井　純水りんご１．５Ｌ	81	0	81	80	1	LOT_QTY_SHORT	HAS_DEFAULT_LOCATION	B-03-101	Z-0-0	3	10
35737	91	215141	215141	　サントリー　ウーロン茶　業務用専用２Ｌ	161	0	161	160	1	LOT_QTY_SHORT	HAS_DEFAULT_LOCATION	L-08-104	Z-0-0	3	10
51739	91	221277	221277	　トーレ・デ・ヌニエズ　ハモンセラーノ１４ヶ月熟成６０ｇ	1	0	1	0	1	NO_PICKABLE_LOT	NO_DEFAULT_LOCATION		Z-0-0	3	10
37507	91	221648	221648	　Ｄ＆Ｈランプフィッシュキャビア５０ｇ	1	0	1	0	1	NO_PICKABLE_LOT	HAS_DEFAULT_LOCATION	ZZ-1	Z-0-0	3	10
37511	91	222040	222040	　華セレクト　落花生　業務仕様４５０ｇ	1	0	1	0	1	NO_PICKABLE_LOT	HAS_DEFAULT_LOCATION	ZZ-1	Z-0-0	3	10
39045	91	231095	231095	　三田飲料　ピーチエード１Ｌ	24	0	24	23	1	LOT_QTY_SHORT	HAS_DEFAULT_LOCATION	G-03-207	Z-0-0	3	10
40699	91	231282	231282	　ピンクロックソルト１Ｋｇ	1	0	1	0	1	NO_PICKABLE_LOT	HAS_DEFAULT_LOCATION	ZZ-1	Z-0-0	3	10
51605	91	231293	231293	　キューピー　フレンチドレッシング赤１Ｌ	1	0	1	0	1	NO_PICKABLE_LOT	NO_DEFAULT_LOCATION		Z-0-0	3	10
51601	91	231446	231446	　ミツカン　ぽん酢　ＰＥＴ１．８Ｌ	1	0	1	0	1	NO_PICKABLE_LOT	NO_DEFAULT_LOCATION		Z-0-0	3	10
40732	91	231883	231883	　ヒガシマル　うすくちしょうゆ１０Ｌ	1	0	1	0	1	NO_PICKABLE_LOT	HAS_DEFAULT_LOCATION	ZZ-1	Z-0-0	3	10
52119	91	241040	241040	　ＭＹ　グレナデン　シロップ３００ｍｌ	1	0	1	0	1	NO_PICKABLE_LOT	NO_DEFAULT_LOCATION		Z-0-0	3	10
51738	91	261194	261194	　ジェラールセレクション　ブルーチーズ１２５ｇ	1	0	1	0	1	NO_PICKABLE_LOT	NO_DEFAULT_LOCATION		Z-0-0	3	10
21795	91	322501	322501	　はぐるま会　ゴルフコンペ景品	3	0	3	2	1	LOT_QTY_SHORT	HAS_DEFAULT_LOCATION	ZZ-1	Z-0-0	3	10
21808	91	410225	410225	　まほろば　デコシート　５寸　１０００枚	1	0	1	0	1	NO_PICKABLE_LOT	HAS_DEFAULT_LOCATION	ZZ-1	Z-0-0	3	10
21809	91	410226	410226	　まほろば　デコサイドシート　１０００枚	1	0	1	0	1	NO_PICKABLE_LOT	HAS_DEFAULT_LOCATION	ZZ-1	Z-0-0	3	10
35783	91	999002	999002	　システムテスト１	1	0	1	0	1	NO_PICKABLE_LOT	HAS_DEFAULT_LOCATION	ZZ-1	Z-0-0	3	10
42635	98	141020	141020	◎アサヒ　スーパードライ　中瓶５００ｍｌ	446	145	301	300	1	LOT_QTY_SHORT	HAS_DEFAULT_LOCATION	ZZ-1-100	Z-0-0	3	9
42649	98	141077	141077	　サッポロ　ラガー　中瓶５００ｍｌ	186	59	127	126	1	LOT_QTY_SHORT	HAS_DEFAULT_LOCATION	ZZ-1-100	Z-0-0	3	9
23845	98	171909	171909	　キリン　氷結　無糖　レモン　コンク１．８Ｌ	42	5	37	36	1	LOT_QTY_SHORT	HAS_DEFAULT_LOCATION	ZZ-1-100	Z-0-0	3	9
