lot_id,real_stock_id,item_id,item_code,item_name,status,current_quantity,reserved_quantity,purchase_id,trade_item_id,old_floor_id,old_location_id,old_shelf,oracle_status,expected_oracle_shelf,oracle_products,patch_status,patch_message,new_location_id,created_location,replacement_reduced_qty,replacement_lot_ids,reservation_updates,picking_result_updates,shortage_updates
51307,51569,142932,142932,　アサヒ　スーパードライ　冷涼辛口３５０ｍｌ,ACTIVE,11520,0,88,2077,,327,Z00,single_oracle_shelf,A99999,142932000:A99999:0:1021:0|142932100::::0|142932900::::0,planned,,,yes,0,,0,0,0
51308,51570,142933,142933,　アサヒ　スーパードライ　冷涼辛口５００ｍｌ,ACTIVE,2976,0,88,2078,,327,Z00,single_oracle_shelf,A99999,142933000:A99999:0:1021:0|142933100::::0|142933900::::0,planned,,,yes,0,,0,0,0
51275,51563,142642,142642,　サントリー　パーフェクトサントリービール　エールビール３５０ｍｌ,ACTIVE,2208,0,78,1993,,327,Z00,oracle_no_shelf,,142642000::0:1021:0|142642100::::0|142642900::::0,skipped,oracle_no_shelf,,,0,,0,0,0
55909,21799,400000,400000,部システム ４００   分類打,ACTIVE,1996,0,,,10,327,Z00,oracle_item_not_found,,,skipped,oracle_item_not_found,,,0,,0,0,0
55910,23792,470000,470000,　部システム４７０（化粧箱）,ACTIVE,1048,0,,,10,327,Z00,oracle_item_not_found,,,skipped,oracle_item_not_found,,,0,,0,0,0
51276,51564,142643,142643,　サントリー　パーフェクトサントリービール　エールビール５００ｍｌ,ACTIVE,624,0,78,1994,,327,Z00,oracle_no_shelf,,142643000::0:1021:0|142643100::::0|142643900::::0,skipped,oracle_no_shelf,,,0,,0,0,0
56660,51831,112788,112788,　福千歳冷酒３００ｍｌ,ACTIVE,348,0,856,53436,10,327,Z00,single_oracle_shelf,G05402,112788000:G05402:0:1512:0,planned,,,yes,0,,0,0,0
56638,52813,244081,244081,　小山製麺　焼肉専門店　盛岡冷麺３７０ｇ,ACTIVE,240,0,844,53360,10,327,Z00,oracle_no_shelf,,244081000::0:1660:0,skipped,oracle_no_shelf,,,0,,0,0,0
51306,51568,141336,141336,　アサヒ　スーパードライ　冷涼辛口　中瓶５００ｍｌ,ACTIVE,220,0,88,2076,,327,Z00,oracle_no_shelf,,141336000::0:1021:0|141336900::::0,skipped,oracle_no_shelf,,,0,,0,0,0
56670,52820,119729,119729,　若鹿　上撰１８０ｍｌ　スリム瓶　※レトロ代替,ACTIVE,120,0,859,53495,10,327,Z00,oracle_no_shelf,,119729000::0:1539:0,skipped,oracle_no_shelf,,,0,,0,0,0
55865,52613,156876,156876,　コセチャ　カベルネソービニヨン　７５０ｍｌ,ACTIVE,120,0,758,52156,10,327,Z00,oracle_no_shelf,,156876000::0:1002:0,skipped,oracle_no_shelf,,,0,,0,0,0
55866,52614,156899,156899,　コセチャ　メルロ　７５０ｍｌ,ACTIVE,120,0,758,52157,10,327,Z00,oracle_no_shelf,,156899000::0:1002:0,skipped,oracle_no_shelf,,,0,,0,0,0
55867,52615,156932,156932,　コセチャ　ピノノワール　７５０ｍｌ,ACTIVE,120,0,758,52158,10,327,Z00,oracle_no_shelf,,156932000::0:1002:0,skipped,oracle_no_shelf,,,0,,0,0,0
55869,52616,156962,156962,　コセチャ　ソービニヨンブラン　７５０ｍｌ,ACTIVE,120,0,758,52160,10,327,Z00,oracle_no_shelf,,156962000::0:1002:0,skipped,oracle_no_shelf,,,0,,0,0,0
55917,31687,211914,211914,　サントリー　天然水スパークリング５００ｍｌ,ACTIVE,96,0,,,10,327,Z00,oracle_no_shelf,,211914000::0:1106:96|211914900::::96,skipped,oracle_no_shelf,,,0,,0,0,0
55918,33621,140000,140000,部システム １４０   分類,ACTIVE,76,0,,,10,327,Z00,oracle_item_not_found,,,skipped,oracle_item_not_found,,,0,,0,0,0
53600,52219,155803,155803,　ルイナール　ブランドブラン　３７５ｍｌ,ACTIVE,72,0,513,27012,,327,Z00,oracle_no_shelf,,155803000::0:1202:0,skipped,oracle_no_shelf,,,0,,0,0,0
55920,51565,210608,210608,　明治　明治フルーツ２２０ｍｌ,ACTIVE,72,0,,,10,327,Z00,single_oracle_shelf,YX0000,210608000:YX0000:0:1126:0,planned,,2671,,0,,0,0,0
55922,52058,212069,212069,　カゴメ　野菜生活１００　１９０ｇ,ACTIVE,62,0,,,10,327,Z00,manual_multiple_oracle_shelves,N01101|Q00000,212069000:Q00000:0:1202:0|212069100:N01101:::0|212069900:N01101:::0,skipped,manual_multiple_oracle_shelves,,,0,,0,0,0
55923,38998,160000,160000,部システム １６０ ,ACTIVE,60,0,,,10,327,Z00,oracle_item_not_found,,,skipped,oracle_item_not_found,,,0,,0,0,0
56606,51472,143052,143052,　ハイネケン３５０ｍｌ,ACTIVE,48,0,837,53321,10,327,Z00,single_oracle_shelf,Q00000,143052000:Q00000:0:1330:0|143052100::::0|143052200::::0|143052600::::0|143052900::::0,planned,,2495,,0,,0,0,0
56577,51471,149693,149693,　ＡＢインベブ　バドワイザー　缶３３０ｍｌ,ACTIVE,48,0,826,53287,10,327,Z00,single_oracle_shelf,Q00000,149693000:Q00000:0:1202:0|149693100::::0|149693900::::0,planned,,2495,,0,,0,0,0
56557,52809,251001,251001,　コカコーラ　ファンタ　グレープ２８０ｍｌＰＥＴ,ACTIVE,48,0,815,53266,10,327,Z00,single_oracle_shelf,Q00000,251001000:Q00000:0:1017:0|251001900::::0,planned,,2495,,0,,0,0,0
55935,46089,120000,120000,部システム １２０ ,ACTIVE,41,0,,,10,327,Z00,oracle_item_not_found,,,skipped,oracle_item_not_found,,,0,,0,0,0
53237,52131,111118,111118,○松竹梅上撰　３００ｍｌ,ACTIVE,40,0,449,26362,,327,Z00,single_oracle_shelf,Q00000,111118000:Q00000:0:1202:0,planned,,2495,,0,,0,0,0
54367,52131,111118,111118,○松竹梅上撰　３００ｍｌ,ACTIVE,40,0,573,49093,10,327,Z00,single_oracle_shelf,Q00000,111118000:Q00000:0:1202:0,planned,,2495,,0,,0,0,0
55936,23798,471015,471015,　永平寺白龍　１．８Ｌ　１本　共通カートン１枚,ACTIVE,40,0,,,10,327,Z00,oracle_no_shelf,,471015000::0:1263:40,skipped,oracle_no_shelf,,,0,,0,0,0
55938,23803,471099,471099,　一本義一本用箱,ACTIVE,39,0,,,10,327,Z00,oracle_no_shelf,,471099000::0:1202:39,skipped,oracle_no_shelf,,,0,,0,0,0
55943,23802,471046,471046,　黒龍　ギフトボックス７２０ｍｌ　１枚,ACTIVE,35,0,,,10,327,Z00,oracle_no_shelf,,471046000::0:2018:35,skipped,oracle_no_shelf,,,0,,0,0,0
55945,46256,260000,260000,部システム ２６０ ,ACTIVE,34,0,,,10,327,Z00,oracle_item_not_found,,,skipped,oracle_item_not_found,,,0,,0,0,0
56578,51634,10001,10001,　仕入経費（仕入送料）　外税,ACTIVE,30,0,827,53290,10,327,Z00,oracle_item_not_found,,,skipped,oracle_item_not_found,,,0,,0,0,0
55950,48328,173008,173008,　日の出　本みりん　醇良１．８Ｌペット,ACTIVE,30,0,,,10,327,Z00,oracle_no_shelf,,173008000::0:1021:30|173008900::::30,skipped,oracle_no_shelf,,,0,,0,0,0
52187,51812,119776,119776,　永平寺白龍　薫風　生原酒７２０ｍｌ,ACTIVE,24,0,304,12078,,327,Z00,single_oracle_shelf,AW0000,119776000:AW0000:0:1263:0,planned,,471,,0,,0,0,0
55958,38976,159008,159008,×プレザンス　カベルネソーヴィニヨン　７５０ｍｌ,ACTIVE,24,0,,,10,327,Z00,oracle_no_shelf,,159008000::0:9999:24,skipped,oracle_no_shelf,,,0,,0,0,0
52030,51774,181269,181269,　サッポロ　サッポロサワー　氷彩１９８４　３５０ｍｌ,ACTIVE,24,0,266,11675,,327,Z00,oracle_no_shelf,,181269000::0:1202:0|181269100::::0|181269900::::0,skipped,oracle_no_shelf,,,0,,0,0,0
54352,51774,181269,181269,　サッポロ　サッポロサワー　氷彩１９８４　３５０ｍｌ,ACTIVE,24,0,570,49078,10,327,Z00,oracle_no_shelf,,181269000::0:1202:0|181269100::::0|181269900::::0,skipped,oracle_no_shelf,,,0,,0,0,0
55962,50425,181372,181372,　サントリー　ほろよい　青いサワー３５０ｍｌ,ACTIVE,24,0,,,10,327,Z00,oracle_no_shelf,,181372000::0:1021:24|181372900::::24,skipped,oracle_no_shelf,,,0,,0,0,0
53267,51778,185138,185138,　ジーマ　缶　３３０ｍｌ,ACTIVE,24,0,459,26397,,327,Z00,single_oracle_shelf,Q00000,185138000:Q00000:0:1021:0|185138100::::0|185138900::::0,planned,,2495,,0,,0,0,0
55955,27576,211075,211075,　サントリー　ペプシ生　ＢＩＧ　ＣＯＬＡ６００ｍｌペット,ACTIVE,24,0,,,10,327,Z00,oracle_no_shelf,,211075000::0:1106:24|211075900::::24,skipped,oracle_no_shelf,,,0,,0,0,0
54363,52130,211798,211798,　博水社ホームハイサワースンチー杏仁檸檬３６０ｍｌ,ACTIVE,24,0,573,49089,10,327,Z00,oracle_no_shelf,,211798000::0:1202:0,skipped,oracle_no_shelf,,,0,,0,0,0
56645,52217,212002,212002,　エビアン５００ｍｌペット,ACTIVE,24,0,848,53374,10,327,Z00,single_oracle_shelf,M04303,212002000::0:1085:0|212002900:M04303:::0,planned,,,yes,0,,0,0,0
54336,51835,213211,213211,　キリン　世界のキッチンから　ソルティライチ５００ｍｌ,ACTIVE,24,0,569,49062,10,327,Z00,single_oracle_shelf,YX0000,213211000:YX0000:0:1330:0|213211900::::0,planned,,2671,,0,,0,0,0
56556,52808,213228,213228,　コカコーラ　Ｑｏｏ　りんご２８０ｍｌＰＥＴ,ACTIVE,24,0,815,53265,10,327,Z00,single_oracle_shelf,Q00000,213228000:Q00000:0:1017:0|213228900::::0,planned,,2495,,0,,0,0,0
56653,52814,222001,222001,　久慈食品ビーフジャーキー　４Ｐ,ACTIVE,24,0,853,53416,10,327,Z00,single_oracle_shelf,YX0000,222001000:YX0000:0:1640:0,planned,,2671,,0,,0,0,0
55064,52276,244444,244444,　朝日のり　酒屋さんが選んでくれました８０枚箱なし,ACTIVE,24,0,652,50666,10,327,Z00,single_oracle_shelf,YX0000,244444000:YX0000:0:1042:0,planned,,2671,,0,,0,0,0
55966,50428,182012,182012,　チョーヤ　梅酒　プラＱ　１６０ｍｌ,ACTIVE,20,0,,,10,327,Z00,oracle_no_shelf,,182012000::0:1021:20,skipped,oracle_no_shelf,,,0,,0,0,0
56576,52810,183053,183053,　紹興酒　塔牌　花彫　１８０ｍｌ,ACTIVE,20,0,825,53286,10,327,Z00,single_oracle_shelf,Q00000,183053000:Q00000:0:1202:0,planned,,2495,,0,,0,0,0
56720,52285,247275,247275,　ロッテ　トッポ２袋,ACTIVE,20,0,876,53857,10,327,Z00,single_oracle_shelf,I00000,247275000:I00000:0:1127:0,planned,,1810,,0,,0,0,0
55978,48331,173015,173015,　白鹿　酒蔵割烹酒パック２Ｌ,ACTIVE,18,0,,,10,327,Z00,oracle_no_shelf,,173015000::0:1021:18,skipped,oracle_no_shelf,,,0,,0,0,0
55979,48344,181033,181033,　万上　本みりん　割烹　１．８Ｌ,ACTIVE,18,0,,,10,327,Z00,oracle_no_shelf,,181033000::0:1202:18,skipped,oracle_no_shelf,,,0,,0,0,0
52056,51776,185094,185094,　アサヒ　贅沢搾り　キウイ３５０ｍｌ,ACTIVE,18,0,274,11717,,327,Z00,single_oracle_shelf,YC0000,185094000:YC0000:0:1021:0|185094900:YC0000:::0,planned,,2669,,0,,0,0,0
55969,23745,210000,210000,部システム ２１０ ,ACTIVE,18,0,,,10,327,Z00,oracle_item_not_found,,,skipped,oracle_item_not_found,,,0,,0,0,0
55982,39030,224273,224273,　丸味食品　７種のミックスナッツ５００ｇ,ACTIVE,17,0,,,10,327,Z00,oracle_no_shelf,,224273000::0:1916:17,skipped,oracle_no_shelf,,,0,,0,0,0
55986,51737,215031,215031,　キリン　生茶　５２５ｍｌペット,ACTIVE,16,0,,,10,327,Z00,single_oracle_shelf,Q00000,215031000:Q00000:0:1330:0|215031100::::0|215031900::::0,planned,,2495,,0,,0,0,0
55065,52137,210619,210619,　森永　おいしい牛乳１Ｌ,ACTIVE,15,0,653,50667,10,327,Z00,single_oracle_shelf,AY0000,210619000:AY0000:0:1126:0,planned,,472,,0,,0,0,0
53619,51540,311243,311243,　若狭三方ビバレッジ　若狭梅酒・レモングラス梅酒　２００ｍｌセット,DEPLETED,15,0,518,27054,,327,Z00,single_oracle_shelf,YX0000,311243000:YX0000:0:1516:0,planned,,2671,,15,56690:15,0,0,0
53627,52233,116060,116060,　名城播州の地酒　辛口２Ｌパック,ACTIVE,12,0,522,27063,,327,Z00,single_oracle_shelf,YX0000,116060000:YX0000:0:1248:0|116060900:YX0000:::0,planned,,2671,,0,,0,0,0
53621,52094,119333,119333,　梵　艶　純米大吟醸７２０ｍｌ,DEPLETED,12,0,520,27056,,327,Z00,single_oracle_shelf,Q00000,119333000:Q00000:0:1514:0,planned,,2495,,12,56020:12,0,0,0
56020,52094,119333,119333,　梵　艶　純米大吟醸７２０ｍｌ,ACTIVE,12,0,,,10,327,Z00,single_oracle_shelf,Q00000,119333000:Q00000:0:1514:0,planned,,2495,,0,,0,0,0
52185,51477,119686,119686,　永平寺白龍　純米吉峯７２０ｍｌ,ACTIVE,12,0,303,12070,,327,Z00,oracle_no_shelf,,119686000::0:1263:0,skipped,oracle_no_shelf,,,0,,0,0,0
56014,46084,119731,119731,　雲乃井　純米大吟醸　瑞雲７２０ｍｌ,ACTIVE,12,0,,,10,327,Z00,oracle_no_shelf,,119731000::0:1543:12,skipped,oracle_no_shelf,,,0,,0,0,0
52149,51773,119740,119740,　ツキガサ　純米吟醸　恐竜ラベル７２０ｍｌ,ACTIVE,12,0,294,11977,,327,Z00,oracle_no_shelf,,119740000::0:1741:0,skipped,oracle_no_shelf,,,0,,0,0,0
56665,51773,119740,119740,　ツキガサ　純米吟醸　恐竜ラベル７２０ｍｌ,ACTIVE,12,0,857,53442,10,327,Z00,oracle_no_shelf,,119740000::0:1741:0,skipped,oracle_no_shelf,,,0,,0,0,0
52184,51474,119758,119758,　永平寺白龍　純米吟醸生原酒７２０ｍｌ,ACTIVE,12,0,303,12069,,327,Z00,oracle_no_shelf,,119758000::0:1263:0,skipped,oracle_no_shelf,,,0,,0,0,0
56012,42494,151361,151361,　能登ワイン　ヤマソーヴィニヨン　７２０ｍｌ,ACTIVE,12,0,,,10,327,Z00,oracle_no_shelf,,151361000::0:1021:12,skipped,oracle_no_shelf,,,0,,0,0,0
56013,42496,151370,151370,　能登ワイン　ヤマソービニヨン　３６０ｍｌ,ACTIVE,12,0,,,10,327,Z00,oracle_no_shelf,,151370000::0:1021:12,skipped,oracle_no_shelf,,,0,,0,0,0
56005,29560,156639,156639,　シャプティエ　コートデュローヌ　ルージュ　ペルルーシュ　７５０ｍｌ,ACTIVE,12,0,,,10,327,Z00,oracle_no_shelf,,156639000::0:1004:12,skipped,oracle_no_shelf,,,0,,0,0,0
56017,51470,171880,171880,　梵　ゆずリキュール５００ｍｌ,ACTIVE,12,0,,,10,327,Z00,oracle_no_shelf,,171880000::0:1514:0,skipped,oracle_no_shelf,,,0,,0,0,0
56019,51541,181021,181021,　宝　本みりん　ペット　１Ｌ,ACTIVE,12,0,,,10,327,Z00,oracle_no_shelf,,181021000::0:1202:0,skipped,oracle_no_shelf,,,0,,0,0,0
56560,52289,210526,210526,　コカコーラ　ＭＭぷるんぷるんＱｏｏ　もも味１２５ｇパウチ,ACTIVE,12,0,817,53269,10,327,Z00,single_oracle_shelf,Q00000,210526000:Q00000:0:1017:0|210526900::::0,planned,,2495,,0,,0,0,0
51052,51493,212087,212087,　大塚　ポカリスエット　イオンウォーター９００ｍｌ,DEPLETED,12,0,14,661,,327,Z00,single_oracle_shelf,Q00000,212087000:Q00000:0:1202:0|212087900::::0,planned,,2495,,12,56018:12,0,0,0
56018,51493,212087,212087,　大塚　ポカリスエット　イオンウォーター９００ｍｌ,ACTIVE,12,0,,,10,327,Z00,single_oracle_shelf,Q00000,212087000:Q00000:0:1202:0|212087900::::0,planned,,2495,,0,,0,0,0
56719,51485,222365,222365,　亀田　柿の種１８０ｇ６袋,ACTIVE,12,0,875,53855,10,327,Z00,single_oracle_shelf,I00000,222365000:I00000:0:1127:0,planned,,1810,,0,,0,0,0
55999,23796,471012,471012,　越の鷹　７２０ｍｌ　共通カートン１枚,ACTIVE,12,0,,,10,327,Z00,oracle_no_shelf,,471012000::0:1181:12,skipped,oracle_no_shelf,,,0,,0,0,0
56024,44272,151688,151688,　マンズワイン　酵母の泡　甲州　３６０ｍｌ,ACTIVE,11,0,,,10,327,Z00,oracle_no_shelf,,151688000::0:1021:11,skipped,oracle_no_shelf,,,0,,0,0,0
56036,39023,223506,223506,　伊藤園　ワンポット緑茶　ティーバック３０Ｐ,ACTIVE,10,0,,,10,327,Z00,oracle_no_shelf,,223506000::0:1085:10|223506900::::10,skipped,oracle_no_shelf,,,0,,0,0,0
53428,52151,244158,244158,　ブルボンプチうす焼き３６ｇ,ACTIVE,10,0,485,26748,,327,Z00,single_oracle_shelf,Q00000,244158000:Q00000:0:1127:0,planned,,2495,,0,,0,0,0
53434,52157,244187,244187,　ブルボンプチチョコチップ６０ｇ,ACTIVE,10,0,486,26754,,327,Z00,single_oracle_shelf,I00000,244187000:I00000:0:1127:0|244187900::::0,planned,,1810,,0,,0,0,0
53418,52150,244464,244464,　天狗　横綱あられ１７５ｇ,ACTIVE,10,0,478,26729,,327,Z00,single_oracle_shelf,I16309,244464000:I16309:0:1127:0,planned,,,yes,0,,0,0,0
53429,52152,247264,247264,　ロッテ　のど飴１１粒,ACTIVE,10,0,485,26749,,327,Z00,single_oracle_shelf,I00000,247264000:I00000:0:1127:0,planned,,1810,,0,,0,0,0
56043,29525,132067,132067,　ジョニーウォーカー　ブロンド　７００ｍｌ,ACTIVE,9,0,,,10,327,Z00,oracle_no_shelf,,132067000::0:1330:9,skipped,oracle_no_shelf,,,0,,0,0,0
56053,42390,113588,113588,　手取川　本流１．８Ｌ　※石川県内限定,ACTIVE,8,0,,,10,327,Z00,oracle_no_shelf,,113588000::0:1021:2,skipped,oracle_no_shelf,,,0,,0,0,0
56057,51732,184036,184036,　スミノフアイス　ピンクグレープフルーツ２７５ｍｌ,ACTIVE,8,0,,,10,327,Z00,oracle_no_shelf,,184036000::0:1330:0,skipped,oracle_no_shelf,,,0,,0,0,0
52102,51590,244062,244062,　森永　フレッシュＣ３８％１Ｌ,ACTIVE,8,0,283,11836,,327,Z00,single_oracle_shelf,AY0000,244062000:AY0000:0:1171:0,planned,,472,,0,,0,0,0
53433,52156,244095,244095,　ナビスコ　チップスターＳ　うすしお,ACTIVE,8,0,485,26753,,327,Z00,single_oracle_shelf,YX0000,244095000:YX0000:0:1127:0,planned,,2671,,0,,0,0,0
53432,52155,244147,244147,　ナビスコ　チップスターＳ　コンソメ４５ｇ,ACTIVE,8,0,485,26752,,327,Z00,single_oracle_shelf,YX0000,244147000:YX0000:0:1127:0,planned,,2671,,0,,0,0,0
53431,52154,244328,244328,　ナビスコ　チップスターＳ　のりしお,ACTIVE,8,0,485,26751,,327,Z00,single_oracle_shelf,YX0000,244328000:YX0000:0:1127:0,planned,,2671,,0,,0,0,0
56073,40664,170000,170000,部システム １７０ ,ACTIVE,7,0,,,10,327,Z00,oracle_item_not_found,,,skipped,oracle_item_not_found,,,0,,0,0,0
52195,51813,112807,112807,　花垣純米大吟醸　棚田米７２０ｍｌ,ACTIVE,6,0,308,12098,,327,Z00,oracle_no_shelf,,112807000::0:1370:0,skipped,oracle_no_shelf,,,0,,0,0,0
56094,42436,114288,114288,　菊正宗　上撰　さけパック　生もと辛口２Ｌ,ACTIVE,6,0,,,10,327,Z00,oracle_no_shelf,,114288000::0:1202:6,skipped,oracle_no_shelf,,,0,,0,0,0
56095,44202,118201,118201,　初孫生もと純米本辛口　魔斬７２０ｍｌ（まきり）,ACTIVE,6,0,,,10,327,Z00,oracle_no_shelf,,118201000::0:1761:6,skipped,oracle_no_shelf,,,0,,0,0,0
55093,52474,119159,119159,　梵　ささ雪　しぼりたて薄にごり活性生酒７２０ｍｌ,ACTIVE,6,0,664,50731,10,327,Z00,single_oracle_shelf,AW0000,119159000:AW0000:0:1514:0,planned,,471,,0,,0,0,0
56097,46064,119622,119622,　永平寺白龍　米てきてき３００ｍｌ,ACTIVE,6,0,,,10,327,Z00,oracle_no_shelf,,119622000::0:1263:6,skipped,oracle_no_shelf,,,0,,0,0,0
56098,46065,119623,119623,　永平寺白龍　水てきてき３００ｍｌ,ACTIVE,6,0,,,10,327,Z00,oracle_no_shelf,,119623000::0:1263:6,skipped,oracle_no_shelf,,,0,,0,0,0
56099,46066,119624,119624,　永平寺白龍　土てきてき３００ｍｌ,ACTIVE,6,0,,,10,327,Z00,oracle_no_shelf,,119624000::0:1263:6,skipped,oracle_no_shelf,,,0,,0,0,0
52148,51800,119739,119739,　関西　本醸造　上撰７２０ｍｌ,ACTIVE,6,0,294,11976,,327,Z00,oracle_no_shelf,,119739000::0:1741:0,skipped,oracle_no_shelf,,,0,,0,0,0
56581,52811,119774,119774,　越前岬　大吟醸　吟の雫　プレミアム生原酒　７２０ｍｌ,ACTIVE,6,0,829,53293,10,327,Z00,oracle_no_shelf,,119774000::0:1460:0,skipped,oracle_no_shelf,,,0,,0,0,0
56083,25554,123486,123486,　２５°女帝　麦１．８Ｌ,ACTIVE,6,0,,,10,327,Z00,oracle_no_shelf,,123486000::0:1021:6,skipped,oracle_no_shelf,,,0,,0,0,0
56090,35630,142453,142453,　サントリー　東京クラフト　フルーティーエール３５０ｍｌ,ACTIVE,6,0,,,10,327,Z00,oracle_no_shelf,,142453000::0:1021:6|142453900::::6,skipped,oracle_no_shelf,,,0,,0,0,0
56106,52308,142773,142773,　キリン　一番搾り　ホワイトビール３５０ｍｌ,ACTIVE,6,0,,,10,327,Z00,single_oracle_shelf,Q00000,142773000:Q00000:0:1330:0|142773100::::0|142773900::::0,planned,,2495,,0,,0,0,0
56080,21670,153954,153954,　シャプティエ　リュベロン　ラシボワーズ　ルージュ　７５０ｍｌ,ACTIVE,6,0,,,10,327,Z00,oracle_no_shelf,,153954000::0:1004:6,skipped,oracle_no_shelf,,,0,,0,0,0
55129,27492,156104,156104,　モンダヴィ　ウッドブリッジ　シャルドネ　７５０ｍｌ,ACTIVE,-6,0,684,50855,10,327,Z00,oracle_no_shelf,,156104000::0:1330:6,skipped,oracle_no_shelf,,,0,,0,0,0
55130,27492,156104,156104,　モンダヴィ　ウッドブリッジ　シャルドネ　７５０ｍｌ,ACTIVE,6,0,685,50856,10,327,Z00,oracle_no_shelf,,156104000::0:1330:6,skipped,oracle_no_shelf,,,0,,0,0,0
56087,29567,156685,156685,×ヴィーニャドリア　赤　７５０ｍｌ,ACTIVE,6,0,,,10,327,Z00,oracle_no_shelf,,156685000::0:1048:6,skipped,oracle_no_shelf,,,0,,0,0,0
56088,29568,156693,156693,　ヴィーニャドリア　白　７５０ｍｌ,ACTIVE,6,0,,,10,327,Z00,oracle_no_shelf,,156693000::0:1048:6,skipped,oracle_no_shelf,,,0,,0,0,0
55117,52507,171990,171990,　チョーヤ　梅サルーテ　７５０ｍｌ,ACTIVE,6,0,679,50842,10,327,Z00,oracle_no_shelf,,171990000::0:1021:0,skipped,oracle_no_shelf,,,0,,0,0,0
56107,52521,210746,210746,　ＭＩＺＵＳＨＩＭＡ　ＢＬＵＥ　ジンジャービア　３３０ｍｌ,ACTIVE,6,0,,,10,327,Z00,oracle_no_shelf,,210746000::0:1982:0,skipped,oracle_no_shelf,,,0,,0,0,0
53276,52138,210929,210929,　日清ヨーク　十勝　のむヨーグルト９００ｇ,ACTIVE,6,0,462,26410,,327,Z00,single_oracle_shelf,AY0000,210929000:AY0000:0:1126:0,planned,,472,,0,,0,0,0
56702,51807,231593,231593,　フクしょうゆ　フク　ニューマイルド１．８ＬＰＥＴ,ACTIVE,6,0,869,53828,10,327,Z00,oracle_no_shelf,,231593000::0:1106:0,skipped,oracle_no_shelf,,,0,,0,0,0
52475,51593,261382,261382,　森永　無塩バター　発酵４５０ｇ,ACTIVE,6,0,380,12808,,327,Z00,single_oracle_shelf,YB8000,261382000:YB8000:0:1171:0,planned,,2668,,0,,0,0,0
53317,35764,722022,722022,　空容器　ビール樽１５Ｌ,ACTIVE,6,0,345,26465,,327,Z00,oracle_no_shelf,,722022000::0:1021:494,skipped,oracle_no_shelf,,,0,,0,0,0
54939,35764,722022,722022,　空容器　ビール樽１５Ｌ,ACTIVE,6,0,617,50283,10,327,Z00,oracle_no_shelf,,722022000::0:1021:494,skipped,oracle_no_shelf,,,0,,0,0,0
55750,35764,722022,722022,　空容器　ビール樽１５Ｌ,ACTIVE,6,0,824,52003,10,327,Z00,oracle_no_shelf,,722022000::0:1021:494,skipped,oracle_no_shelf,,,0,,0,0,0
52779,35766,722024,722024,　空容器　ビール樽２０Ｌ,ACTIVE,6,0,151,14182,,327,Z00,oracle_no_shelf,,722024000::0:1021:1201,skipped,oracle_no_shelf,,,0,,0,0,0
53207,35766,722024,722024,　空容器　ビール樽２０Ｌ,ACTIVE,6,0,325,26304,,327,Z00,oracle_no_shelf,,722024000::0:1021:1201,skipped,oracle_no_shelf,,,0,,0,0,0
52061,51780,112882,112882,　鳥浜酒造　若狭自慢　冷酒３００ｍｌ（純米）,ACTIVE,5,0,275,11723,,327,Z00,oracle_no_shelf,,112882000::0:1021:0,skipped,oracle_no_shelf,,,0,,0,0,0
56126,52243,132761,132761,　バスカー　アイリッシュウィスキー　７００ｍｌ,ACTIVE,5,0,,,10,327,Z00,single_oracle_shelf,YX0000,132761000:YX0000:0:1602:0,planned,,2671,,0,,0,0,0
56122,46186,171938,171938,　山元　にごり梅酒　梅太夫１．８Ｌ,ACTIVE,5,0,,,10,327,Z00,oracle_no_shelf,,171938000::0:1021:5,skipped,oracle_no_shelf,,,0,,0,0,0
56125,52110,184155,184155,　サントリー　ほろよい　レモみかん３５０ｍｌ,ACTIVE,5,0,,,10,327,Z00,oracle_no_shelf,,184155000::0:1021:0|184155900::::0,skipped,oracle_no_shelf,,,0,,0,0,0
55061,51585,210518,210518,　ネスレ　特選ココア　ミルク仕立て７５０ｇ,ACTIVE,5,0,649,50649,10,327,Z00,oracle_no_shelf,,210518000::0:1069:0,skipped,oracle_no_shelf,,,0,,0,0,0
56112,29597,211203,211203,　アサヒ　スタイルバランス　グレープフルーツテイスト３５０ｍｌ,ACTIVE,5,0,,,10,327,Z00,oracle_no_shelf,,211203000::0:1021:5|211203100::::5|211203900::::5,skipped,oracle_no_shelf,,,0,,0,0,0
52104,51591,221715,221715,　森永　白銀北海道牛乳１Ｌ,ACTIVE,5,0,283,11838,,327,Z00,single_oracle_shelf,AY0000,221715000:AY0000:0:1171:0,planned,,472,,0,,0,0,0
52518,35766,722024,722024,　空容器　ビール樽２０Ｌ,ACTIVE,5,0,110,12956,,327,Z00,oracle_no_shelf,,722024000::0:1021:1201,skipped,oracle_no_shelf,,,0,,0,0,0
52256,51831,112788,112788,　福千歳冷酒３００ｍｌ,ACTIVE,4,0,328,12167,,327,Z00,single_oracle_shelf,G05402,112788000:G05402:0:1512:0,planned,,,yes,0,,0,0,0
56152,44216,118713,118713,　初孫生もと純米本辛口　魔斬１．８Ｌ（まきり）,ACTIVE,4,0,,,10,327,Z00,oracle_no_shelf,,118713000::0:1761:4,skipped,oracle_no_shelf,,,0,,0,0,0
52391,51846,119116,119116,　明乃鶴　本醸造７２０ｍｌ,ACTIVE,4,0,362,12492,,327,Z00,oracle_no_shelf,,119116000::0:1834:0,skipped,oracle_no_shelf,,,0,,0,0,0
56137,27410,123908,123908,　２０°西の星１．８Ｌ（麦）,ACTIVE,4,0,,,10,327,Z00,oracle_no_shelf,,123908000::0:1330:4,skipped,oracle_no_shelf,,,0,,0,0,0
52196,50417,153755,153755,　バローネ　コルナッキア　トレッビアーノダブルッツォ　７５０ｍｌ,ACTIVE,-4,0,309,12099,,327,Z00,oracle_no_shelf,,153755000::0:1513:3,skipped,oracle_no_shelf,,,0,,0,0,0
56129,21685,154154,154154,　エゴット　メルロサンジョベーゼ　３Ｌ,ACTIVE,4,0,,,10,327,Z00,oracle_no_shelf,,154154000::0:1226:4,skipped,oracle_no_shelf,,,0,,0,0,0
56161,51585,210518,210518,　ネスレ　特選ココア　ミルク仕立て７５０ｇ,ACTIVE,4,0,,,10,327,Z00,oracle_no_shelf,,210518000::0:1069:0,skipped,oracle_no_shelf,,,0,,0,0,0
56138,27560,210895,210895,　雜賀　ノンアルコール柚　ロックンユズ　７２０ｍｌ,ACTIVE,4,0,,,10,327,Z00,oracle_no_shelf,,210895000::0:1927:4,skipped,oracle_no_shelf,,,0,,0,0,0
56149,40724,231608,231608,　Ｓ＆Ｂ　金沢風カツカレーソース３Ｋｇ,ACTIVE,4,0,,,10,327,Z00,oracle_no_shelf,,231608000::0:1073:4,skipped,oracle_no_shelf,,,0,,0,0,0
56162,51873,251031,251031,　アサヒ　スタイルバランス　和梨サワー３５０ｍｌ,ACTIVE,4,0,,,10,327,Z00,oracle_no_shelf,,251031000::0:1021:0|251031900::::0,skipped,oracle_no_shelf,,,0,,0,0,0
56160,51554,284105,284105,　岡田屋製菓　お徳用えびせんミックス２１０ｇ,ACTIVE,4,0,,,10,327,Z00,oracle_no_shelf,,284105000::0:1916:0,skipped,oracle_no_shelf,,,0,,0,0,0
51926,35764,722022,722022,　空容器　ビール樽１５Ｌ,ACTIVE,4,0,32,11450,,327,Z00,oracle_no_shelf,,722022000::0:1021:494,skipped,oracle_no_shelf,,,0,,0,0,0
53227,35764,722022,722022,　空容器　ビール樽１５Ｌ,ACTIVE,4,0,333,26349,,327,Z00,oracle_no_shelf,,722022000::0:1021:494,skipped,oracle_no_shelf,,,0,,0,0,0
51253,35766,722024,722024,　空容器　ビール樽２０Ｌ,ACTIVE,4,0,19,1884,,327,Z00,oracle_no_shelf,,722024000::0:1021:1201,skipped,oracle_no_shelf,,,0,,0,0,0
52485,35766,722024,722024,　空容器　ビール樽２０Ｌ,ACTIVE,4,0,103,12823,,327,Z00,oracle_no_shelf,,722024000::0:1021:1201,skipped,oracle_no_shelf,,,0,,0,0,0
52537,35766,722024,722024,　空容器　ビール樽２０Ｌ,ACTIVE,4,0,114,12981,,327,Z00,oracle_no_shelf,,722024000::0:1021:1201,skipped,oracle_no_shelf,,,0,,0,0,0
53069,35766,722024,722024,　空容器　ビール樽２０Ｌ,ACTIVE,4,0,275,16014,,327,Z00,oracle_no_shelf,,722024000::0:1021:1201,skipped,oracle_no_shelf,,,0,,0,0,0
54937,35766,722024,722024,　空容器　ビール樽２０Ｌ,ACTIVE,4,0,617,50281,10,327,Z00,oracle_no_shelf,,722024000::0:1021:1201,skipped,oracle_no_shelf,,,0,,0,0,0
54960,35766,722024,722024,　空容器　ビール樽２０Ｌ,ACTIVE,4,0,627,50315,10,327,Z00,oracle_no_shelf,,722024000::0:1021:1201,skipped,oracle_no_shelf,,,0,,0,0,0
55009,35766,722024,722024,　空容器　ビール樽２０Ｌ,ACTIVE,4,0,650,50420,10,327,Z00,oracle_no_shelf,,722024000::0:1021:1201,skipped,oracle_no_shelf,,,0,,0,0,0
55168,35766,722024,722024,　空容器　ビール樽２０Ｌ,ACTIVE,4,0,673,51170,10,327,Z00,oracle_no_shelf,,722024000::0:1021:1201,skipped,oracle_no_shelf,,,0,,0,0,0
55207,35766,722024,722024,　空容器　ビール樽２０Ｌ,ACTIVE,4,0,684,51234,10,327,Z00,oracle_no_shelf,,722024000::0:1021:1201,skipped,oracle_no_shelf,,,0,,0,0,0
55317,35766,722024,722024,　空容器　ビール樽２０Ｌ,ACTIVE,4,0,715,51397,10,327,Z00,oracle_no_shelf,,722024000::0:1021:1201,skipped,oracle_no_shelf,,,0,,0,0,0
56357,35766,722024,722024,　空容器　ビール樽２０Ｌ,ACTIVE,4,0,872,52871,10,327,Z00,oracle_no_shelf,,722024000::0:1021:1201,skipped,oracle_no_shelf,,,0,,0,0,0
51581,51634,10001,10001,　仕入経費（仕入送料）　外税,ACTIVE,3,0,149,9572,,327,Z00,oracle_item_not_found,,,skipped,oracle_item_not_found,,,0,,0,0,0
52421,51634,10001,10001,　仕入経費（仕入送料）　外税,ACTIVE,3,0,374,12647,,327,Z00,oracle_item_not_found,,,skipped,oracle_item_not_found,,,0,,0,0,0
51327,51573,112692,112692,　舞美人　純米吟醸７２０ｍｌ,ACTIVE,3,0,98,2105,,327,Z00,oracle_no_shelf,,112692000::0:1536:0,skipped,oracle_no_shelf,,,0,,0,0,0
51080,51503,118918,118918,　菊水　菊水の純米酒７２０ｍｌ,ACTIVE,3,0,31,813,,327,Z00,oracle_no_shelf,,118918000::0:1330:0,skipped,oracle_no_shelf,,,0,,0,0,0
51051,51492,121043,121043,　２５°宝　純７２０ｍｌ,ACTIVE,3,0,13,660,,327,Z00,oracle_no_shelf,,121043000::0:1202:0,skipped,oracle_no_shelf,,,0,,0,0,0
56191,44286,152145,152145,　ＬＬ　シモネ　フェブル　シャブリ７５０ｍｌ,ACTIVE,3,0,,,10,327,Z00,oracle_no_shelf,,152145000::0:1002:3,skipped,oracle_no_shelf,,,0,,0,0,0
52201,50417,153755,153755,　バローネ　コルナッキア　トレッビアーノダブルッツォ　７５０ｍｌ,ACTIVE,3,0,311,12104,,327,Z00,oracle_no_shelf,,153755000::0:1513:3,skipped,oracle_no_shelf,,,0,,0,0,0
52110,51624,154179,154179,×デュモル　シャルドネ　ハイランド　ディヴァイド７５０ｍｌ,ACTIVE,3,0,284,11852,,327,Z00,oracle_no_shelf,,154179000::0:1718:0,skipped,oracle_no_shelf,,,0,,0,0,0
56170,25602,155400,155400,　ロータリ　タレン　ブリュット　ロゼ　７５０ｍｌ,ACTIVE,3,0,,,10,327,Z00,oracle_no_shelf,,155400000::0:1138:3,skipped,oracle_no_shelf,,,0,,0,0,0
52113,51627,156589,156589,　タリー　シャルドネ　サンルイス　オビスポコースト　７５０ｍｌ,ACTIVE,3,0,284,11855,,327,Z00,oracle_no_shelf,,156589000::0:1718:0,skipped,oracle_no_shelf,,,0,,0,0,0
56195,51556,157137,157137,　シャトー　オーブランダ　７５０ｍｌ,ACTIVE,3,0,,,10,327,Z00,oracle_no_shelf,,157137000::0:1304:0,skipped,oracle_no_shelf,,,0,,0,0,0
55119,52508,210310,210310,　大黒屋　酎割　巨峰１Ｌ瓶,ACTIVE,3,0,680,50844,10,327,Z00,oracle_no_shelf,,210310000::0:1330:0,skipped,oracle_no_shelf,,,0,,0,0,0
56198,51739,221277,221277,　トーレ・デ・ヌニエズ　ハモンセラーノ１４ヶ月熟成６０ｇ,ACTIVE,3,0,,,10,327,Z00,oracle_no_shelf,,221277000::0:1050:0,skipped,oracle_no_shelf,,,0,,0,0,0
56196,51728,221859,221859,　協同インターナショナル　モモマイルド生ハム切り落とし１２０ｇ,ACTIVE,3,0,,,10,327,Z00,single_oracle_shelf,AY0000,221859000:AY0000:0:1626:0,planned,,472,,0,,0,0,0
56188,42575,245067,245067,　ギアアンチョビペースト６０ｇ,ACTIVE,3,0,,,10,327,Z00,oracle_no_shelf,,245067000::0:1564:3,skipped,oracle_no_shelf,,,0,,0,0,0
55121,52510,250039,250039,　大黒屋　酎割うめ１Ｌ,ACTIVE,3,0,680,50846,10,327,Z00,oracle_no_shelf,,250039000::0:1330:0,skipped,oracle_no_shelf,,,0,,0,0,0
55122,52511,250044,250044,　大黒屋　酎割　青りんご１Ｌ,ACTIVE,3,0,680,50847,10,327,Z00,oracle_no_shelf,,250044000::0:1330:0,skipped,oracle_no_shelf,,,0,,0,0,0
55123,52512,250048,250048,　大黒屋　酎割カシス１Ｌ,ACTIVE,3,0,680,50848,10,327,Z00,oracle_no_shelf,,250048000::0:1330:0,skipped,oracle_no_shelf,,,0,,0,0,0
56197,51738,261194,261194,　ジェラールセレクション　ブルーチーズ１２５ｇ,ACTIVE,3,0,,,10,327,Z00,single_oracle_shelf,AY0000,261194000:AY0000:0:1542:0,planned,,472,,0,,0,0,0
51953,35764,722022,722022,　空容器　ビール樽１５Ｌ,ACTIVE,3,0,46,11485,,327,Z00,oracle_no_shelf,,722022000::0:1021:494,skipped,oracle_no_shelf,,,0,,0,0,0
53015,35764,722022,722022,　空容器　ビール樽１５Ｌ,ACTIVE,3,0,252,15950,,327,Z00,oracle_no_shelf,,722022000::0:1021:494,skipped,oracle_no_shelf,,,0,,0,0,0
53216,35764,722022,722022,　空容器　ビール樽１５Ｌ,ACTIVE,3,0,329,26315,,327,Z00,oracle_no_shelf,,722022000::0:1021:494,skipped,oracle_no_shelf,,,0,,0,0,0
53714,35764,722022,722022,　空容器　ビール樽１５Ｌ,ACTIVE,3,0,428,27480,,327,Z00,oracle_no_shelf,,722022000::0:1021:494,skipped,oracle_no_shelf,,,0,,0,0,0
53925,35764,722022,722022,　空容器　ビール樽１５Ｌ,ACTIVE,3,0,510,27785,,327,Z00,oracle_no_shelf,,722022000::0:1021:494,skipped,oracle_no_shelf,,,0,,0,0,0
54001,35764,722022,722022,　空容器　ビール樽１５Ｌ,ACTIVE,3,0,548,27861,,327,Z00,oracle_no_shelf,,722022000::0:1021:494,skipped,oracle_no_shelf,,,0,,0,0,0
55022,35764,722022,722022,　空容器　ビール樽１５Ｌ,ACTIVE,3,0,657,50467,10,327,Z00,oracle_no_shelf,,722022000::0:1021:494,skipped,oracle_no_shelf,,,0,,0,0,0
55646,35764,722022,722022,　空容器　ビール樽１５Ｌ,ACTIVE,3,0,790,51873,10,327,Z00,oracle_no_shelf,,722022000::0:1021:494,skipped,oracle_no_shelf,,,0,,0,0,0
51959,35766,722024,722024,　空容器　ビール樽２０Ｌ,ACTIVE,3,0,50,11501,,327,Z00,oracle_no_shelf,,722024000::0:1021:1201,skipped,oracle_no_shelf,,,0,,0,0,0
52743,35766,722024,722024,　空容器　ビール樽２０Ｌ,ACTIVE,3,0,142,14122,,327,Z00,oracle_no_shelf,,722024000::0:1021:1201,skipped,oracle_no_shelf,,,0,,0,0,0
52819,35766,722024,722024,　空容器　ビール樽２０Ｌ,ACTIVE,3,0,159,14222,,327,Z00,oracle_no_shelf,,722024000::0:1021:1201,skipped,oracle_no_shelf,,,0,,0,0,0
52848,35766,722024,722024,　空容器　ビール樽２０Ｌ,ACTIVE,-3,0,172,14260,,327,Z00,oracle_no_shelf,,722024000::0:1021:1201,skipped,oracle_no_shelf,,,0,,0,0,0
53039,35766,722024,722024,　空容器　ビール樽２０Ｌ,ACTIVE,3,0,263,15984,,327,Z00,oracle_no_shelf,,722024000::0:1021:1201,skipped,oracle_no_shelf,,,0,,0,0,0
53181,35766,722024,722024,　空容器　ビール樽２０Ｌ,ACTIVE,3,0,313,26277,,327,Z00,oracle_no_shelf,,722024000::0:1021:1201,skipped,oracle_no_shelf,,,0,,0,0,0
53355,35766,722024,722024,　空容器　ビール樽２０Ｌ,ACTIVE,3,0,352,26516,,327,Z00,oracle_no_shelf,,722024000::0:1021:1201,skipped,oracle_no_shelf,,,0,,0,0,0
53362,35766,722024,722024,　空容器　ビール樽２０Ｌ,ACTIVE,3,0,356,26523,,327,Z00,oracle_no_shelf,,722024000::0:1021:1201,skipped,oracle_no_shelf,,,0,,0,0,0
53584,35766,722024,722024,　空容器　ビール樽２０Ｌ,ACTIVE,3,0,385,26958,,327,Z00,oracle_no_shelf,,722024000::0:1021:1201,skipped,oracle_no_shelf,,,0,,0,0,0
53661,35766,722024,722024,　空容器　ビール樽２０Ｌ,ACTIVE,3,0,400,27394,,327,Z00,oracle_no_shelf,,722024000::0:1021:1201,skipped,oracle_no_shelf,,,0,,0,0,0
53812,35766,722024,722024,　空容器　ビール樽２０Ｌ,ACTIVE,3,0,448,27597,,327,Z00,oracle_no_shelf,,722024000::0:1021:1201,skipped,oracle_no_shelf,,,0,,0,0,0
53843,35766,722024,722024,　空容器　ビール樽２０Ｌ,ACTIVE,3,0,468,27692,,327,Z00,oracle_no_shelf,,722024000::0:1021:1201,skipped,oracle_no_shelf,,,0,,0,0,0
53850,35766,722024,722024,　空容器　ビール樽２０Ｌ,ACTIVE,3,0,471,27701,,327,Z00,oracle_no_shelf,,722024000::0:1021:1201,skipped,oracle_no_shelf,,,0,,0,0,0
55178,35766,722024,722024,　空容器　ビール樽２０Ｌ,ACTIVE,3,0,676,51193,10,327,Z00,oracle_no_shelf,,722024000::0:1021:1201,skipped,oracle_no_shelf,,,0,,0,0,0
55236,35766,722024,722024,　空容器　ビール樽２０Ｌ,ACTIVE,3,0,689,51264,10,327,Z00,oracle_no_shelf,,722024000::0:1021:1201,skipped,oracle_no_shelf,,,0,,0,0,0
55351,35766,722024,722024,　空容器　ビール樽２０Ｌ,ACTIVE,3,0,728,51432,10,327,Z00,oracle_no_shelf,,722024000::0:1021:1201,skipped,oracle_no_shelf,,,0,,0,0,0
55708,35766,722024,722024,　空容器　ビール樽２０Ｌ,ACTIVE,3,0,810,51954,10,327,Z00,oracle_no_shelf,,722024000::0:1021:1201,skipped,oracle_no_shelf,,,0,,0,0,0
56366,35766,722024,722024,　空容器　ビール樽２０Ｌ,ACTIVE,3,0,875,52881,10,327,Z00,oracle_no_shelf,,722024000::0:1021:1201,skipped,oracle_no_shelf,,,0,,0,0,0
53071,35767,722030,722030,　空容器　ボンベ５Ｋｇ,ACTIVE,3,0,275,16016,,327,Z00,oracle_no_shelf,,722030000::0:0000:242,skipped,oracle_no_shelf,,,0,,0,0,0
55648,35767,722030,722030,　空容器　ボンベ５Ｋｇ,ACTIVE,3,0,790,51875,10,327,Z00,oracle_no_shelf,,722030000::0:0000:242,skipped,oracle_no_shelf,,,0,,0,0,0
52250,51827,112143,112143,　福千歳上撰１．８Ｌ,ACTIVE,2,0,328,12161,,327,Z00,oracle_no_shelf,,112143000::0:1512:0,skipped,oracle_no_shelf,,,0,,0,0,0
56115,37352,112294,112294,　小浜酒造上撰わかさ１．８Ｌ,ACTIVE,2,0,,,10,327,Z00,oracle_no_shelf,,112294000::0:1694:5|112294800::::5|112294900::::5,skipped,oracle_no_shelf,,,0,,0,0,0
51328,51574,112864,112864,　舞美人山廃純米酒７２０ｍｌ,ACTIVE,2,0,98,2106,,327,Z00,oracle_no_shelf,,112864000::0:1536:0,skipped,oracle_no_shelf,,,0,,0,0,0
56223,44205,118412,118412,　神泉　純米大吟醸１．８Ｌ（箱無し）,ACTIVE,2,0,,,10,327,Z00,oracle_no_shelf,,118412000::0:1021:2,skipped,oracle_no_shelf,,,0,,0,0,0
51329,51575,119093,119093,　舞美人　山廃純米　無濾過生原酒　ｓａｎＱ７２０ｍｌ,ACTIVE,2,0,98,2107,,327,Z00,single_oracle_shelf,AW0000,119093000:AW0000:0:1536:0,planned,,471,,0,,0,0,0
56229,46057,119576,119576,　花垣　純米大吟醸３００ｍｌ,ACTIVE,2,0,,,10,327,Z00,oracle_no_shelf,,119576000::0:1370:2,skipped,oracle_no_shelf,,,0,,0,0,0
52404,51853,132247,132247,　ノアーズ　ミル　７５０ｍｌ（正規）,ACTIVE,2,0,366,12517,,327,Z00,single_oracle_shelf,Q00000,132247000:Q00000:0:1380:0,planned,,2495,,0,,0,0,0
56245,52108,149365,149365,　オハラズ　フィフティファースト　ステイトＩＰＡ３３０ｍｌ瓶,ACTIVE,2,0,,,10,327,Z00,single_oracle_shelf,W06112,149365000:W06112:0:1021:0,planned,,,yes,0,,0,0,0
56232,48241,152836,152836,　アリウェン　レセルヴァ　カベルネソービニヨン　７５０ｍｌ,ACTIVE,2,0,,,10,327,Z00,oracle_no_shelf,,152836000::0:1004:2,skipped,oracle_no_shelf,,,0,,0,0,0
56199,21668,153893,153893,　アリウェン　レセルヴァ　ピノノワール　７５０ｍｌ,ACTIVE,2,0,,,10,327,Z00,oracle_no_shelf,,153893000::0:1004:2,skipped,oracle_no_shelf,,,0,,0,0,0
56200,21669,153894,153894,　アリウェン　レセルヴァ　シャルドネ　７５０ｍｌ,ACTIVE,2,0,,,10,327,Z00,oracle_no_shelf,,153894000::0:1004:2,skipped,oracle_no_shelf,,,0,,0,0,0
52111,51625,154180,154180,×クロ　アンリ　プティ　クロ　ソービニヨン　ブラン７５０ｍｌ,ACTIVE,2,0,284,11853,,327,Z00,oracle_no_shelf,,154180000::0:1718:0,skipped,oracle_no_shelf,,,0,,0,0,0
56202,21724,155005,155005,　ロジャーグラート　カヴァ　グランキュヴェ　７５０ｍｌ,ACTIVE,2,0,,,10,327,Z00,oracle_no_shelf,,155005000::0:1004:2,skipped,oracle_no_shelf,,,0,,0,0,0
52112,51626,155546,155546,　クローヴァーヒル　ピレネーズ　７５０ｍｌ,ACTIVE,2,0,284,11854,,327,Z00,oracle_no_shelf,,155546000::0:1718:0,skipped,oracle_no_shelf,,,0,,0,0,0
56209,27468,155743,155743,　ヴーヴ　デュ　ヴェルネ　ロゼ７５０ｍｌ,ACTIVE,2,0,,,10,327,Z00,oracle_no_shelf,,155743000::0:1138:2,skipped,oracle_no_shelf,,,0,,0,0,0
52114,51628,158717,158717,　オーボンクリマ　シャルドネ　ニュイブランシュ　’２０　７５０ｍｌ,ACTIVE,2,0,284,11856,,327,Z00,oracle_no_shelf,,158717000::0:1718:0,skipped,oracle_no_shelf,,,0,,0,0,0
56241,51753,171951,171951,　梅乃宿　あらごしジンジャー　７２０ｍｌ,ACTIVE,2,0,,,10,327,Z00,oracle_no_shelf,,171951000::0:1851:0,skipped,oracle_no_shelf,,,0,,0,0,0
56246,52295,183039,183039,　キリン　檸檬酒５００ｍｌ,ACTIVE,2,0,,,10,327,Z00,oracle_no_shelf,,183039000::0:1330:0,skipped,oracle_no_shelf,,,0,,0,0,0
55120,52509,210311,210311,　大黒屋酎割　ゆず１Ｌ瓶,ACTIVE,2,0,680,50845,10,327,Z00,oracle_no_shelf,,210311000::0:1330:0,skipped,oracle_no_shelf,,,0,,0,0,0
51355,51585,210518,210518,　ネスレ　特選ココア　ミルク仕立て７５０ｇ,DEPLETED,2,0,101,2184,,327,Z00,oracle_no_shelf,,210518000::0:1069:0,skipped,oracle_no_shelf,,,0,,0,0,0
56243,52098,211792,211792,　ＡＢインベブ　ヒューガルデン　ゼロ３３０ｍｌ,ACTIVE,2,0,,,10,327,Z00,single_oracle_shelf,Q00000,211792000:Q00000:0:1202:0|211792100::::0|211792900::::0,planned,,2495,,0,,0,0,0
56239,51726,221358,221358,　しいの食品　たこわさび８０ｇ,ACTIVE,2,0,,,10,327,Z00,oracle_no_shelf,,221358000::0:1560:0,skipped,oracle_no_shelf,,,0,,0,0,0
52100,51590,244062,244062,　森永　フレッシュＣ３８％１Ｌ,ACTIVE,2,0,282,11821,,327,Z00,single_oracle_shelf,AY0000,244062000:AY0000:0:1171:0,planned,,472,,0,,0,0,0
56242,52097,251064,251064,　ＡＢインベブ　コロナ　セロ　缶３３０ｍｌ,ACTIVE,2,0,,,10,327,Z00,oracle_no_shelf,,251064000::0:1202:0,skipped,oracle_no_shelf,,,0,,0,0,0
53436,51840,262270,262270,　月島　ラブール５００ｇ,ACTIVE,2,0,488,26759,,327,Z00,single_oracle_shelf,AY0000,262270000:AY0000:0:1171:0,planned,,472,,0,,0,0,0
56244,52102,286119,286119,　ＪＡめむろ　十勝産シューストリングポテト８００ｇ,ACTIVE,2,0,,,10,327,Z00,oracle_no_shelf,,286119000::0:1626:0,skipped,oracle_no_shelf,,,0,,0,0,0
51960,35762,722020,722020,　空容器　ビール樽７Ｌ,ACTIVE,2,0,50,11502,,327,Z00,oracle_no_shelf,,722020000::0:1021:190,skipped,oracle_no_shelf,,,0,,0,0,0
52594,35762,722020,722020,　空容器　ビール樽７Ｌ,ACTIVE,2,0,117,13726,,327,Z00,oracle_no_shelf,,722020000::0:1021:190,skipped,oracle_no_shelf,,,0,,0,0,0
53148,35762,722020,722020,　空容器　ビール樽７Ｌ,ACTIVE,2,0,299,16103,,327,Z00,oracle_no_shelf,,722020000::0:1021:190,skipped,oracle_no_shelf,,,0,,0,0,0
55642,35762,722020,722020,　空容器　ビール樽７Ｌ,ACTIVE,2,0,788,51867,10,327,Z00,oracle_no_shelf,,722020000::0:1021:190,skipped,oracle_no_shelf,,,0,,0,0,0
51256,35764,722022,722022,　空容器　ビール樽１５Ｌ,ACTIVE,2,0,20,1887,,327,Z00,oracle_no_shelf,,722022000::0:1021:494,skipped,oracle_no_shelf,,,0,,0,0,0
53073,35764,722022,722022,　空容器　ビール樽１５Ｌ,ACTIVE,2,0,277,16018,,327,Z00,oracle_no_shelf,,722022000::0:1021:494,skipped,oracle_no_shelf,,,0,,0,0,0
53351,35764,722022,722022,　空容器　ビール樽１５Ｌ,ACTIVE,2,0,350,26503,,327,Z00,oracle_no_shelf,,722022000::0:1021:494,skipped,oracle_no_shelf,,,0,,0,0,0
53652,35764,722022,722022,　空容器　ビール樽１５Ｌ,ACTIVE,2,0,394,27380,,327,Z00,oracle_no_shelf,,722022000::0:1021:494,skipped,oracle_no_shelf,,,0,,0,0,0
53679,35764,722022,722022,　空容器　ビール樽１５Ｌ,ACTIVE,2,0,411,27433,,327,Z00,oracle_no_shelf,,722022000::0:1021:494,skipped,oracle_no_shelf,,,0,,0,0,0
53832,35764,722022,722022,　空容器　ビール樽１５Ｌ,ACTIVE,2,0,459,27655,,327,Z00,oracle_no_shelf,,722022000::0:1021:494,skipped,oracle_no_shelf,,,0,,0,0,0
53945,35764,722022,722022,　空容器　ビール樽１５Ｌ,ACTIVE,2,0,521,27805,,327,Z00,oracle_no_shelf,,722022000::0:1021:494,skipped,oracle_no_shelf,,,0,,0,0,0
54007,35764,722022,722022,　空容器　ビール樽１５Ｌ,ACTIVE,2,0,551,27867,,327,Z00,oracle_no_shelf,,722022000::0:1021:494,skipped,oracle_no_shelf,,,0,,0,0,0
54099,35764,722022,722022,　空容器　ビール樽１５Ｌ,ACTIVE,2,0,603,27974,10,327,Z00,oracle_no_shelf,,722022000::0:1021:494,skipped,oracle_no_shelf,,,0,,0,0,0
54107,35764,722022,722022,　空容器　ビール樽１５Ｌ,ACTIVE,2,0,605,27982,,327,Z00,oracle_no_shelf,,722022000::0:1021:494,skipped,oracle_no_shelf,,,0,,0,0,0
55017,35764,722022,722022,　空容器　ビール樽１５Ｌ,ACTIVE,2,0,655,50449,10,327,Z00,oracle_no_shelf,,722022000::0:1021:494,skipped,oracle_no_shelf,,,0,,0,0,0
55206,35764,722022,722022,　空容器　ビール樽１５Ｌ,ACTIVE,2,0,683,51233,10,327,Z00,oracle_no_shelf,,722022000::0:1021:494,skipped,oracle_no_shelf,,,0,,0,0,0
55596,35764,722022,722022,　空容器　ビール樽１５Ｌ,ACTIVE,2,0,779,51743,10,327,Z00,oracle_no_shelf,,722022000::0:1021:494,skipped,oracle_no_shelf,,,0,,0,0,0
55709,35764,722022,722022,　空容器　ビール樽１５Ｌ,ACTIVE,2,0,810,51955,10,327,Z00,oracle_no_shelf,,722022000::0:1021:494,skipped,oracle_no_shelf,,,0,,0,0,0
51243,35766,722024,722024,　空容器　ビール樽２０Ｌ,ACTIVE,2,0,14,1871,,327,Z00,oracle_no_shelf,,722024000::0:1021:1201,skipped,oracle_no_shelf,,,0,,0,0,0
51949,35766,722024,722024,　空容器　ビール樽２０Ｌ,ACTIVE,2,0,44,11481,,327,Z00,oracle_no_shelf,,722024000::0:1021:1201,skipped,oracle_no_shelf,,,0,,0,0,0
51955,35766,722024,722024,　空容器　ビール樽２０Ｌ,ACTIVE,2,0,47,11497,,327,Z00,oracle_no_shelf,,722024000::0:1021:1201,skipped,oracle_no_shelf,,,0,,0,0,0
51961,35766,722024,722024,　空容器　ビール樽２０Ｌ,ACTIVE,2,0,51,11509,,327,Z00,oracle_no_shelf,,722024000::0:1021:1201,skipped,oracle_no_shelf,,,0,,0,0,0
52459,35766,722024,722024,　空容器　ビール樽２０Ｌ,ACTIVE,2,0,93,12764,,327,Z00,oracle_no_shelf,,722024000::0:1021:1201,skipped,oracle_no_shelf,,,0,,0,0,0
52509,35766,722024,722024,　空容器　ビール樽２０Ｌ,ACTIVE,2,0,106,12947,,327,Z00,oracle_no_shelf,,722024000::0:1021:1201,skipped,oracle_no_shelf,,,0,,0,0,0
52521,35766,722024,722024,　空容器　ビール樽２０Ｌ,ACTIVE,2,0,111,12959,,327,Z00,oracle_no_shelf,,722024000::0:1021:1201,skipped,oracle_no_shelf,,,0,,0,0,0
52528,35766,722024,722024,　空容器　ビール樽２０Ｌ,ACTIVE,2,0,112,12967,,327,Z00,oracle_no_shelf,,722024000::0:1021:1201,skipped,oracle_no_shelf,,,0,,0,0,0
52820,35766,722024,722024,　空容器　ビール樽２０Ｌ,ACTIVE,2,0,160,14223,,327,Z00,oracle_no_shelf,,722024000::0:1021:1201,skipped,oracle_no_shelf,,,0,,0,0,0
52836,35766,722024,722024,　空容器　ビール樽２０Ｌ,ACTIVE,2,0,166,14244,,327,Z00,oracle_no_shelf,,722024000::0:1021:1201,skipped,oracle_no_shelf,,,0,,0,0,0
52839,35766,722024,722024,　空容器　ビール樽２０Ｌ,ACTIVE,2,0,168,14247,,327,Z00,oracle_no_shelf,,722024000::0:1021:1201,skipped,oracle_no_shelf,,,0,,0,0,0
52842,35766,722024,722024,　空容器　ビール樽２０Ｌ,ACTIVE,2,0,169,14250,,327,Z00,oracle_no_shelf,,722024000::0:1021:1201,skipped,oracle_no_shelf,,,0,,0,0,0
53176,35766,722024,722024,　空容器　ビール樽２０Ｌ,ACTIVE,2,0,310,26272,,327,Z00,oracle_no_shelf,,722024000::0:1021:1201,skipped,oracle_no_shelf,,,0,,0,0,0
53229,35766,722024,722024,　空容器　ビール樽２０Ｌ,ACTIVE,2,0,334,26351,,327,Z00,oracle_no_shelf,,722024000::0:1021:1201,skipped,oracle_no_shelf,,,0,,0,0,0
53278,35766,722024,722024,　空容器　ビール樽２０Ｌ,ACTIVE,2,0,338,26415,,327,Z00,oracle_no_shelf,,722024000::0:1021:1201,skipped,oracle_no_shelf,,,0,,0,0,0
53360,35766,722024,722024,　空容器　ビール樽２０Ｌ,ACTIVE,2,0,355,26521,,327,Z00,oracle_no_shelf,,722024000::0:1021:1201,skipped,oracle_no_shelf,,,0,,0,0,0
53393,35766,722024,722024,　空容器　ビール樽２０Ｌ,ACTIVE,2,0,367,26682,,327,Z00,oracle_no_shelf,,722024000::0:1021:1201,skipped,oracle_no_shelf,,,0,,0,0,0
53417,35766,722024,722024,　空容器　ビール樽２０Ｌ,ACTIVE,2,0,376,26722,,327,Z00,oracle_no_shelf,,722024000::0:1021:1201,skipped,oracle_no_shelf,,,0,,0,0,0
53657,35766,722024,722024,　空容器　ビール樽２０Ｌ,ACTIVE,2,0,397,27389,,327,Z00,oracle_no_shelf,,722024000::0:1021:1201,skipped,oracle_no_shelf,,,0,,0,0,0
53687,35766,722024,722024,　空容器　ビール樽２０Ｌ,ACTIVE,2,0,416,27453,,327,Z00,oracle_no_shelf,,722024000::0:1021:1201,skipped,oracle_no_shelf,,,0,,0,0,0
53688,35766,722024,722024,　空容器　ビール樽２０Ｌ,ACTIVE,2,0,417,27454,,327,Z00,oracle_no_shelf,,722024000::0:1021:1201,skipped,oracle_no_shelf,,,0,,0,0,0
53693,35766,722024,722024,　空容器　ビール樽２０Ｌ,ACTIVE,2,0,421,27459,,327,Z00,oracle_no_shelf,,722024000::0:1021:1201,skipped,oracle_no_shelf,,,0,,0,0,0
53699,35766,722024,722024,　空容器　ビール樽２０Ｌ,ACTIVE,2,0,424,27465,,327,Z00,oracle_no_shelf,,722024000::0:1021:1201,skipped,oracle_no_shelf,,,0,,0,0,0
53847,35766,722024,722024,　空容器　ビール樽２０Ｌ,ACTIVE,2,0,470,27696,,327,Z00,oracle_no_shelf,,722024000::0:1021:1201,skipped,oracle_no_shelf,,,0,,0,0,0
53883,35766,722024,722024,　空容器　ビール樽２０Ｌ,ACTIVE,2,0,488,27740,,327,Z00,oracle_no_shelf,,722024000::0:1021:1201,skipped,oracle_no_shelf,,,0,,0,0,0
53904,35766,722024,722024,　空容器　ビール樽２０Ｌ,ACTIVE,2,0,498,27761,,327,Z00,oracle_no_shelf,,722024000::0:1021:1201,skipped,oracle_no_shelf,,,0,,0,0,0
53921,35766,722024,722024,　空容器　ビール樽２０Ｌ,ACTIVE,2,0,507,27781,,327,Z00,oracle_no_shelf,,722024000::0:1021:1201,skipped,oracle_no_shelf,,,0,,0,0,0
53961,35766,722024,722024,　空容器　ビール樽２０Ｌ,ACTIVE,2,0,529,27821,,327,Z00,oracle_no_shelf,,722024000::0:1021:1201,skipped,oracle_no_shelf,,,0,,0,0,0
54967,35766,722024,722024,　空容器　ビール樽２０Ｌ,ACTIVE,2,0,631,50322,10,327,Z00,oracle_no_shelf,,722024000::0:1021:1201,skipped,oracle_no_shelf,,,0,,0,0,0
54985,35766,722024,722024,　空容器　ビール樽２０Ｌ,ACTIVE,2,0,639,50379,10,327,Z00,oracle_no_shelf,,722024000::0:1021:1201,skipped,oracle_no_shelf,,,0,,0,0,0
55021,35766,722024,722024,　空容器　ビール樽２０Ｌ,ACTIVE,2,0,657,50466,10,327,Z00,oracle_no_shelf,,722024000::0:1021:1201,skipped,oracle_no_shelf,,,0,,0,0,0
55145,35766,722024,722024,　空容器　ビール樽２０Ｌ,ACTIVE,2,0,663,50972,10,327,Z00,oracle_no_shelf,,722024000::0:1021:1201,skipped,oracle_no_shelf,,,0,,0,0,0
55151,35766,722024,722024,　空容器　ビール樽２０Ｌ,ACTIVE,2,0,667,51136,10,327,Z00,oracle_no_shelf,,722024000::0:1021:1201,skipped,oracle_no_shelf,,,0,,0,0,0
55160,35766,722024,722024,　空容器　ビール樽２０Ｌ,ACTIVE,2,0,672,51145,10,327,Z00,oracle_no_shelf,,722024000::0:1021:1201,skipped,oracle_no_shelf,,,0,,0,0,0
55170,35766,722024,722024,　空容器　ビール樽２０Ｌ,ACTIVE,2,0,674,51176,10,327,Z00,oracle_no_shelf,,722024000::0:1021:1201,skipped,oracle_no_shelf,,,0,,0,0,0
55194,35766,722024,722024,　空容器　ビール樽２０Ｌ,ACTIVE,2,0,680,51220,10,327,Z00,oracle_no_shelf,,722024000::0:1021:1201,skipped,oracle_no_shelf,,,0,,0,0,0
55204,35766,722024,722024,　空容器　ビール樽２０Ｌ,ACTIVE,2,0,682,51231,10,327,Z00,oracle_no_shelf,,722024000::0:1021:1201,skipped,oracle_no_shelf,,,0,,0,0,0
55238,35766,722024,722024,　空容器　ビール樽２０Ｌ,ACTIVE,2,0,690,51266,10,327,Z00,oracle_no_shelf,,722024000::0:1021:1201,skipped,oracle_no_shelf,,,0,,0,0,0
55332,35766,722024,722024,　空容器　ビール樽２０Ｌ,ACTIVE,2,0,720,51413,10,327,Z00,oracle_no_shelf,,722024000::0:1021:1201,skipped,oracle_no_shelf,,,0,,0,0,0
55341,35766,722024,722024,　空容器　ビール樽２０Ｌ,ACTIVE,2,0,723,51422,10,327,Z00,oracle_no_shelf,,722024000::0:1021:1201,skipped,oracle_no_shelf,,,0,,0,0,0
55582,35766,722024,722024,　空容器　ビール樽２０Ｌ,ACTIVE,2,0,773,51726,10,327,Z00,oracle_no_shelf,,722024000::0:1021:1201,skipped,oracle_no_shelf,,,0,,0,0,0
55589,35766,722024,722024,　空容器　ビール樽２０Ｌ,ACTIVE,2,0,774,51735,10,327,Z00,oracle_no_shelf,,722024000::0:1021:1201,skipped,oracle_no_shelf,,,0,,0,0,0
55590,35766,722024,722024,　空容器　ビール樽２０Ｌ,ACTIVE,2,0,775,51736,10,327,Z00,oracle_no_shelf,,722024000::0:1021:1201,skipped,oracle_no_shelf,,,0,,0,0,0
55640,35766,722024,722024,　空容器　ビール樽２０Ｌ,ACTIVE,2,0,788,51865,10,327,Z00,oracle_no_shelf,,722024000::0:1021:1201,skipped,oracle_no_shelf,,,0,,0,0,0
55680,35766,722024,722024,　空容器　ビール樽２０Ｌ,ACTIVE,2,0,802,51914,10,327,Z00,oracle_no_shelf,,722024000::0:1021:1201,skipped,oracle_no_shelf,,,0,,0,0,0
55710,35766,722024,722024,　空容器　ビール樽２０Ｌ,ACTIVE,2,0,811,51956,10,327,Z00,oracle_no_shelf,,722024000::0:1021:1201,skipped,oracle_no_shelf,,,0,,0,0,0
55732,35766,722024,722024,　空容器　ビール樽２０Ｌ,ACTIVE,2,0,819,51982,10,327,Z00,oracle_no_shelf,,722024000::0:1021:1201,skipped,oracle_no_shelf,,,0,,0,0,0
55803,35766,722024,722024,　空容器　ビール樽２０Ｌ,ACTIVE,2,0,838,52067,10,327,Z00,oracle_no_shelf,,722024000::0:1021:1201,skipped,oracle_no_shelf,,,0,,0,0,0
51947,35767,722030,722030,　空容器　ボンベ５Ｋｇ,ACTIVE,2,0,43,11479,,327,Z00,oracle_no_shelf,,722030000::0:0000:242,skipped,oracle_no_shelf,,,0,,0,0,0
52780,35767,722030,722030,　空容器　ボンベ５Ｋｇ,ACTIVE,2,0,151,14183,,327,Z00,oracle_no_shelf,,722030000::0:0000:242,skipped,oracle_no_shelf,,,0,,0,0,0
53217,35767,722030,722030,　空容器　ボンベ５Ｋｇ,ACTIVE,2,0,329,26316,,327,Z00,oracle_no_shelf,,722030000::0:0000:242,skipped,oracle_no_shelf,,,0,,0,0,0
54002,35767,722030,722030,　空容器　ボンベ５Ｋｇ,ACTIVE,2,0,548,27862,,327,Z00,oracle_no_shelf,,722030000::0:0000:242,skipped,oracle_no_shelf,,,0,,0,0,0
54922,35767,722030,722030,　空容器　ボンベ５Ｋｇ,ACTIVE,2,0,611,50264,10,327,Z00,oracle_no_shelf,,722030000::0:0000:242,skipped,oracle_no_shelf,,,0,,0,0,0
55027,35767,722030,722030,　空容器　ボンベ５Ｋｇ,ACTIVE,2,0,658,50474,10,327,Z00,oracle_no_shelf,,722030000::0:0000:242,skipped,oracle_no_shelf,,,0,,0,0,0
55751,35767,722030,722030,　空容器　ボンベ５Ｋｇ,ACTIVE,2,0,824,52004,10,327,Z00,oracle_no_shelf,,722030000::0:0000:242,skipped,oracle_no_shelf,,,0,,0,0,0
51582,51634,10001,10001,　仕入経費（仕入送料）　外税,ACTIVE,1,0,149,9573,,327,Z00,oracle_item_not_found,,,skipped,oracle_item_not_found,,,0,,0,0,0
51724,51634,10001,10001,　仕入経費（仕入送料）　外税,ACTIVE,1,0,192,9850,,327,Z00,oracle_item_not_found,,,skipped,oracle_item_not_found,,,0,,0,0,0
52420,51634,10001,10001,　仕入経費（仕入送料）　外税,ACTIVE,1,0,374,12646,,327,Z00,oracle_item_not_found,,,skipped,oracle_item_not_found,,,0,,0,0,0
52543,51634,10001,10001,　仕入経費（仕入送料）　外税,ACTIVE,1,0,390,13326,,327,Z00,oracle_item_not_found,,,skipped,oracle_item_not_found,,,0,,0,0,0
52662,51634,10001,10001,　仕入経費（仕入送料）　外税,ACTIVE,1,0,413,13940,,327,Z00,oracle_item_not_found,,,skipped,oracle_item_not_found,,,0,,0,0,0
53630,51634,10001,10001,　仕入経費（仕入送料）　外税,ACTIVE,1,0,523,27078,,327,Z00,oracle_item_not_found,,,skipped,oracle_item_not_found,,,0,,0,0,0
55115,51634,10001,10001,　仕入経費（仕入送料）　外税,ACTIVE,1,0,677,50840,10,327,Z00,oracle_item_not_found,,,skipped,oracle_item_not_found,,,0,,0,0,0
55124,51634,10001,10001,　仕入経費（仕入送料）　外税,ACTIVE,1,0,680,50849,10,327,Z00,oracle_item_not_found,,,skipped,oracle_item_not_found,,,0,,0,0,0
55125,51634,10001,10001,　仕入経費（仕入送料）　外税,ACTIVE,1,0,681,50850,10,327,Z00,oracle_item_not_found,,,skipped,oracle_item_not_found,,,0,,0,0,0
55891,51634,10001,10001,　仕入経費（仕入送料）　外税,ACTIVE,1,0,769,52206,10,327,Z00,oracle_item_not_found,,,skipped,oracle_item_not_found,,,0,,0,0,0
56647,51634,10001,10001,　仕入経費（仕入送料）　外税,ACTIVE,1,0,849,53379,10,327,Z00,oracle_item_not_found,,,skipped,oracle_item_not_found,,,0,,0,0,0
53268,52128,1004019,100015,　森永　フレッシュヘビィ４５,ACTIVE,1,0,460,26398,,327,Z00,oracle_item_not_found,,,skipped,oracle_item_not_found,,,0,,0,0,0
52385,51843,112117,112117,　越前岬　大吟醸　吟の雫１．８Ｌ,ACTIVE,1,0,361,12486,,327,Z00,single_oracle_shelf,Q00000,112117000:Q00000:0:1460:0,planned,,2495,,0,,0,0,0
52150,51802,112363,112363,　一乃谷本醸造　勝鬼７２０ｍｌ,ACTIVE,1,0,296,11991,,327,Z00,oracle_no_shelf,,112363000::0:1572:0,skipped,oracle_no_shelf,,,0,,0,0,0
56335,51736,112495,112495,　華燭本醸造７２０ｍｌ,ACTIVE,1,0,,,10,327,Z00,oracle_no_shelf,,112495000::0:1021:0,skipped,oracle_no_shelf,,,0,,0,0,0
52152,51803,112556,112556,　一乃谷大吟醸原酒　薫７２０ｍｌ,ACTIVE,1,0,296,11993,,327,Z00,oracle_no_shelf,,112556000::0:1572:0,skipped,oracle_no_shelf,,,0,,0,0,0
56289,40550,113038,113038,　菊姫山廃純米７２０ｍｌ,ACTIVE,1,0,,,10,327,Z00,oracle_no_shelf,,113038000::0:1021:1,skipped,oracle_no_shelf,,,0,,0,0,0
56290,40560,113137,113137,　大七　純米生もと　生原酒７２０ｍｌ,ACTIVE,1,0,,,10,327,Z00,oracle_no_shelf,,113137000::0:1385:1,skipped,oracle_no_shelf,,,0,,0,0,0
56341,52103,113628,113628,　久保田千寿　吟醸７２０ｍｌ,ACTIVE,1,0,,,10,327,Z00,single_oracle_shelf,Q00000,113628000:Q00000:0:1797:0,planned,,2495,,0,,0,0,0
56339,51771,116026,116026,　無冠盃辛口パック２Ｌ,ACTIVE,1,0,,,10,327,Z00,single_oracle_shelf,YX0000,116026000:YX0000:0:1290:0|116026900::::0,planned,,2671,,0,,0,0,0
56300,44206,118483,118483,　黒帯特別純米　悠々１．８Ｌ,ACTIVE,1,0,,,10,327,Z00,oracle_no_shelf,,118483000::0:1021:1,skipped,oracle_no_shelf,,,0,,0,0,0
51376,51466,118561,118561,　三笑楽純米１．８Ｌ,ACTIVE,1,0,116,2315,,327,Z00,oracle_no_shelf,,118561000::0:1021:0,skipped,oracle_no_shelf,,,0,,0,0,0
51197,51467,118599,118599,　銀盤特別純米　剱岳１．８Ｌ,ACTIVE,1,0,72,939,,327,Z00,oracle_no_shelf,,118599000::0:1021:0,skipped,oracle_no_shelf,,,0,,0,0,0
56302,44224,118920,118920,　名倉山　純米　Ｌａｋｅ×Ｗｈａｌｅ？　夕涼７２０ｍｌ,ACTIVE,1,0,,,10,327,Z00,oracle_no_shelf,,118920000::0:1385:1,skipped,oracle_no_shelf,,,0,,0,0,0
52247,44231,119052,119052,　北の庄　純米大吟醸　さかほまれ米７２０ｍｌ,ACTIVE,1,0,327,12156,,327,Z00,oracle_no_shelf,,119052000::0:1539:1,skipped,oracle_no_shelf,,,0,,0,0,0
52248,51826,119171,119171,　福千歳　純米辛口　さかほまれ７２０ｍｌ,ACTIVE,1,0,328,12159,,327,Z00,oracle_no_shelf,,119171000::0:1512:0,skipped,oracle_no_shelf,,,0,,0,0,0
56305,44251,119325,119325,　越前岬　槽搾り純米「九頭竜」１．８Ｌ　※卸不可,ACTIVE,1,0,,,10,327,Z00,oracle_no_shelf,,119325000::0:1460:1,skipped,oracle_no_shelf,,,0,,0,0,0
56312,46071,119681,119681,　永平寺白龍　山田錦　純米大吟醸４０７２０ｍｌ（頒布会２０２５）,ACTIVE,1,0,,,10,327,Z00,oracle_no_shelf,,119681000::0:1263:1,skipped,oracle_no_shelf,,,0,,0,0,0
56313,46072,119682,119682,　一乃谷　さかほまれ純米大吟醸　稀覯７２０ｍｌ（頒布会２０２５）,ACTIVE,1,0,,,10,327,Z00,oracle_no_shelf,,119682000::0:1572:1,skipped,oracle_no_shelf,,,0,,0,0,0
56314,46073,119683,119683,　越前岬　さかほまれ純米大吟醸　あらばしり７２０ｍｌ（頒布会２０２５）,ACTIVE,1,0,,,10,327,Z00,oracle_no_shelf,,119683000::0:1460:1,skipped,oracle_no_shelf,,,0,,0,0,0
56315,46075,119695,119695,　常山　純米辛口　超１．８Ｌ,ACTIVE,1,0,,,10,327,Z00,oracle_no_shelf,,119695000::0:0001:1,skipped,oracle_no_shelf,,,0,,0,0,0
56324,50373,122455,122455,　２５°なんこ７２０ｍｌ（芋）,ACTIVE,1,0,,,10,327,Z00,oracle_no_shelf,,122455000::0:1021:1|122455900::::1,skipped,oracle_no_shelf,,,0,,0,0,0
56336,51740,131524,131524,　桜尾蒸留所　ソガイニ　７００ｍｌ,ACTIVE,1,0,,,10,327,Z00,oracle_no_shelf,,131524000::0:1202:0,skipped,oracle_no_shelf,,,0,,0,0,0
56265,29526,132069,132069,　アイラミスト８年　アモンティリャードカスク　ミニセレクション１００ｍｌ,ACTIVE,1,0,,,10,327,Z00,oracle_no_shelf,,132069000::0:9999:1,skipped,oracle_no_shelf,,,0,,0,0,0
56238,51457,143201,143201,　タップマルシェ　豊潤（４９６）６Ｌ,ACTIVE,1,0,,,10,327,Z00,oracle_no_shelf,,143201000::0:1723:0,skipped,oracle_no_shelf,,,0,,0,0,0
55052,52241,143333,143333,　タップマルシェ　スプリングバレー　ホップ飲みくらべセット６Ｌ,ACTIVE,1,0,645,50532,10,327,Z00,oracle_no_shelf,,143333000::0:1723:0,skipped,oracle_no_shelf,,,0,,0,0,0
56571,51464,145024,145024,　サッポロ　エーデルピルス　樽１０Ｌ,ACTIVE,1,0,823,53281,10,327,Z00,single_oracle_shelf,AG30ED,145024000:AG30ED:0:1202:0,planned,,,yes,0,,0,0,0
56318,48252,152949,152949,　チリンギート　コベ　シャルドネ　７５０ｍｌ,ACTIVE,1,0,,,10,327,Z00,oracle_no_shelf,,152949000::0:1563:1,skipped,oracle_no_shelf,,,0,,0,0,0
56319,48253,152951,152951,　チリンギート　コベ　カベルネ　７５０ｍｌ,ACTIVE,1,0,,,10,327,Z00,oracle_no_shelf,,152951000::0:1563:1,skipped,oracle_no_shelf,,,0,,0,0,0
56325,50391,153430,153430,　ムラダル　ティント　７５０ｍｌ,ACTIVE,1,0,,,10,327,Z00,oracle_no_shelf,,153430000::0:1563:1,skipped,oracle_no_shelf,,,0,,0,0,0
56247,21683,154146,154146,　ムラダル　ブランコ　７５０ｍｌ,ACTIVE,1,0,,,10,327,Z00,oracle_no_shelf,,154146000::0:1563:1,skipped,oracle_no_shelf,,,0,,0,0,0
56248,21684,154150,154150,　エゴット　トレッビアーノ　シャルドネ　３Ｌ,ACTIVE,1,0,,,10,327,Z00,oracle_no_shelf,,154150000::0:1226:1,skipped,oracle_no_shelf,,,0,,0,0,0
52395,51849,154464,154464,　ブシャールＰ＆Ｆ　ピュリニーモンラッシェ　シャンガン　７５０ｍｌ,ACTIVE,1,0,363,12500,,327,Z00,oracle_no_shelf,,154464000::0:1313:0,skipped,oracle_no_shelf,,,0,,0,0,0
52394,51848,154466,154466,　オーパスワン　’２２　７５０ｍｌ,ACTIVE,1,0,363,12499,,327,Z00,oracle_no_shelf,,154466000::0:1313:0,skipped,oracle_no_shelf,,,0,,0,0,0
56066,25641,155661,155661,　グランクルタージュ　グランキュヴェ　ブランドブラン　７５０ｍｌ,ACTIVE,7,6,,,10,327,Z00,oracle_no_shelf,,155661000::0:1313:7,skipped,oracle_no_shelf,,,0,,0,0,0
56260,27472,155802,155802,　ソウメイ　プラチナ　箱入　７５０ｍｌ,ACTIVE,1,0,,,10,327,Z00,oracle_no_shelf,,155802000::0:2014:1,skipped,oracle_no_shelf,,,0,,0,0,0
52396,51850,155850,155850,　アンリオ　リナタンデュ　箱入　７５０ｍｌ,ACTIVE,1,0,363,12501,,327,Z00,oracle_no_shelf,,155850000::0:1313:0,skipped,oracle_no_shelf,,,0,,0,0,0
51201,51468,156865,156865,　ラデラ　ヴェルデ　レッド　１．５Ｌ,ACTIVE,1,0,72,943,,327,Z00,oracle_no_shelf,,156865000::0:1330:0,skipped,oracle_no_shelf,,,0,,0,0,0
56346,52266,171335,171335,　鳴門鯛にごりゆず酒７２０ｍｌ,ACTIVE,1,0,,,10,327,Z00,single_oracle_shelf,Q00000,171335000:Q00000:0:1202:0,planned,,2495,,0,,0,0,0
56310,44366,171761,171761,　南都酒造所　ハブ入りハブ酒１．８Ｌ,ACTIVE,1,0,,,10,327,Z00,oracle_no_shelf,,171761000::0:1202:1,skipped,oracle_no_shelf,,,0,,0,0,0
56583,52812,171991,171991,　チョーヤ　フレンチオーク樽熟成　７００ｍｌ,ACTIVE,1,0,831,53295,10,327,Z00,oracle_no_shelf,,171991000::0:1021:0,skipped,oracle_no_shelf,,,0,,0,0,0
52060,51779,172232,172232,　モーツァルト　チョコレートクリーム　３５０ｍｌ,ACTIVE,1,0,275,11722,,327,Z00,oracle_no_shelf,,172232000::0:1021:0,skipped,oracle_no_shelf,,,0,,0,0,0
56262,27547,210807,210807,　宮崎本店　焼酎用うめエキス　割梅１ＬＰＥＴ,ACTIVE,1,0,,,10,327,Z00,oracle_no_shelf,,210807000::0:1202:1,skipped,oracle_no_shelf,,,0,,0,0,0
53085,51519,213524,213524,　コカコーラ　ミニッツメイド　オレンジ　業務用１Ｌパック,ACTIVE,1,0,438,16030,,327,Z00,oracle_no_shelf,,213524000::0:9999:0,skipped,oracle_no_shelf,,,0,,0,0,0
56327,51519,213524,213524,　コカコーラ　ミニッツメイド　オレンジ　業務用１Ｌパック,ACTIVE,1,0,,,10,327,Z00,oracle_no_shelf,,213524000::0:9999:0,skipped,oracle_no_shelf,,,0,,0,0,0
51156,37473,215204,215204,×エムアールアイおいしい緑茶　２Ｌ,DEPLETED,1,0,66,898,,327,Z00,oracle_no_shelf,,215204000::0:1202:-1|215204900::::-1,skipped,oracle_no_shelf,,,0,,0,0,0
56282,37473,215204,215204,×エムアールアイおいしい緑茶　２Ｌ,ACTIVE,1,0,,,10,327,Z00,oracle_no_shelf,,215204000::0:1202:-1|215204900::::-1,skipped,oracle_no_shelf,,,0,,0,0,0
51383,51605,231293,231293,　キューピー　フレンチドレッシング赤１Ｌ,DEPLETED,1,0,118,2323,,327,Z00,oracle_no_shelf,,231293000::0:1073:0,skipped,oracle_no_shelf,,,0,,0,0,0
55407,51605,231293,231293,　キューピー　フレンチドレッシング赤１Ｌ,ACTIVE,1,0,712,51497,10,327,Z00,oracle_no_shelf,,231293000::0:1073:0,skipped,oracle_no_shelf,,,0,,0,0,0
56331,51605,231293,231293,　キューピー　フレンチドレッシング赤１Ｌ,ACTIVE,1,0,,,10,327,Z00,oracle_no_shelf,,231293000::0:1073:0,skipped,oracle_no_shelf,,,0,,0,0,0
56330,51601,231446,231446,　ミツカン　ぽん酢　ＰＥＴ１．８Ｌ,ACTIVE,1,0,,,10,327,Z00,oracle_no_shelf,,231446000::0:1073:0,skipped,oracle_no_shelf,,,0,,0,0,0
52473,40731,231842,231842,　東海ナッツ　アーモンドパウダー１Ｋｇ,DEPLETED,1,0,378,12806,,327,Z00,oracle_no_shelf,,231842000::0:1171:-2,skipped,oracle_no_shelf,,,0,,0,0,0
56343,52119,241040,241040,　ＭＹ　グレナデン　シロップ３００ｍｌ,ACTIVE,1,0,,,10,327,Z00,single_oracle_shelf,Q00000,241040000:Q00000:0:1330:0,planned,,2495,,0,,0,0,0
52107,51594,244057,244057,　ダッチカカオココアパウダーミッドレッド　２２２４,ACTIVE,1,0,283,11841,,327,Z00,oracle_no_shelf,,244057000::0:1171:0,skipped,oracle_no_shelf,,,0,,0,0,0
52109,51607,246756,246756,　ボワロン　冷凍ピューレ　マンゴ１Ｋｇ,ACTIVE,1,0,283,11843,,327,Z00,oracle_no_shelf,,246756000::0:1171:0,skipped,oracle_no_shelf,,,0,,0,0,0
52108,51595,248054,248054,　東洋ナッツ　ヘーゼルパウダー　皮付１Ｋｇ,ACTIVE,1,0,283,11842,,327,Z00,oracle_no_shelf,,248054000::0:1171:0,skipped,oracle_no_shelf,,,0,,0,0,0
52105,51592,248690,248690,　ピュラトス　ショコランテ　ガーデナー　ミルク３９％１Ｋｇ,ACTIVE,1,0,283,11839,,327,Z00,oracle_no_shelf,,248690000::0:1171:0,skipped,oracle_no_shelf,,,0,,0,0,0
56329,51587,261137,261137,　キャステロ　ダナブルー９１ｇ,ACTIVE,1,0,,,10,327,Z00,single_oracle_shelf,AY0000,261137000:AY0000:0:1542:0,planned,,472,,0,,0,0,0
52106,51593,261382,261382,　森永　無塩バター　発酵４５０ｇ,ACTIVE,1,0,283,11840,,327,Z00,single_oracle_shelf,YB8000,261382000:YB8000:0:1171:0,planned,,2668,,0,,0,0,0
56342,52118,262571,262571,　ブルサン　ガーリック＆ハーブ８０ｇ,ACTIVE,1,0,,,10,327,Z00,oracle_no_shelf,,262571000::0:1542:0,skipped,oracle_no_shelf,,,0,,0,0,0
56333,51727,284758,284758,　ハートフル畑　切り餅シングルパック１Ｋｇ,ACTIVE,1,0,,,10,327,Z00,oracle_no_shelf,,284758000::0:1290:0,skipped,oracle_no_shelf,,,0,,0,0,0
52477,50498,287420,287420,　Ｃ＆Ｃ　ライ麦　中挽１Ｋｇ,ACTIVE,1,0,380,12810,,327,Z00,oracle_no_shelf,,287420000::0:1171:-1,skipped,oracle_no_shelf,,,0,,0,0,0
53435,50498,287420,287420,　Ｃ＆Ｃ　ライ麦　中挽１Ｋｇ,ACTIVE,1,0,487,26758,,327,Z00,oracle_no_shelf,,287420000::0:1171:-1,skipped,oracle_no_shelf,,,0,,0,0,0
56344,52129,287473,287473,　森永乳業　ＦＨ３６　１Ｌ,ACTIVE,1,0,,,10,327,Z00,oracle_no_shelf,,287473000::0:1171:0,skipped,oracle_no_shelf,,,0,,0,0,0
56672,51860,631231,631231,　味の素　フレンチドレッシング　白　１Ｌ,ACTIVE,1,0,861,53497,10,327,Z00,oracle_no_shelf,,631231000::1:1753:0,skipped,oracle_no_shelf,,,0,,0,0,0
52458,35762,722020,722020,　空容器　ビール樽７Ｌ,ACTIVE,1,0,92,12762,,327,Z00,oracle_no_shelf,,722020000::0:1021:190,skipped,oracle_no_shelf,,,0,,0,0,0
52770,35762,722020,722020,　空容器　ビール樽７Ｌ,ACTIVE,1,0,148,14173,,327,Z00,oracle_no_shelf,,722020000::0:1021:190,skipped,oracle_no_shelf,,,0,,0,0,0
52810,35762,722020,722020,　空容器　ビール樽７Ｌ,ACTIVE,1,0,157,14213,,327,Z00,oracle_no_shelf,,722020000::0:1021:190,skipped,oracle_no_shelf,,,0,,0,0,0
52984,35762,722020,722020,　空容器　ビール樽７Ｌ,ACTIVE,1,0,233,15904,,327,Z00,oracle_no_shelf,,722020000::0:1021:190,skipped,oracle_no_shelf,,,0,,0,0,0
53009,35762,722020,722020,　空容器　ビール樽７Ｌ,ACTIVE,1,0,248,15944,,327,Z00,oracle_no_shelf,,722020000::0:1021:190,skipped,oracle_no_shelf,,,0,,0,0,0
53070,35762,722020,722020,　空容器　ビール樽７Ｌ,ACTIVE,1,0,275,16015,,327,Z00,oracle_no_shelf,,722020000::0:1021:190,skipped,oracle_no_shelf,,,0,,0,0,0
53129,35762,722020,722020,　空容器　ビール樽７Ｌ,ACTIVE,1,0,295,16084,,327,Z00,oracle_no_shelf,,722020000::0:1021:190,skipped,oracle_no_shelf,,,0,,0,0,0
53165,35762,722020,722020,　空容器　ビール樽７Ｌ,ACTIVE,1,0,305,17637,,327,Z00,oracle_no_shelf,,722020000::0:1021:190,skipped,oracle_no_shelf,,,0,,0,0,0
53399,35762,722020,722020,　空容器　ビール樽７Ｌ,ACTIVE,1,0,370,26689,,327,Z00,oracle_no_shelf,,722020000::0:1021:190,skipped,oracle_no_shelf,,,0,,0,0,0
53721,35762,722020,722020,　空容器　ビール樽７Ｌ,ACTIVE,1,0,430,27487,,327,Z00,oracle_no_shelf,,722020000::0:1021:190,skipped,oracle_no_shelf,,,0,,0,0,0
53851,35762,722020,722020,　空容器　ビール樽７Ｌ,ACTIVE,1,0,471,27702,,327,Z00,oracle_no_shelf,,722020000::0:1021:190,skipped,oracle_no_shelf,,,0,,0,0,0
54067,35762,722020,722020,　空容器　ビール樽７Ｌ,ACTIVE,1,0,582,27932,,327,Z00,oracle_no_shelf,,722020000::0:1021:190,skipped,oracle_no_shelf,,,0,,0,0,0
54096,35762,722020,722020,　空容器　ビール樽７Ｌ,ACTIVE,1,0,601,27971,,327,Z00,oracle_no_shelf,,722020000::0:1021:190,skipped,oracle_no_shelf,,,0,,0,0,0
55143,35762,722020,722020,　空容器　ビール樽７Ｌ,ACTIVE,1,0,620,50879,10,327,Z00,oracle_no_shelf,,722020000::0:1021:190,skipped,oracle_no_shelf,,,0,,0,0,0
55383,35762,722020,722020,　空容器　ビール樽７Ｌ,ACTIVE,1,0,739,51466,10,327,Z00,oracle_no_shelf,,722020000::0:1021:190,skipped,oracle_no_shelf,,,0,,0,0,0
55720,35762,722020,722020,　空容器　ビール樽７Ｌ,ACTIVE,1,0,816,51968,10,327,Z00,oracle_no_shelf,,722020000::0:1021:190,skipped,oracle_no_shelf,,,0,,0,0,0
55763,35762,722020,722020,　空容器　ビール樽７Ｌ,ACTIVE,1,0,830,52017,10,327,Z00,oracle_no_shelf,,722020000::0:1021:190,skipped,oracle_no_shelf,,,0,,0,0,0
55905,35762,722020,722020,　空容器　ビール樽７Ｌ,ACTIVE,1,0,868,52220,10,327,Z00,oracle_no_shelf,,722020000::0:1021:190,skipped,oracle_no_shelf,,,0,,0,0,0
51939,35764,722022,722022,　空容器　ビール樽１５Ｌ,ACTIVE,1,0,41,11471,,327,Z00,oracle_no_shelf,,722022000::0:1021:494,skipped,oracle_no_shelf,,,0,,0,0,0
51956,35764,722022,722022,　空容器　ビール樽１５Ｌ,ACTIVE,1,0,47,11498,,327,Z00,oracle_no_shelf,,722022000::0:1021:494,skipped,oracle_no_shelf,,,0,,0,0,0
52482,35764,722022,722022,　空容器　ビール樽１５Ｌ,ACTIVE,1,0,102,12820,,327,Z00,oracle_no_shelf,,722022000::0:1021:494,skipped,oracle_no_shelf,,,0,,0,0,0
52522,35764,722022,722022,　空容器　ビール樽１５Ｌ,ACTIVE,1,0,111,12960,,327,Z00,oracle_no_shelf,,722022000::0:1021:494,skipped,oracle_no_shelf,,,0,,0,0,0
52794,35764,722022,722022,　空容器　ビール樽１５Ｌ,ACTIVE,1,0,155,14197,,327,Z00,oracle_no_shelf,,722022000::0:1021:494,skipped,oracle_no_shelf,,,0,,0,0,0
52809,35764,722022,722022,　空容器　ビール樽１５Ｌ,ACTIVE,1,0,157,14212,,327,Z00,oracle_no_shelf,,722022000::0:1021:494,skipped,oracle_no_shelf,,,0,,0,0,0
52900,35764,722022,722022,　空容器　ビール樽１５Ｌ,ACTIVE,1,0,193,14318,,327,Z00,oracle_no_shelf,,722022000::0:1021:494,skipped,oracle_no_shelf,,,0,,0,0,0
53107,35764,722022,722022,　空容器　ビール樽１５Ｌ,ACTIVE,1,0,287,16058,10,327,Z00,oracle_no_shelf,,722022000::0:1021:494,skipped,oracle_no_shelf,,,0,,0,0,0
53159,35764,722022,722022,　空容器　ビール樽１５Ｌ,ACTIVE,1,0,304,16114,,327,Z00,oracle_no_shelf,,722022000::0:1021:494,skipped,oracle_no_shelf,,,0,,0,0,0
53182,35764,722022,722022,　空容器　ビール樽１５Ｌ,ACTIVE,1,0,313,26278,,327,Z00,oracle_no_shelf,,722022000::0:1021:494,skipped,oracle_no_shelf,,,0,,0,0,0
53392,35764,722022,722022,　空容器　ビール樽１５Ｌ,ACTIVE,1,0,366,26673,,327,Z00,oracle_no_shelf,,722022000::0:1021:494,skipped,oracle_no_shelf,,,0,,0,0,0
53398,35764,722022,722022,　空容器　ビール樽１５Ｌ,ACTIVE,1,0,370,26688,,327,Z00,oracle_no_shelf,,722022000::0:1021:494,skipped,oracle_no_shelf,,,0,,0,0,0
53449,35764,722022,722022,　空容器　ビール樽１５Ｌ,ACTIVE,1,0,381,26799,,327,Z00,oracle_no_shelf,,722022000::0:1021:494,skipped,oracle_no_shelf,,,0,,0,0,0
53662,35764,722022,722022,　空容器　ビール樽１５Ｌ,ACTIVE,1,0,400,27395,,327,Z00,oracle_no_shelf,,722022000::0:1021:494,skipped,oracle_no_shelf,,,0,,0,0,0
53676,35764,722022,722022,　空容器　ビール樽１５Ｌ,ACTIVE,1,0,409,27430,,327,Z00,oracle_no_shelf,,722022000::0:1021:494,skipped,oracle_no_shelf,,,0,,0,0,0
53700,35764,722022,722022,　空容器　ビール樽１５Ｌ,ACTIVE,1,0,98,27466,,327,Z00,oracle_no_shelf,,722022000::0:1021:494,skipped,oracle_no_shelf,,,0,,0,0,0
53813,35764,722022,722022,　空容器　ビール樽１５Ｌ,ACTIVE,1,0,449,27598,,327,Z00,oracle_no_shelf,,722022000::0:1021:494,skipped,oracle_no_shelf,,,0,,0,0,0
53931,35764,722022,722022,　空容器　ビール樽１５Ｌ,ACTIVE,1,0,515,27791,,327,Z00,oracle_no_shelf,,722022000::0:1021:494,skipped,oracle_no_shelf,,,0,,0,0,0
53998,35764,722022,722022,　空容器　ビール樽１５Ｌ,ACTIVE,1,0,547,27858,,327,Z00,oracle_no_shelf,,722022000::0:1021:494,skipped,oracle_no_shelf,,,0,,0,0,0
54074,35764,722022,722022,　空容器　ビール樽１５Ｌ,ACTIVE,1,0,585,27939,,327,Z00,oracle_no_shelf,,722022000::0:1021:494,skipped,oracle_no_shelf,,,0,,0,0,0
54108,35764,722022,722022,　空容器　ビール樽１５Ｌ,ACTIVE,1,0,606,27983,,327,Z00,oracle_no_shelf,,722022000::0:1021:494,skipped,oracle_no_shelf,,,0,,0,0,0
55007,35764,722022,722022,　空容器　ビール樽１５Ｌ,ACTIVE,1,0,648,50418,10,327,Z00,oracle_no_shelf,,722022000::0:1021:494,skipped,oracle_no_shelf,,,0,,0,0,0
55161,35764,722022,722022,　空容器　ビール樽１５Ｌ,ACTIVE,1,0,672,51146,10,327,Z00,oracle_no_shelf,,722022000::0:1021:494,skipped,oracle_no_shelf,,,0,,0,0,0
55180,35764,722022,722022,　空容器　ビール樽１５Ｌ,ACTIVE,1,0,677,51195,10,327,Z00,oracle_no_shelf,,722022000::0:1021:494,skipped,oracle_no_shelf,,,0,,0,0,0
55195,35764,722022,722022,　空容器　ビール樽１５Ｌ,ACTIVE,1,0,681,51222,10,327,Z00,oracle_no_shelf,,722022000::0:1021:494,skipped,oracle_no_shelf,,,0,,0,0,0
55247,35764,722022,722022,　空容器　ビール樽１５Ｌ,ACTIVE,1,0,692,51275,10,327,Z00,oracle_no_shelf,,722022000::0:1021:494,skipped,oracle_no_shelf,,,0,,0,0,0
55308,35764,722022,722022,　空容器　ビール樽１５Ｌ,ACTIVE,1,0,712,51388,10,327,Z00,oracle_no_shelf,,722022000::0:1021:494,skipped,oracle_no_shelf,,,0,,0,0,0
55313,35764,722022,722022,　空容器　ビール樽１５Ｌ,ACTIVE,1,0,714,51393,10,327,Z00,oracle_no_shelf,,722022000::0:1021:494,skipped,oracle_no_shelf,,,0,,0,0,0
55345,35764,722022,722022,　空容器　ビール樽１５Ｌ,ACTIVE,1,0,725,51426,10,327,Z00,oracle_no_shelf,,722022000::0:1021:494,skipped,oracle_no_shelf,,,0,,0,0,0
55382,35764,722022,722022,　空容器　ビール樽１５Ｌ,ACTIVE,1,0,739,51465,10,327,Z00,oracle_no_shelf,,722022000::0:1021:494,skipped,oracle_no_shelf,,,0,,0,0,0
55461,35764,722022,722022,　空容器　ビール樽１５Ｌ,ACTIVE,1,0,752,51583,10,327,Z00,oracle_no_shelf,,722022000::0:1021:494,skipped,oracle_no_shelf,,,0,,0,0,0
55641,35764,722022,722022,　空容器　ビール樽１５Ｌ,ACTIVE,1,0,788,51866,10,327,Z00,oracle_no_shelf,,722022000::0:1021:494,skipped,oracle_no_shelf,,,0,,0,0,0
55677,35764,722022,722022,　空容器　ビール樽１５Ｌ,ACTIVE,1,0,800,51908,10,327,Z00,oracle_no_shelf,,722022000::0:1021:494,skipped,oracle_no_shelf,,,0,,0,0,0
55804,35764,722022,722022,　空容器　ビール樽１５Ｌ,ACTIVE,1,0,838,52068,10,327,Z00,oracle_no_shelf,,722022000::0:1021:494,skipped,oracle_no_shelf,,,0,,0,0,0
55904,35764,722022,722022,　空容器　ビール樽１５Ｌ,ACTIVE,1,0,868,52219,10,327,Z00,oracle_no_shelf,,722022000::0:1021:494,skipped,oracle_no_shelf,,,0,,0,0,0
56378,35764,722022,722022,　空容器　ビール樽１５Ｌ,ACTIVE,1,0,881,52898,10,327,Z00,oracle_no_shelf,,722022000::0:1021:494,skipped,oracle_no_shelf,,,0,,0,0,0
56696,35764,722022,722022,　空容器　ビール樽１５Ｌ,ACTIVE,1,0,908,53818,10,327,Z00,oracle_no_shelf,,722022000::0:1021:494,skipped,oracle_no_shelf,,,0,,0,0,0
51250,35766,722024,722024,　空容器　ビール樽２０Ｌ,ACTIVE,1,0,18,1881,,327,Z00,oracle_no_shelf,,722024000::0:1021:1201,skipped,oracle_no_shelf,,,0,,0,0,0
51928,35766,722024,722024,　空容器　ビール樽２０Ｌ,ACTIVE,1,0,34,11459,,327,Z00,oracle_no_shelf,,722024000::0:1021:1201,skipped,oracle_no_shelf,,,0,,0,0,0
51929,35766,722024,722024,　空容器　ビール樽２０Ｌ,ACTIVE,1,0,35,11460,,327,Z00,oracle_no_shelf,,722024000::0:1021:1201,skipped,oracle_no_shelf,,,0,,0,0,0
51931,35766,722024,722024,　空容器　ビール樽２０Ｌ,ACTIVE,1,0,36,11463,,327,Z00,oracle_no_shelf,,722024000::0:1021:1201,skipped,oracle_no_shelf,,,0,,0,0,0
51952,35766,722024,722024,　空容器　ビール樽２０Ｌ,ACTIVE,1,0,45,11484,,327,Z00,oracle_no_shelf,,722024000::0:1021:1201,skipped,oracle_no_shelf,,,0,,0,0,0
52471,35766,722024,722024,　空容器　ビール樽２０Ｌ,ACTIVE,1,0,99,12795,,327,Z00,oracle_no_shelf,,722024000::0:1021:1201,skipped,oracle_no_shelf,,,0,,0,0,0
52764,35766,722024,722024,　空容器　ビール樽２０Ｌ,ACTIVE,1,0,147,14167,,327,Z00,oracle_no_shelf,,722024000::0:1021:1201,skipped,oracle_no_shelf,,,0,,0,0,0
52815,35766,722024,722024,　空容器　ビール樽２０Ｌ,ACTIVE,1,0,158,14218,,327,Z00,oracle_no_shelf,,722024000::0:1021:1201,skipped,oracle_no_shelf,,,0,,0,0,0
52988,35766,722024,722024,　空容器　ビール樽２０Ｌ,ACTIVE,1,0,235,15908,,327,Z00,oracle_no_shelf,,722024000::0:1021:1201,skipped,oracle_no_shelf,,,0,,0,0,0
53018,35766,722024,722024,　空容器　ビール樽２０Ｌ,ACTIVE,1,0,253,15953,,327,Z00,oracle_no_shelf,,722024000::0:1021:1201,skipped,oracle_no_shelf,,,0,,0,0,0
53055,35766,722024,722024,　空容器　ビール樽２０Ｌ,ACTIVE,1,0,270,16000,,327,Z00,oracle_no_shelf,,722024000::0:1021:1201,skipped,oracle_no_shelf,,,0,,0,0,0
53116,35766,722024,722024,　空容器　ビール樽２０Ｌ,ACTIVE,1,0,290,16067,,327,Z00,oracle_no_shelf,,722024000::0:1021:1201,skipped,oracle_no_shelf,,,0,,0,0,0
53297,35766,722024,722024,　空容器　ビール樽２０Ｌ,ACTIVE,1,0,339,26434,,327,Z00,oracle_no_shelf,,722024000::0:1021:1201,skipped,oracle_no_shelf,,,0,,0,0,0
53305,35766,722024,722024,　空容器　ビール樽２０Ｌ,ACTIVE,1,0,341,26442,,327,Z00,oracle_no_shelf,,722024000::0:1021:1201,skipped,oracle_no_shelf,,,0,,0,0,0
53654,35766,722024,722024,　空容器　ビール樽２０Ｌ,ACTIVE,1,0,395,27382,,327,Z00,oracle_no_shelf,,722024000::0:1021:1201,skipped,oracle_no_shelf,,,0,,0,0,0
53656,35766,722024,722024,　空容器　ビール樽２０Ｌ,ACTIVE,1,0,396,27384,,327,Z00,oracle_no_shelf,,722024000::0:1021:1201,skipped,oracle_no_shelf,,,0,,0,0,0
53664,35766,722024,722024,　空容器　ビール樽２０Ｌ,ACTIVE,1,0,401,27397,,327,Z00,oracle_no_shelf,,722024000::0:1021:1201,skipped,oracle_no_shelf,,,0,,0,0,0
53666,35766,722024,722024,　空容器　ビール樽２０Ｌ,ACTIVE,1,0,402,27400,,327,Z00,oracle_no_shelf,,722024000::0:1021:1201,skipped,oracle_no_shelf,,,0,,0,0,0
53667,35766,722024,722024,　空容器　ビール樽２０Ｌ,ACTIVE,1,0,403,27401,,327,Z00,oracle_no_shelf,,722024000::0:1021:1201,skipped,oracle_no_shelf,,,0,,0,0,0
53668,35766,722024,722024,　空容器　ビール樽２０Ｌ,ACTIVE,1,0,404,27402,,327,Z00,oracle_no_shelf,,722024000::0:1021:1201,skipped,oracle_no_shelf,,,0,,0,0,0
53685,35766,722024,722024,　空容器　ビール樽２０Ｌ,ACTIVE,1,0,415,27451,,327,Z00,oracle_no_shelf,,722024000::0:1021:1201,skipped,oracle_no_shelf,,,0,,0,0,0
53691,35766,722024,722024,　空容器　ビール樽２０Ｌ,ACTIVE,1,0,419,27457,,327,Z00,oracle_no_shelf,,722024000::0:1021:1201,skipped,oracle_no_shelf,,,0,,0,0,0
53698,35766,722024,722024,　空容器　ビール樽２０Ｌ,ACTIVE,1,0,423,27464,,327,Z00,oracle_no_shelf,,722024000::0:1021:1201,skipped,oracle_no_shelf,,,0,,0,0,0
53704,35766,722024,722024,　空容器　ビール樽２０Ｌ,ACTIVE,1,0,425,27470,,327,Z00,oracle_no_shelf,,722024000::0:1021:1201,skipped,oracle_no_shelf,,,0,,0,0,0
53711,35766,722024,722024,　空容器　ビール樽２０Ｌ,ACTIVE,1,0,427,27477,,327,Z00,oracle_no_shelf,,722024000::0:1021:1201,skipped,oracle_no_shelf,,,0,,0,0,0
53800,35766,722024,722024,　空容器　ビール樽２０Ｌ,ACTIVE,1,0,443,27585,,327,Z00,oracle_no_shelf,,722024000::0:1021:1201,skipped,oracle_no_shelf,,,0,,0,0,0
53807,35766,722024,722024,　空容器　ビール樽２０Ｌ,ACTIVE,1,0,446,27592,,327,Z00,oracle_no_shelf,,722024000::0:1021:1201,skipped,oracle_no_shelf,,,0,,0,0,0
53815,35766,722024,722024,　空容器　ビール樽２０Ｌ,ACTIVE,1,0,450,27600,,327,Z00,oracle_no_shelf,,722024000::0:1021:1201,skipped,oracle_no_shelf,,,0,,0,0,0
53891,35766,722024,722024,　空容器　ビール樽２０Ｌ,ACTIVE,1,0,492,27748,,327,Z00,oracle_no_shelf,,722024000::0:1021:1201,skipped,oracle_no_shelf,,,0,,0,0,0
53919,35766,722024,722024,　空容器　ビール樽２０Ｌ,ACTIVE,1,0,505,27779,,327,Z00,oracle_no_shelf,,722024000::0:1021:1201,skipped,oracle_no_shelf,,,0,,0,0,0
54091,35766,722024,722024,　空容器　ビール樽２０Ｌ,ACTIVE,1,0,598,27966,,327,Z00,oracle_no_shelf,,722024000::0:1021:1201,skipped,oracle_no_shelf,,,0,,0,0,0
54114,35766,722024,722024,　空容器　ビール樽２０Ｌ,ACTIVE,1,0,608,27989,,327,Z00,oracle_no_shelf,,722024000::0:1021:1201,skipped,oracle_no_shelf,,,0,,0,0,0
54961,35766,722024,722024,　空容器　ビール樽２０Ｌ,ACTIVE,1,0,628,50316,10,327,Z00,oracle_no_shelf,,722024000::0:1021:1201,skipped,oracle_no_shelf,,,0,,0,0,0
54965,35766,722024,722024,　空容器　ビール樽２０Ｌ,ACTIVE,1,0,630,50320,10,327,Z00,oracle_no_shelf,,722024000::0:1021:1201,skipped,oracle_no_shelf,,,0,,0,0,0
54968,35766,722024,722024,　空容器　ビール樽２０Ｌ,ACTIVE,1,0,632,50323,10,327,Z00,oracle_no_shelf,,722024000::0:1021:1201,skipped,oracle_no_shelf,,,0,,0,0,0
54970,35766,722024,722024,　空容器　ビール樽２０Ｌ,ACTIVE,1,0,633,50325,10,327,Z00,oracle_no_shelf,,722024000::0:1021:1201,skipped,oracle_no_shelf,,,0,,0,0,0
54999,35766,722024,722024,　空容器　ビール樽２０Ｌ,ACTIVE,1,0,644,50410,10,327,Z00,oracle_no_shelf,,722024000::0:1021:1201,skipped,oracle_no_shelf,,,0,,0,0,0
55000,35766,722024,722024,　空容器　ビール樽２０Ｌ,ACTIVE,1,0,645,50411,10,327,Z00,oracle_no_shelf,,722024000::0:1021:1201,skipped,oracle_no_shelf,,,0,,0,0,0
55006,35766,722024,722024,　空容器　ビール樽２０Ｌ,ACTIVE,1,0,648,50417,10,327,Z00,oracle_no_shelf,,722024000::0:1021:1201,skipped,oracle_no_shelf,,,0,,0,0,0
55019,35766,722024,722024,　空容器　ビール樽２０Ｌ,ACTIVE,1,0,656,50457,10,327,Z00,oracle_no_shelf,,722024000::0:1021:1201,skipped,oracle_no_shelf,,,0,,0,0,0
55337,35766,722024,722024,　空容器　ビール樽２０Ｌ,ACTIVE,1,0,722,51418,10,327,Z00,oracle_no_shelf,,722024000::0:1021:1201,skipped,oracle_no_shelf,,,0,,0,0,0
55349,35766,722024,722024,　空容器　ビール樽２０Ｌ,ACTIVE,1,0,727,51430,10,327,Z00,oracle_no_shelf,,722024000::0:1021:1201,skipped,oracle_no_shelf,,,0,,0,0,0
55391,35766,722024,722024,　空容器　ビール樽２０Ｌ,ACTIVE,1,0,740,51474,10,327,Z00,oracle_no_shelf,,722024000::0:1021:1201,skipped,oracle_no_shelf,,,0,,0,0,0
55460,35766,722024,722024,　空容器　ビール樽２０Ｌ,ACTIVE,1,0,752,51582,10,327,Z00,oracle_no_shelf,,722024000::0:1021:1201,skipped,oracle_no_shelf,,,0,,0,0,0
55591,35766,722024,722024,　空容器　ビール樽２０Ｌ,ACTIVE,1,0,776,51738,10,327,Z00,oracle_no_shelf,,722024000::0:1021:1201,skipped,oracle_no_shelf,,,0,,0,0,0
55592,35766,722024,722024,　空容器　ビール樽２０Ｌ,ACTIVE,1,0,777,51739,10,327,Z00,oracle_no_shelf,,722024000::0:1021:1201,skipped,oracle_no_shelf,,,0,,0,0,0
55665,35766,722024,722024,　空容器　ビール樽２０Ｌ,ACTIVE,1,0,794,51894,10,327,Z00,oracle_no_shelf,,722024000::0:1021:1201,skipped,oracle_no_shelf,,,0,,0,0,0
55691,35766,722024,722024,　空容器　ビール樽２０Ｌ,ACTIVE,1,0,807,51929,10,327,Z00,oracle_no_shelf,,722024000::0:1021:1201,skipped,oracle_no_shelf,,,0,,0,0,0
55707,35766,722024,722024,　空容器　ビール樽２０Ｌ,ACTIVE,1,0,809,51953,10,327,Z00,oracle_no_shelf,,722024000::0:1021:1201,skipped,oracle_no_shelf,,,0,,0,0,0
55715,35766,722024,722024,　空容器　ビール樽２０Ｌ,ACTIVE,1,0,813,51963,10,327,Z00,oracle_no_shelf,,722024000::0:1021:1201,skipped,oracle_no_shelf,,,0,,0,0,0
55779,35766,722024,722024,　空容器　ビール樽２０Ｌ,ACTIVE,1,0,835,52034,10,327,Z00,oracle_no_shelf,,722024000::0:1021:1201,skipped,oracle_no_shelf,,,0,,0,0,0
55781,35766,722024,722024,　空容器　ビール樽２０Ｌ,ACTIVE,1,0,836,52045,10,327,Z00,oracle_no_shelf,,722024000::0:1021:1201,skipped,oracle_no_shelf,,,0,,0,0,0
56376,35766,722024,722024,　空容器　ビール樽２０Ｌ,ACTIVE,1,0,808,52894,10,327,Z00,oracle_no_shelf,,722024000::0:1021:1201,skipped,oracle_no_shelf,,,0,,0,0,0
56658,35766,722024,722024,　空容器　ビール樽２０Ｌ,ACTIVE,1,0,903,53434,10,327,Z00,oracle_no_shelf,,722024000::0:1021:1201,skipped,oracle_no_shelf,,,0,,0,0,0
56664,35766,722024,722024,　空容器　ビール樽２０Ｌ,ACTIVE,1,0,904,53441,10,327,Z00,oracle_no_shelf,,722024000::0:1021:1201,skipped,oracle_no_shelf,,,0,,0,0,0
51242,35767,722030,722030,　空容器　ボンベ５Ｋｇ,ACTIVE,1,0,13,1868,,327,Z00,oracle_no_shelf,,722030000::0:0000:242,skipped,oracle_no_shelf,,,0,,0,0,0
51943,35767,722030,722030,　空容器　ボンベ５Ｋｇ,ACTIVE,1,0,42,11475,,327,Z00,oracle_no_shelf,,722030000::0:0000:242,skipped,oracle_no_shelf,,,0,,0,0,0
51950,35767,722030,722030,　空容器　ボンベ５Ｋｇ,ACTIVE,1,0,44,11482,,327,Z00,oracle_no_shelf,,722030000::0:0000:242,skipped,oracle_no_shelf,,,0,,0,0,0
51968,35767,722030,722030,　空容器　ボンベ５Ｋｇ,ACTIVE,1,0,54,11521,,327,Z00,oracle_no_shelf,,722030000::0:0000:242,skipped,oracle_no_shelf,,,0,,0,0,0
52439,35767,722030,722030,　空容器　ボンベ５Ｋｇ,ACTIVE,1,0,84,12691,,327,Z00,oracle_no_shelf,,722030000::0:0000:242,skipped,oracle_no_shelf,,,0,,0,0,0
52461,35767,722030,722030,　空容器　ボンベ５Ｋｇ,ACTIVE,1,0,94,12770,,327,Z00,oracle_no_shelf,,722030000::0:0000:242,skipped,oracle_no_shelf,,,0,,0,0,0
52507,35767,722030,722030,　空容器　ボンベ５Ｋｇ,ACTIVE,1,0,105,12945,,327,Z00,oracle_no_shelf,,722030000::0:0000:242,skipped,oracle_no_shelf,,,0,,0,0,0
52510,35767,722030,722030,　空容器　ボンベ５Ｋｇ,ACTIVE,1,0,106,12948,,327,Z00,oracle_no_shelf,,722030000::0:0000:242,skipped,oracle_no_shelf,,,0,,0,0,0
52519,35767,722030,722030,　空容器　ボンベ５Ｋｇ,ACTIVE,1,0,110,12957,,327,Z00,oracle_no_shelf,,722030000::0:0000:242,skipped,oracle_no_shelf,,,0,,0,0,0
52529,35767,722030,722030,　空容器　ボンベ５Ｋｇ,ACTIVE,1,0,112,12968,,327,Z00,oracle_no_shelf,,722030000::0:0000:242,skipped,oracle_no_shelf,,,0,,0,0,0
52760,35767,722030,722030,　空容器　ボンベ５Ｋｇ,ACTIVE,1,0,146,14163,,327,Z00,oracle_no_shelf,,722030000::0:0000:242,skipped,oracle_no_shelf,,,0,,0,0,0
52786,35767,722030,722030,　空容器　ボンベ５Ｋｇ,ACTIVE,1,0,152,14189,,327,Z00,oracle_no_shelf,,722030000::0:0000:242,skipped,oracle_no_shelf,,,0,,0,0,0
52831,35767,722030,722030,　空容器　ボンベ５Ｋｇ,ACTIVE,1,0,164,14238,,327,Z00,oracle_no_shelf,,722030000::0:0000:242,skipped,oracle_no_shelf,,,0,,0,0,0
52840,35767,722030,722030,　空容器　ボンベ５Ｋｇ,ACTIVE,1,0,168,14248,,327,Z00,oracle_no_shelf,,722030000::0:0000:242,skipped,oracle_no_shelf,,,0,,0,0,0
53060,35767,722030,722030,　空容器　ボンベ５Ｋｇ,ACTIVE,1,0,271,16005,,327,Z00,oracle_no_shelf,,722030000::0:0000:242,skipped,oracle_no_shelf,,,0,,0,0,0
53665,35767,722030,722030,　空容器　ボンベ５Ｋｇ,ACTIVE,1,0,401,27398,,327,Z00,oracle_no_shelf,,722030000::0:0000:242,skipped,oracle_no_shelf,,,0,,0,0,0
53903,35767,722030,722030,　空容器　ボンベ５Ｋｇ,ACTIVE,1,0,497,27760,,327,Z00,oracle_no_shelf,,722030000::0:0000:242,skipped,oracle_no_shelf,,,0,,0,0,0
54945,35767,722030,722030,　空容器　ボンベ５Ｋｇ,ACTIVE,1,0,620,50289,10,327,Z00,oracle_no_shelf,,722030000::0:0000:242,skipped,oracle_no_shelf,,,0,,0,0,0
54955,35767,722030,722030,　空容器　ボンベ５Ｋｇ,ACTIVE,1,0,625,50301,10,327,Z00,oracle_no_shelf,,722030000::0:0000:242,skipped,oracle_no_shelf,,,0,,0,0,0
54971,35767,722030,722030,　空容器　ボンベ５Ｋｇ,ACTIVE,1,0,633,50326,10,327,Z00,oracle_no_shelf,,722030000::0:0000:242,skipped,oracle_no_shelf,,,0,,0,0,0
55001,35767,722030,722030,　空容器　ボンベ５Ｋｇ,ACTIVE,1,0,645,50412,10,327,Z00,oracle_no_shelf,,722030000::0:0000:242,skipped,oracle_no_shelf,,,0,,0,0,0
55010,35767,722030,722030,　空容器　ボンベ５Ｋｇ,ACTIVE,1,0,650,50421,10,327,Z00,oracle_no_shelf,,722030000::0:0000:242,skipped,oracle_no_shelf,,,0,,0,0,0
55152,35767,722030,722030,　空容器　ボンベ５Ｋｇ,ACTIVE,1,0,667,51137,10,327,Z00,oracle_no_shelf,,722030000::0:0000:242,skipped,oracle_no_shelf,,,0,,0,0,0
55239,35767,722030,722030,　空容器　ボンベ５Ｋｇ,ACTIVE,1,0,690,51267,10,327,Z00,oracle_no_shelf,,722030000::0:0000:242,skipped,oracle_no_shelf,,,0,,0,0,0
55352,35767,722030,722030,　空容器　ボンベ５Ｋｇ,ACTIVE,1,0,728,51433,10,327,Z00,oracle_no_shelf,,722030000::0:0000:242,skipped,oracle_no_shelf,,,0,,0,0,0
55749,35767,722030,722030,　空容器　ボンベ５Ｋｇ,ACTIVE,1,0,823,52001,10,327,Z00,oracle_no_shelf,,722030000::0:0000:242,skipped,oracle_no_shelf,,,0,,0,0,0
55764,35767,722030,722030,　空容器　ボンベ５Ｋｇ,ACTIVE,1,0,831,52018,10,327,Z00,oracle_no_shelf,,722030000::0:0000:242,skipped,oracle_no_shelf,,,0,,0,0,0
56363,35767,722030,722030,　空容器　ボンベ５Ｋｇ,ACTIVE,1,0,873,52877,10,327,Z00,oracle_no_shelf,,722030000::0:0000:242,skipped,oracle_no_shelf,,,0,,0,0,0
56659,35767,722030,722030,　空容器　ボンベ５Ｋｇ,ACTIVE,1,0,903,53435,10,327,Z00,oracle_no_shelf,,722030000::0:0000:242,skipped,oracle_no_shelf,,,0,,0,0,0
51137,51511,114095,114095,○白鶴上撰サケパック２Ｌ,ACTIVE,6,6,62,870,,327,Z00,oracle_no_shelf,,114095000::0:1021:0|114095900::::0,skipped,oracle_no_shelf,,,0,,0,0,0
51138,51512,214194,214194,　アサヒワンダ　特製カフェオレ１８５ｇ缶,ACTIVE,30,30,63,871,,327,Z00,manual_multiple_oracle_shelves,H08202|Q00000,214194000:Q00000:0:1106:0|214194100:H08202:::0|214194900:H08202:::0,skipped,manual_multiple_oracle_shelves,,,0,,0,0,0
53430,52153,247096,247096,　明治　果汁グミ　ぶどう５４ｇ,ACTIVE,10,10,485,26750,,327,Z00,single_oracle_shelf,I00000,247096000:I00000:0:1127:0,planned,,1810,,0,,0,0,0
