status,message,direction,mode,real_stock_id,warehouse_id,warehouse_code,item_id,item_code,item_name,real_current,real_reserved,real_available,pickable_available,delta,applied_qty,lot_ids,location_id,location_code,location_source
created,,increase,create,35779,91,91,920000,920000,部システム９２０（お肉）,17536,0,17536,0,17536,17536,55908,11,ZZ-1,item_default_location
updated,,decrease,decrease,50457,91,91,184067,184067,　キリン　のどごし＜生＞　３５０ｍｌ,6782,50,6732,15934,-9202,9202,50014,,,
updated,,decrease,decrease,37402,91,91,143024,143024,◎アサヒ　スーパードライ３５０ｍｌ,32302,184,32118,40662,-8544,8544,37155,,,
updated,,decrease,decrease,37407,91,91,143059,143059,◎キリン　一番搾り３５０ｍｌ,6738,50,6688,14173,-7485,7485,37160,,,
updated,,decrease,decrease,35632,91,91,142543,142543,　サントリー　生ビール３５０ｍｌ,-1008,0,0,7008,-7008,7008,35452|51271,,,
updated,,decrease,decrease,38970,91,91,147017,147017,　キリン　本麒麟３５０ｍｌ,11310,0,11310,17208,-5898,5898,38705,,,
updated,,decrease,decrease,37411,91,91,143074,143074,◎サッポロ　黒ラベル　３５０ｍｌ,2130,26,2104,7371,-5267,5267,37164,,,
updated,,decrease,decrease,50465,91,91,184144,184144,　サントリー　金麦３５０ｍｌ,11583,24,11559,16344,-4785,4785,50022,,,
updated,,decrease,decrease,21736,91,91,184409,184409,　キリン　氷結ＺＥＲＯ　レモン　３５０ｍｌ,2953,1,2952,7464,-4512,4512,21712,,,
updated,,decrease,decrease,35633,91,91,142627,142627,　キリン　晴れ風３５０ｍｌ,408,24,384,4632,-4248,4248,35453,,,
updated,,decrease,decrease,40584,91,91,147213,147213,　キリン　のどごし　ＺＥＲＯ３５０ｍｌ,1872,0,1872,5808,-3936,3936,40294,,,
updated,,decrease,decrease,50458,91,91,184068,184068,　キリン　のどごし＜生＞　５００ｍｌ,480,0,480,4344,-3864,3864,50015|52347,,,
updated,,decrease,decrease,40580,91,91,147084,147084,　サントリー　金麦　糖質ｏｆｆ３５０ｍｌ,5564,0,5564,9384,-3820,3820,40290,,,
updated,,decrease,decrease,38958,91,91,145017,145017,　キリン　淡麗プラチナダブル３５０ｍｌ,16872,0,16872,20328,-3456,3456,38695,,,
updated,,decrease,decrease,40581,91,91,147124,147124,　サッポロ　麦とホップ３５０ｍｌ,118,0,118,2976,-2858,2858,40291,,,
updated,,decrease,decrease,21786,91,91,185021,185021,　アサヒ　Ｏｆｆ（オフ）３５０ｍｌ缶,3552,0,3552,6408,-2856,2856,21760,,,
updated,,decrease,decrease,38968,91,91,147003,147003,　キリン　麒麟淡麗グリーンラベル３５０ｍｌ,14760,0,14760,17424,-2664,2664,38703,,,
updated,,decrease,decrease,27563,91,91,210923,210923,　但馬の天然水５５０ｍｌ,32354,1324,31030,33510,-2480,2480,27429,,,
updated,,decrease,decrease,37394,91,91,143005,143005,◎キリンラガー３５０ｍｌ,3748,1,3747,6185,-2438,2438,37147,,,
updated,,decrease,decrease,40579,91,91,147081,147081,　キリン　本麒麟５００ｍｌ,-504,0,0,2184,-2184,2184,40289,,,
updated,,decrease,decrease,50478,91,91,184256,184256,　タカラ　焼酎ハイボール　ドライ３５０ｍｌ,1848,0,1848,3867,-2019,2019,50035,,,
updated,,decrease,decrease,21784,91,91,185012,185012,　アサヒ　クリアアサヒ　３５０ｍｌ,5940,50,5890,7894,-2004,2004,21758,,,
created,,increase,create,21799,91,91,400000,400000,"部システム ４００   分類打",1996,0,1996,0,1996,1996,55909,327,Z-0-0,z00_fallback
updated,,decrease,decrease,37403,91,91,143025,143025,◎アサヒ　スーパードライ５００ｍｌ,3012,72,2940,4932,-1992,1992,37156,,,
updated,,decrease,decrease,33625,91,91,141020,141020,◎アサヒ　スーパードライ　中瓶５００ｍｌ,8333,382,7951,9931,-1980,1980,33457,,,
updated,,decrease,decrease,29627,91,91,211351,211351,　ＩＢ　強炭酸水１Ｌ,2039,0,2039,3970,-1931,1931,29475,,,
updated,,decrease,decrease,50475,91,91,184233,184233,　タカラ　焼酎ハイボール　レモン３５０ｍｌ,964,0,964,2890,-1926,1926,50032,,,
updated,,decrease,decrease,23725,91,91,185524,185524,　キリン　氷結　無糖レモン　Ａｌｃ．４％　３５０ｍｌ,3007,73,2934,4790,-1856,1856,23668,,,
updated,,decrease,decrease,29606,91,91,211235,211235,　ＩＢ　強炭酸水５００ｍｌＰＥＴ,389,24,365,2165,-1800,1800,29454,,,
updated,,decrease,decrease,33624,91,91,141019,141019,◎アサヒ　スーパードライ　大瓶６３３ｍｌ,5785,383,5402,7149,-1747,1747,33456,,,
updated,,decrease,decrease,40586,91,91,147271,147271,　サントリー　金麦　ザ・ラガー３５０ｍｌ,3144,0,3144,4824,-1680,1680,40296,,,
updated,,decrease,decrease,35628,91,91,142368,142368,　キリン　一番搾り　糖質ゼロ３５０ｍｌ,2981,2,2979,4630,-1651,1651,35449,,,
updated,,decrease,decrease,37393,91,91,143004,143004,◎キリン麒麟淡麗＜生＞３５０ｍｌ,9816,1,9815,11399,-1584,1584,37146,,,
updated,,decrease,decrease,38942,91,91,143244,143244,　サントリー　プレミアムモルツ３５０ｍｌ,2048,1,2047,3551,-1504,1504,38680,,,
updated,,decrease,decrease,35629,91,91,142404,142404,　サントリー　パーフェクトサントリービール３５０ｍｌ,5424,0,5424,6864,-1440,1440,35450|51278,,,
updated,,decrease,decrease,38963,91,91,145060,145060,　アサヒ　スタイルフリー　トリプルゼロ３５０ｍｌ,5232,0,5232,6672,-1440,1440,38700,,,
updated,,decrease,decrease,50466,91,91,184145,184145,　サントリー　金麦５００ｍｌ,1863,1,1862,3263,-1401,1401,50023,,,
updated,,decrease,decrease,37386,91,91,142859,142859,　キリン　グッドエール３５０ｍｌ,1584,0,1584,2952,-1368,1368,37141|51032,,,
updated,,decrease,decrease,40578,91,91,147043,147043,　アサヒ　スタイルフリー３５０ｍｌ,6912,1,6911,8255,-1344,1344,40288,,,
updated,,decrease,decrease,23723,91,91,185522,185522,　キリン　氷結　無糖レモン　Ａｌｃ．７％　３５０ｍｌ,3288,13,3275,4547,-1272,1272,23666,,,
updated,,decrease,decrease,37389,91,91,142908,142908,　アサヒ　新・スーパードライ　生ジョッキ缶３４０ｍｌ,3192,0,3192,4320,-1128,1128,37144,,,
updated,,decrease,decrease,38959,91,91,145018,145018,　キリン　淡麗プラチナダブル５００ｍｌ,4464,0,4464,5568,-1104,1104,38696,,,
created,,increase,create,23792,91,91,470000,470000,　部システム４７０（化粧箱）,1048,0,1048,0,1048,1048,55910,327,Z-0-0,z00_fallback
updated,,decrease,decrease,37395,91,91,143007,143007,◎キリン麒麟淡麗＜生＞５００ｍｌ,3090,2,3088,4102,-1014,1014,37148,,,
updated,,decrease,decrease,40585,91,91,147253,147253,　サッポロ　ＧＯＬＤ　ＳＴＡＲ　ゴールドスター３５０ｍｌ,4944,0,4944,5904,-960,960,40295,,,
updated,,decrease,decrease,38969,91,91,147004,147004,　キリン　麒麟淡麗グリーンラベル５００ｍｌ,3840,0,3840,4728,-888,888,38704,,,
updated,,decrease,decrease,38956,91,91,145014,145014,　サッポロ　極ＺＥＲＯ３５０ｍｌ,2928,0,2928,3720,-792,792,38693,,,
updated,,increase,update,48189,91,91,121183,121183,　３５°ホワイトリカー　果実酒用１．８Ｌ　紙パック,780,0,780,12,768,768,47782,360,AD-1-99H,existing_initial_lot
updated,,decrease,decrease,37413,91,91,143085,143085,　サッポロ　エビス３５０ｍｌ,1086,0,1086,1824,-738,738,37166,,,
updated,,decrease,decrease,21765,91,91,184658,184658,　キリン　氷結　レモン３５０ｍｌ,3756,61,3695,4377,-682,682,21739,,,
updated,,decrease,decrease,52144,91,91,146213,146213,　ソーンブリッジ　ブリスポイント　缶　４４０ｍｌ,-62,0,0,658,-658,658,53410,,,
updated,,decrease,decrease,51489,91,91,147066,147066,　きらやか麦３５０ｍｌ,13169,0,13169,13824,-655,655,55077,,,
updated,,decrease,decrease,21733,91,91,184391,184391,　タカラ　カンチューハイ　レモン３５０ｍｌ,750,24,726,1374,-648,648,21709,,,
created,,increase,create,23795,91,91,471010,471010,　一本義　７２０ｍｌ　共通カートン１枚,645,0,645,0,645,645,55911,11,ZZ-1,item_default_location
updated,,decrease,decrease,37408,91,91,143060,143060,◎キリン　一番搾り５００ｍｌ,3886,0,3886,4511,-625,625,37161,,,
updated,,decrease,decrease,35627,91,91,142330,142330,　アサヒ　スーパードライ　ドライクリスタル３５０ｍｌ,2304,0,2304,2928,-624,624,35448,,,
updated,,decrease,decrease,35626,91,91,142102,142102,　アサヒ　アサヒ　生ビール３５０ｍｌ,2544,1,2543,3143,-600,600,35447,,,
updated,,decrease,decrease,37406,91,91,143037,143037,◎キリンラガー５００ｍｌ,1157,0,1157,1728,-571,571,37159,,,
updated,,decrease,decrease,27517,91,91,210586,210586,　ミツウロコ　四季の恵み　天然水２Ｌ,4498,0,4498,5062,-564,564,27388,,,
updated,,decrease,decrease,33627,91,91,141027,141027,◎キリン　ラガー　大瓶６３３ｍｌ,1508,0,1508,2000,-492,492,33459,,,
updated,,decrease,decrease,25680,91,91,210245,210245,　わかさ瓜割の水５００ｍｌ,2070,27,2043,2523,-480,480,25565,,,
updated,,decrease,decrease,40582,91,91,147198,147198,　アサヒ　クリアアサヒ　贅沢ゼロ３５０ｍｌ,4152,0,4152,4632,-480,480,40292,,,
updated,,decrease,decrease,52143,91,91,146212,146212,　ブリュードッグ　ベビーヘイジーＩＰＡ　３３０ｍｌ,-480,0,0,480,-480,480,53409,,,
updated,,decrease,decrease,52147,91,91,146216,146216,　ミッケラー　スペースレース　缶　３３０ｍｌ,-480,0,0,480,-480,480,53413,,,
created,,increase,create,23797,91,91,471014,471014,　永平寺白龍　７２０ｍｌ共通カートン１枚,454,0,454,0,454,454,55912,11,ZZ-1,item_default_location
updated,,decrease,decrease,50338,91,91,122279,122279,○２５°いいちこ（麦）パック１．８Ｌ,546,1,545,985,-440,440,49911,,,
updated,,decrease,decrease,37428,91,91,143142,143142,　アサヒスーパードライ　生樽１９Ｌ,666,72,594,1032,-438,438,37178,,,
updated,,decrease,decrease,35600,91,91,112103,112103,　黒龍　吟醸　いっちょらい３００ｍｌ,-237,24,0,401,-401,401,51389,,,
updated,,decrease,decrease,40583,91,91,147204,147204,　きらやか麦　糖質７０％オフ３５０ｍｌ,2448,0,2448,2832,-384,384,40293,,,
updated,,decrease,decrease,33628,91,91,141028,141028,◎キリン　ラガー　中瓶５００ｍｌ,2414,82,2332,2712,-380,380,33460,,,
updated,,decrease,decrease,33644,91,91,141077,141077,　サッポロ　ラガー　中瓶５００ｍｌ,2121,68,2053,2423,-370,370,33476,,,
updated,,decrease,decrease,31650,91,91,211645,211645,　神戸居留地　ソーダ１９０ｍｌ,2201,0,2201,2561,-360,360,31488,,,
updated,,decrease,decrease,52145,91,91,146214,146214,　ツァラ　ケルンスタイルビール　缶　３３０ｍｌ,-360,0,0,360,-360,360,53411,,,
updated,,decrease,decrease,50462,91,91,184099,184099,　タカラ　カンチューハイ　レモン　２５０ｍｌ,522,0,522,858,-336,336,50019,,,
created,,increase,create,23800,91,91,471028,471028,　梵　７２０ｍｌ　共通カートン１枚,334,0,334,0,334,334,55913,11,ZZ-1,item_default_location
updated,,decrease,decrease,37427,91,91,143141,143141,　アサヒ　スーパードライ　生樽１０Ｌ,324,41,283,560,-277,277,37177|55068,,,
updated,,decrease,decrease,33630,91,91,141036,141036,◎キリン　一番搾り　大瓶６３３ｍｌ,867,8,859,1119,-260,260,33462,,,
updated,,decrease,decrease,42421,91,91,114018,114018,◎白鶴まる　パック２Ｌ,299,0,299,547,-248,248,42112,,,
updated,,decrease,decrease,33646,91,91,141080,141080,　サッポロ　ラガー　大瓶６３３ｍｌ,1169,2,1167,1404,-237,237,33478,,,
updated,,decrease,decrease,33640,91,91,141049,141049,◎サッポロ　黒ラベル　中瓶５００ｍｌ,2202,49,2153,2383,-230,230,33472,,,
updated,,decrease,decrease,33639,91,91,141048,141048,◎サッポロ　黒ラベル　大瓶６３３ｍｌ,873,10,863,1092,-229,229,33471,,,
updated,,decrease,decrease,37491,91,91,215435,215435,　エクシードＮＥＯ　烏龍茶２Ｌ,3169,50,3119,3306,-187,187,37238,,,
updated,,increase,update,21793,91,91,185196,185196,　サントリー　こだわり酒場のレモンサワー５００ｍｌ,202,0,202,28,174,174,21767,1342,G-02-204,existing_initial_lot
created,,increase,create,42461,91,91,150000,150000,部部システム１５０　分類,152,0,152,0,152,152,55914,11,ZZ-1,item_default_location
updated,,decrease,decrease,33626,91,91,141026,141026,○キリン　クラシックラガー　大瓶６３３ｍｌ,886,80,806,954,-148,148,33458,,,
updated,,increase,update,50477,91,91,184251,184251,　タカラ　焼酎ハイボール　レモン　５００ｍｌ,208,12,196,48,148,148,50034,2743,G-02-202,existing_initial_lot
updated,,decrease,decrease,48213,91,91,122059,122059,　２５°二階堂　瓶９００ｍｌ（麦）,1249,4,1245,1387,-142,142,47805,,,
updated,,decrease,decrease,33631,91,91,141037,141037,○キリン　一番搾り　中瓶５００ｍｌ,4894,80,4814,4954,-140,140,33463,,,
updated,,decrease,decrease,37493,91,91,215438,215438,　エクシードＮＥＯ　緑茶５００ｍｌ,6840,4,6836,6975,-139,139,37240,,,
created,,increase,create,46251,91,91,251094,251094,　アサヒ　スタイルバランス　無糖レモンサワー２００ｍｌ,139,0,139,0,139,139,55915,11,ZZ-1,item_default_location
updated,,decrease,decrease,50501,91,91,287777,287777,　カイリューのやさしいうすしおポテト５０ｇ,4572,500,4072,4204,-132,132,50056|52457,,,
updated,,decrease,decrease,48347,91,91,181040,181040,○宝　本みりん　カジュアルボトル１．８Ｌ,264,11,253,379,-126,126,47923,,,
updated,,decrease,decrease,33642,91,91,141060,141060,　キリン　クラシックラガー　中瓶５００ｍｌ,192,6,186,306,-120,120,33474|51030,,,
updated,,decrease,decrease,52146,91,91,146215,146215,　オーラ　ドゥ１２　インペリアルスタウト　３３０ｍｌ,-120,0,0,120,-120,120,53412,,,
updated,,decrease,decrease,48183,91,91,121164,121164,　２５°メルシャン大喜利ペット４Ｌ,137,2,135,246,-111,111,47776,,,
updated,,decrease,decrease,37492,91,91,215436,215436,　エクシードＮＥＯ　緑茶２Ｌ,1854,12,1842,1950,-108,108,37239,,,
updated,,decrease,decrease,52158,91,91,119640,119640,　福千歳　ＴＨＥ　ＢＲＥＷ　ＳＡＫＥ　７２０ｍｌ,0,0,0,108,-108,108,53442,,,
updated,,increase,update,21792,91,91,185195,185195,　サントリー　こだわり酒場のレモンサワー３５０ｍｌ,107,0,107,0,107,107,21766,1255,F-07-205,existing_initial_lot
created,,increase,create,50476,91,91,184242,184242,　サントリー　角ハイボール缶　３５０ｍｌ,160,45,115,15,100,100,55916,740,E-01-101,existing_lot_location
updated,,decrease,decrease,50314,91,91,122158,122158,　２５°二階堂　吉四六　瓶７２０ｍｌ　（麦）,1629,23,1606,1703,-97,97,49889,,,
updated,,increase,update,29632,91,91,211407,211407,　サンガリア　伊賀の天然水　強炭酸水５００ｍｌＰＥＴ,713,5,708,612,96,96,29480,2428,L-11-101,existing_initial_lot
created,,increase,create,31687,91,91,211914,211914,　サントリー　天然水スパークリング５００ｍｌ,96,0,96,0,96,96,55917,327,Z-0-0,z00_fallback
updated,,decrease,decrease,23607,91,91,122998,122998,　２５°つるつるいっぱい２Ｌ（麦）パック,143,0,143,233,-90,90,23562,,,
updated,,decrease,decrease,29610,91,91,211260,211260,　サントリー　オールフリー３３４ｍｌ小瓶,1393,0,1393,1483,-90,90,29458,,,
updated,,decrease,decrease,50488,91,91,286448,286448,　オーストラリア産　牛タンスライス３２０ｇ,135,0,135,225,-90,90,51583,,,
updated,,increase,update,31658,91,91,211689,211689,　サントリー　のんある酒場　レモンサワー　ノンアルコール３５０ｍｌ,87,0,87,0,87,87,31496,1286,G-01-106,existing_initial_lot
created,,increase,create,33621,91,91,140000,140000,"部システム １４０   分類",76,0,76,0,76,76,55918,327,Z-0-0,z00_fallback
updated,,increase,update,29611,91,91,211264,211264,　ウィルキンソン　タンサン５００ｍｌＰＥＴ,1145,79,1066,994,72,72,29459,2466,L-20-104,existing_initial_lot
created,,increase,create,51498,91,91,212123,212123,　大塚　ポカリスエット　イオンウォーター５００ｍｌ,72,0,72,0,72,72,55919,2495,Q-00-000,item_default_location
created,,increase,create,51565,91,91,210608,210608,　明治　明治フルーツ２２０ｍｌ,72,0,72,0,72,72,55920,327,Z-0-0,z00_fallback
created,,increase,create,21797,91,91,340000,340000,　ハリカ金額管理ギフト（仕入用）,71,0,71,0,71,71,55921,11,ZZ-1,item_default_location
updated,,decrease,decrease,35565,91,91,111116,111116,　松竹梅　上撰１．８Ｌ,127,8,119,187,-68,68,35389,,,
updated,,decrease,decrease,42519,91,91,171174,171174,　アサヒ　ブラックニッカクリアブレンドハイボール樽詰１０Ｌ,214,9,205,272,-67,67,42191,,,
updated,,decrease,decrease,50339,91,91,122280,122280,○２０°いいちこ（麦）パック１．８Ｌ,247,6,241,305,-64,64,49912,,,
updated,,increase,update,35602,91,91,112115,112115,　一本義　生貯蔵酒３００ｍｌ,756,102,654,591,63,63,35423,712,D-06-105,existing_initial_lot
updated,,decrease,decrease,35606,91,91,141238,141238,　越の磯　越前そばエール３３０ｍｌ,63,20,43,106,-63,63,35427,,,
created,,increase,create,52058,91,91,212069,212069,　カゴメ　野菜生活１００　１９０ｇ,62,0,62,0,62,62,55922,327,Z-0-0,z00_fallback
updated,,decrease,decrease,35727,91,91,215070,215070,　神戸茶房　烏龍茶１８５ｇ,857,0,857,917,-60,60,35529,,,
created,,increase,create,38998,91,91,160000,160000,"部システム １６０ ",60,0,60,0,60,60,55923,327,Z-0-0,z00_fallback
created,,increase,create,42431,91,91,114150,114150,　白鶴　上撰　サケカップ２００ｍｌ,60,0,60,0,60,60,55924,11,ZZ-1,item_default_location
created,,increase,create,50386,91,91,153336,153336,　フォルタン　カベルネソービニヨン　１８７ｍｌ,58,0,58,0,58,58,55925,11,ZZ-1,item_default_location
created,,increase,create,38913,91,91,112651,112651,　一乃谷金印カップ１８０ｍｌ,57,0,57,0,57,57,55926,11,ZZ-1,item_default_location
updated,,decrease,decrease,21611,91,91,122563,122563,　２５°浪漫の大地（こめ）１．８Ｌパック,6,0,6,60,-54,54,21611,,,
updated,,decrease,decrease,25503,91,91,123247,123247,　２５°なごみ香１．８Ｌ（麦）,174,0,174,228,-54,54,25424,,,
updated,,decrease,decrease,42442,91,91,116005,116005,　清酒正宗鬼ころしパック３Ｌ,47,0,47,100,-53,53,42130,,,
created,,increase,create,35561,91,91,111056,111056,○月桂冠上撰　キャップエース１８０ｍｌ,52,0,52,0,52,52,55927,11,ZZ-1,item_default_location
updated,,increase,update,23750,91,91,210009,210009,　カルピス　カルピスウォーター５００ｍｌペット　,314,4,310,260,50,50,23691,1589,H-01-103,existing_initial_lot
updated,,increase,update,27580,91,91,211083,211083,　ウィルキンソン　トニック５００ｍｌＰＥＴ,227,0,227,177,50,50,27445,672,D-01-204,existing_initial_lot
updated,,increase,update,33712,91,91,213033,213033,　サントリー　なっちゃん　オレンジ４２５ｍｌペット,135,0,135,85,50,50,33538,2767,G-08-202,existing_initial_lot
updated,,decrease,decrease,48207,91,91,122049,122049,○２５°いいちこ（麦）瓶１．８Ｌ,223,5,218,266,-48,48,47799,,,
created,,increase,create,23592,91,91,122887,122887,　２５°本格芋焼酎　伊七郎７２０ｍｌ,45,0,45,0,45,45,55928,11,ZZ-1,item_default_location
created,,increase,create,40545,91,91,112975,112975,　小浜酒造純米酒わかさ３００ｍｌ,45,0,45,0,45,45,55929,11,ZZ-1,item_default_location
created,,increase,create,50395,91,91,153498,153498,　フォルタン　シャルドネ　１８７ｍｌ,45,0,45,0,45,45,55930,11,ZZ-1,item_default_location
updated,,decrease,decrease,33629,91,91,141033,141033,　越前福井浪漫麦酒　ピルスナー　３３０ｍｌ,100,50,50,94,-44,44,33461,,,
created,,increase,create,23799,91,91,471017,471017,　福千歳　７２０ｍｌ　共通カートン１枚,42,0,42,0,42,42,55931,11,ZZ-1,item_default_location
created,,increase,create,27520,91,91,210594,210594,　サントリー　ゼロッパ　５００ｍｌ,66,0,66,24,42,42,55932,11,ZZ-1,existing_lot_location
created,,increase,create,46089,91,91,120000,120000,"部システム １２０ ",41,0,41,0,41,41,55933,327,Z-0-0,z00_fallback
created,,increase,create,23798,91,91,471015,471015,　永平寺白龍　１．８Ｌ　１本　共通カートン１枚,40,0,40,0,40,40,55934,327,Z-0-0,z00_fallback
created,,increase,create,23804,91,91,471100,471100,　一本義二本用箱,40,0,40,0,40,40,55935,11,ZZ-1,item_default_location
updated,,decrease,decrease,33645,91,91,141078,141078,　サントリープレミアムモルツ　中瓶５００ｍｌ,173,0,173,213,-40,40,33477,,,
updated,,decrease,decrease,38903,91,91,112597,112597,　黒龍　純吟　いっちょらい７２０ｍｌ,-29,0,0,40,-40,40,51394,,,
updated,,decrease,decrease,51514,91,91,221797,221797,　早崎商店　オーロラ印の味付たら　№３００４０ｇ,-40,0,0,40,-40,40,51291,,,
created,,increase,create,23803,91,91,471099,471099,　一本義一本用箱,39,0,39,0,39,39,55936,327,Z-0-0,z00_fallback
created,,increase,create,33652,91,91,157241,157241,　サンタヘレナ　アルパカ　シャルドネセミヨン　７５０ｍｌ,39,0,39,0,39,39,55937,11,ZZ-1,item_default_location
created,,increase,create,35669,91,91,158022,158022,　フォルタン　シャルドネ　３７５ｍｌ,38,0,38,0,38,38,55938,11,ZZ-1,item_default_location
updated,,decrease,decrease,48348,91,91,181053,181053,　宝　料理のための清酒パック　１．８Ｌ,135,0,135,173,-38,38,47924,,,
created,,increase,create,23801,91,91,471042,471042,　真名鶴　７２０ｍｌ共通カートン１枚,36,0,36,0,36,36,55939,11,ZZ-1,item_default_location
updated,,decrease,decrease,38884,91,91,112506,112506,　黒龍　九頭龍　逸品１．８Ｌ,-87,6,0,36,-36,36,51392,,,
updated,,decrease,decrease,38961,91,91,145022,145022,　サントリー　プレミアムモルツ　樽２０Ｌ,138,0,138,174,-36,36,38698,,,
created,,increase,create,44258,91,91,119403,119403,　北の庄　純米酒　カップ１８０ｍｌ,36,0,36,0,36,36,55940,11,ZZ-1,item_default_location
updated,,decrease,decrease,44390,91,91,246754,246754,　大阪ふくちぁん　スタミナ餃子　３６個６４８ｇ,24,0,24,60,-36,36,44021,,,
created,,increase,create,23802,91,91,471046,471046,　黒龍　ギフトボックス７２０ｍｌ　１枚,35,0,35,0,35,35,55941,327,Z-0-0,z00_fallback
updated,,increase,update,40542,91,91,112956,112956,　一本義　辛口純米酒１．８Ｌ,65,25,40,5,35,35,40259,710,D-06-102,existing_initial_lot
created,,increase,create,31691,91,91,211977,211977,　サントリー　おうちドリンクバー　ペプシコーラ３４０ｍｌ,34,0,34,0,34,34,55942,11,ZZ-1,item_default_location
updated,,decrease,decrease,42429,91,91,114127,114127,　松竹梅天（てん）パック３Ｌ,8,0,8,42,-34,34,42119,,,
created,,increase,create,46256,91,91,260000,260000,"部システム ２６０ ",34,0,34,0,34,34,55943,327,Z-0-0,z00_fallback
updated,,decrease,decrease,27409,91,91,123874,123874,　２５°本格芋焼酎　さつま響ペット５Ｌ（芋）,5,0,5,38,-33,33,27293,,,
created,,increase,create,31618,91,91,157025,157025,　サンタヘレナ　アルパカ　カベルネメルロ　７５０ｍｌ,31,0,31,0,31,31,55944,11,ZZ-1,item_default_location
updated,,decrease,decrease,40532,91,91,112838,112838,　花垣純米　超辛口７２０ｍｌ,16,9,7,38,-31,31,40250|52200|52193,,,
created,,increase,create,25548,91,91,123478,123478,　２５°薩摩一７２０ｍｌ（芋）,30,0,30,0,30,30,55945,11,ZZ-1,item_default_location
updated,,decrease,decrease,29625,91,91,211339,211339,　アサヒドライゼロ３３４ｍｌ小瓶,4606,102,4504,4534,-30,30,29473,,,
created,,increase,create,35571,91,91,111209,111209,　白鶴まる辛口カップ２００ｍｌ,30,0,30,0,30,30,55946,11,ZZ-1,item_default_location
updated,,decrease,decrease,35573,91,91,111239,111239,　富久娘上撰１．８Ｌ,107,0,107,137,-30,30,35395|52238,,,
updated,,decrease,decrease,37484,91,91,215330,215330,　神戸茶房　緑茶１８５ｇ缶,288,3,285,315,-30,30,37231,,,
updated,,decrease,decrease,39002,91,91,222289,222289,　東洋ナッツ　ミックスナッツ缶３５５ｇ,-28,0,0,30,-30,30,38726,,,
updated,,decrease,decrease,44345,91,91,171667,171667,　若狭三方ビバレッジ　若さ梅酒　梅の実入りカップ１５０ｍｌ,51,30,21,51,-30,30,43980,,,
updated,,decrease,decrease,44387,91,91,246647,246647,　大阪ふくちぁん　餃子　３６個８２８ｇ,42,0,42,72,-30,30,44018,,,
created,,increase,create,48328,91,91,173008,173008,　日の出　本みりん　醇良１．８Ｌペット,30,0,30,0,30,30,55947,327,Z-0-0,z00_fallback
updated,,decrease,decrease,48345,91,91,181034,181034,　福徳長　国産米１００％使用の料理清酒１．８Ｌ,183,0,183,213,-30,30,47921,,,
updated,,decrease,decrease,50490,91,91,286557,286557,　鮮魚丸松　超大型バナメイエビ　むきえび５００ｇ,75,0,75,105,-30,30,50047,,,
created,,increase,create,48196,91,91,121216,121216,　３５°宝焼酎　タカラカップ２２０ｍｌ,29,0,29,0,29,29,55948,11,ZZ-1,item_default_location
updated,,decrease,decrease,48208,91,91,122050,122050,○２５°いいちこ（麦）瓶９００ｍｌ,447,0,447,476,-29,29,47800,,,
updated,,increase,update,29637,91,91,211449,211449,　北陸ローヤル　恐竜ラムネ２５０ｍｌ,27,0,27,0,27,27,29485,673,D-01-205,existing_initial_lot
updated,,decrease,decrease,48212,91,91,122058,122058,　２５°二階堂　瓶１．８Ｌ（麦）,964,3,961,988,-27,27,47804,,,
updated,,increase,update,37338,91,91,112203,112203,　一本義　辛爽系（からさわけい）純米吟醸７２０ｍｌ,88,31,57,31,26,26,37101,604,C-01-201,existing_initial_lot
updated,,decrease,decrease,42427,91,91,114078,114078,○白鶴まる　パック３Ｌ,296,0,296,322,-26,26,42117,,,
updated,,decrease,decrease,44199,91,91,117010,117010,○合成酒旗揚げパック１．８Ｌ,223,0,223,249,-26,26,43866,,,
created,,increase,create,44372,91,91,245843,245843,　バレドーロ　グリッシーニ　サルテッリ１００ｇ,26,0,26,0,26,26,55949,1810,I-00-000,item_default_location
created,,increase,create,40528,91,91,112819,112819,　関西　佳撰　生貯蔵酒３００ｍｌ,25,0,25,0,25,25,55950,11,ZZ-1,item_default_location
created,,increase,create,21761,91,91,184587,184587,　キリン　氷結　ウメ　５００ｍｌ,24,0,24,0,24,24,55951,11,ZZ-1,item_default_location
updated,,decrease,decrease,23603,91,91,122944,122944,　２５°本格芋焼酎　赤さつま響　パック１．８Ｌ,120,0,120,144,-24,24,23559,,,
updated,,decrease,decrease,23730,91,91,185720,185720,×サントリー　翠ジンソーダ３５０ｍｌ,-24,0,0,24,-24,24,23673,,,
updated,,decrease,decrease,25565,91,91,123571,123571,　２０°つるつるいっぱい（麦）パック２Ｌ,86,0,86,110,-24,24,25477,,,
updated,,increase,update,27574,91,91,211073,211073,　コカコーラコカコーラ　瓶１９０ｍｌ,2507,53,2454,2430,24,24,27440,2757,L-06-101,existing_initial_lot
created,,increase,create,27576,91,91,211075,211075,　サントリー　ペプシ生　ＢＩＧ　ＣＯＬＡ６００ｍｌペット,24,0,24,0,24,24,55952,327,Z-0-0,z00_fallback
updated,,decrease,decrease,29590,91,91,211113,211113,　サントリー　プレミアムソーダ　山崎２４０ｍｌ瓶,142,0,142,166,-24,24,29439,,,
updated,,increase,update,29615,91,91,211308,211308,　サントリー　のんある気分　カシスオレンジテイスト缶３５０ｍｌ,112,0,112,88,24,24,29463,1290,G-01-111,existing_initial_lot
updated,,increase,update,31655,91,91,211682,211682,　サントリー　ペプシコーラ（業務用）３３０ｍｌＰＥＴ,142,26,116,92,24,24,31493,2481,P-15-101,existing_initial_lot
updated,,decrease,decrease,35631,91,91,142515,142515,　福井県産六条大麦ビール　ロクムギ　ペールエール３５０ｍｌ,10535,26,10509,10533,-24,24,35451,,,
created,,increase,create,35720,91,91,215017,215017,　サントリー　烏龍茶　缶３４０ｇ,24,0,24,0,24,24,55953,11,ZZ-1,item_default_location
created,,increase,create,35731,91,91,215086,215086,　アサヒ　旨みの日本茶６００ｍｌ,24,0,24,0,24,24,55954,327,Z-0-0,z00_fallback
updated,,decrease,decrease,37397,91,91,143015,143015,　キリン　一番搾り　生樽２０Ｌ,366,23,343,367,-24,24,37150,,,
updated,,decrease,decrease,38966,91,91,146210,146210,　ＬＡ　ＡＬＥ　ブルーバイブス２　缶４７３ｍｌ,0,0,0,24,-24,24,52027,,,
updated,,decrease,decrease,38967,91,91,146211,146211,　ＬＡ　ＡＬＥ　ＷＯＲＫＳ　リンス＆スリーピート　４７３ｍｌ,0,0,0,24,-24,24,52028,,,
created,,increase,create,38976,91,91,159008,159008,×プレザンス　カベルネソーヴィニヨン　７５０ｍｌ,24,0,24,0,24,24,55955,327,Z-0-0,z00_fallback
created,,increase,create,42509,91,91,171124,171124,　若狭三方ビバレッジ　ＢＥＮＩＣＨＵ１７°　ＯＵＴ　ＤＯＯＲ２００ｍｌ,24,0,24,0,24,24,55956,2671,YX-0-000,item_default_location
created,,increase,create,44254,91,91,119345,119345,　完売　永平寺白龍　ドラゴンウォーター　うすにごりミルキー７２０ｍｌ,24,0,24,0,24,24,55957,11,ZZ-1,item_default_location
updated,,decrease,decrease,46242,91,91,251005,251005,　サントリー　のんある気分　梅酒サワーテイスト　紀州梅３５０ｍｌ,4,0,4,28,-24,24,45839,,,
created,,increase,create,46246,91,91,251040,251040,　アサヒ　ウィルキンソン　タグソバー　レモンジンジャー３５０ｍｌ,24,0,24,0,24,24,55958,11,ZZ-1,item_default_location
updated,,decrease,decrease,46255,91,91,255007,255007,　神戸茶房烏龍茶ペット５００ｍｌ,87,0,87,111,-24,24,45850,,,
created,,increase,create,50425,91,91,181372,181372,　サントリー　ほろよい　青いサワー３５０ｍｌ,24,0,24,0,24,24,55959,327,Z-0-0,z00_fallback
updated,,decrease,decrease,50481,91,91,184287,184287,○サントリー　ソーダ瓶３５０ｍｌ,278,0,278,302,-24,24,50038,,,
updated,,decrease,decrease,51748,91,91,184486,184486,　サントリー　ほろよい　梅酒ソーダ　３５０ｍｌ,0,0,0,24,-24,24,52055,,,
updated,,decrease,decrease,52276,91,91,244444,244444,　朝日のり　酒屋さんが選んでくれました８０枚箱なし,24,0,24,48,-24,24,55064,,,
created,,increase,create,23708,91,91,155253,155253,　ラシャス　ポワレフレッシュ　７５０ｍｌ,21,0,21,0,21,21,55960,11,ZZ-1,item_default_location
updated,,decrease,decrease,21602,91,91,122523,122523,　２５°浪漫の大地（麦）パック１．８Ｌ,127,0,127,147,-20,20,21602,,,
created,,increase,create,29559,91,91,156631,156631,×カリテラ　レゼルヴァ　シャルドネ　７５０ｍｌ,20,0,20,0,20,20,55961,11,ZZ-1,item_default_location
created,,increase,create,29581,91,91,156763,156763,×カリテラ　レセルヴァ　シャルドネ　３７５ｍｌ,20,0,20,0,20,20,55962,11,ZZ-1,item_default_location
updated,,decrease,decrease,33634,91,91,141040,141040,　越前福井浪漫麦酒　アンバーエール　３３０ｍｌ,188,0,188,208,-20,20,33466,,,
updated,,decrease,decrease,44255,91,91,119388,119388,　真名鶴懐石本醸造　上吟　カップ１８０ｍｌ,10,0,10,30,-20,20,43906,,,
updated,,decrease,decrease,44379,91,91,246316,246316,　鮮魚丸松　北海道産　水タコ足１本,0,0,0,20,-20,20,44010,,,
created,,increase,create,50428,91,91,182012,182012,　チョーヤ　梅酒　プラＱ　１６０ｍｌ,20,0,20,0,20,20,55963,327,Z-0-0,z00_fallback
updated,,decrease,decrease,51513,91,91,221507,221507,　早崎商店　鯖のへしこ　お刺身用,-20,0,0,20,-20,20,51290,,,
created,,increase,create,33697,91,91,157751,157751,　カステルカンブラス　白　７５０ｍｌ,19,0,19,0,19,19,55964,11,ZZ-1,item_default_location
created,,increase,create,23745,91,91,210000,210000,"部システム ２１０ ",18,0,18,0,18,18,55965,327,Z-0-0,z00_fallback
created,,increase,create,25603,91,91,155406,155406,　アンジュエール　白　７５０ｍｌ,18,0,18,0,18,18,55966,11,ZZ-1,item_default_location
created,,increase,create,33691,91,91,157659,157659,　カステルカンブラス　赤　７５０ｍｌ,18,0,18,0,18,18,55967,11,ZZ-1,item_default_location
updated,,decrease,decrease,38993,91,91,159118,159118,　アヴェント　オーガニック　ブリュット　７５０ｍｌ,5,1,4,22,-18,18,38722,,,
updated,,increase,update,40552,91,91,113061,113061,　八海山普通酒１．８Ｌ,19,1,18,0,18,18,40265,1181,F-02-201,existing_initial_lot
created,,increase,create,42471,91,91,151115,151115,　ＪＡ三方五湖　梅ワイン（ロゼ）　５００ｍｌ,18,0,18,0,18,18,55968,11,ZZ-1,item_default_location
created,,increase,create,42481,91,91,151165,151165,　白山　霧晴　７５０ｍｌ,18,0,18,0,18,18,55969,11,ZZ-1,item_default_location
created,,increase,create,44262,91,91,151382,151382,　白山ワイン　ｄａｎｄａｎ　ロゼ　３６０ｍｌ,18,0,18,0,18,18,55970,11,ZZ-1,item_default_location
created,,increase,create,44363,91,91,171751,171751,　富久駒一筆啓上　柚子の酒５００ｍｌ（ケース無し）,18,0,18,0,18,18,55971,11,ZZ-1,item_default_location
created,,increase,create,46142,91,91,152670,152670,　ベンド　シャルドネ　７５０ｍｌ,18,0,18,0,18,18,55972,11,ZZ-1,item_default_location
created,,increase,create,48331,91,91,173015,173015,　白鹿　酒蔵割烹酒パック２Ｌ,18,0,18,0,18,18,55973,327,Z-0-0,z00_fallback
created,,increase,create,48344,91,91,181033,181033,　万上　本みりん　割烹　１．８Ｌ,18,0,18,0,18,18,55974,327,Z-0-0,z00_fallback
created,,increase,create,23593,91,91,122895,122895,　２５°本格芋焼酎　伊七郎　１．８Ｌ,17,0,17,0,17,17,55975,11,ZZ-1,item_default_location
created,,increase,create,23685,91,91,155166,155166,　サントリー　ポンパドール　ライチ　７５０ｍｌ,17,0,17,0,17,17,55976,11,ZZ-1,item_default_location
created,,increase,create,39030,91,91,224273,224273,　丸味食品　７種のミックスナッツ５００ｇ,17,0,17,0,17,17,55977,327,Z-0-0,z00_fallback
created,,increase,create,25564,91,91,123569,123569,　２５°いいちこ　深薫１．８Ｌ（麦）,16,0,16,0,16,16,55978,11,ZZ-1,item_default_location
updated,,decrease,decrease,27426,91,91,131074,131074,　ウィスキー　岳　７００ｍｌ,89,0,89,105,-16,16,27308,,,
created,,increase,create,42489,91,91,151258,151258,　メルシャン　ビストロ　ボックス　赤パック　１．８Ｌ,16,0,16,0,16,16,55979,11,ZZ-1,item_default_location
created,,increase,create,46110,91,91,152380,152380,×カルベ　メドック　赤　３７５ｍｌ,16,0,16,0,16,16,55980,11,ZZ-1,item_default_location
created,,increase,create,51737,91,91,215031,215031,　キリン　生茶　５２５ｍｌペット,16,0,16,0,16,16,55981,327,Z-0-0,z00_fallback
updated,,increase,update,33724,91,91,213111,213111,　アサヒ　バヤリース　オレンジ　瓶２００ｍｌ,2318,25,2293,2278,15,15,33550,2404,L-04-101,existing_initial_lot
created,,increase,create,35587,91,91,111897,111897,　大関ワンカップミニ１００ｍｌ,15,0,15,0,15,15,55982,11,ZZ-1,item_default_location
updated,,decrease,decrease,37342,91,91,112229,112229,　黒龍　純吟　いっちょらい１．８Ｌ,78,3,75,90,-15,15,51390,,,
updated,,decrease,decrease,38900,91,91,112573,112573,　花垣　純米にごり酒７２０ｍｌ,20,0,20,35,-15,15,38643,,,
updated,,decrease,decrease,38911,91,91,112645,112645,　黒龍　吟醸　いっちょらい１．８Ｌ,-12,0,0,15,-15,15,51396,,,
created,,increase,create,38974,91,91,158973,158973,　ベンド　カベルネソービニヨン　７５０ｍｌ,15,0,15,0,15,15,55983,11,ZZ-1,item_default_location
updated,,increase,update,39026,91,91,224052,224052,　花垣　日本酒仕込み　炙りえいひれ２５ｇ,40,5,35,20,15,15,38749,2671,YX-0-000,existing_initial_lot
updated,,decrease,decrease,40526,91,91,112816,112816,　関西　本醸造　上撰１８０ｍｌ（レトロ）,5,0,5,20,-15,15,40245,,,
created,,increase,create,50334,91,91,122264,122264,　２０°わんこペット２．７Ｌ（麦）,15,0,15,0,15,15,55984,11,ZZ-1,item_default_location
created,,increase,create,50403,91,91,153595,153595,×サンタヘレナ　シグロ　カベルネソービニヨン　３７５ｍｌ,15,0,15,0,15,15,55985,11,ZZ-1,item_default_location
created,,increase,create,21717,91,91,154749,154749,　ドメーヌ　フランソワ　ヴィラール　ヴィオニエ　７５０ｍｌ,14,0,14,0,14,14,55986,11,ZZ-1,item_default_location
created,,increase,create,38894,91,91,112539,112539,　永平寺白龍　純米酒７２０ｍｌ,14,0,14,0,14,14,55987,11,ZZ-1,item_default_location
updated,,decrease,decrease,38930,91,91,112779,112779,　黒龍　大吟醸１．８Ｌ,-46,0,0,14,-14,14,51397,,,
created,,increase,create,42532,91,91,171237,171237,　梅乃宿　甘くておいしいキャロット＆オレンジ１．８Ｌ,14,0,14,0,14,14,55988,11,ZZ-1,item_default_location
created,,increase,create,44368,91,91,171764,171764,　富久駒　一筆啓上　梅の酒５００ｍｌ（ケース無し）,14,0,14,0,14,14,55989,11,ZZ-1,item_default_location
created,,increase,create,25555,91,91,123488,123488,×２５°金黒９００ｍｌ（芋）,13,0,13,0,13,13,55990,11,ZZ-1,item_default_location
created,,increase,create,25607,91,91,155411,155411,　アンジュエール　ロゼ　７５０ｍｌ,13,0,13,0,13,13,55991,11,ZZ-1,item_default_location
updated,,increase,update,31670,91,91,211791,211791,　ＡＢインベブ　バドワイザー　ゼロ３５５ｍｌ,13,0,13,0,13,13,31508,2495,Q-00-000,existing_initial_lot
updated,,increase,update,33773,91,91,681149,681149,　三井化学ファブロカゴメゴミ袋ＨＫ－４半透明４５Ｌ,13,0,13,0,13,13,33599,1619,H-03-403,existing_initial_lot
updated,,increase,update,40543,91,91,112957,112957,　一本義　辛口純米酒７２０ｍｌ,75,29,46,33,13,13,40260,513,B-04-203,existing_initial_lot
created,,increase,create,42493,91,91,151350,151350,　白山ワイナリー　Ｄｓｔｙｌｅ　７２０ｍｌ,13,0,13,0,13,13,55992,11,ZZ-1,item_default_location
created,,increase,create,44242,91,91,119168,119168,　雲乃井　純米吟醸生貯　東雲３００ｍｌ,13,0,13,0,13,13,55993,11,ZZ-1,item_default_location
updated,,increase,update,46231,91,91,172125,172125,　サントリー　ソウルマッコリ　ペット　１Ｌ,31,0,31,18,13,13,45829,1280,F-10-202,existing_initial_lot
created,,increase,create,23796,91,91,471012,471012,　越の鷹　７２０ｍｌ　共通カートン１枚,12,0,12,0,12,12,55994,327,Z-0-0,z00_fallback
created,,increase,create,25540,91,91,123429,123429,　２５°黒丸　黒７２０ｍｌ（芋）,12,0,12,0,12,12,55995,11,ZZ-1,item_default_location
created,,increase,create,25593,91,91,155346,155346,　サントリー　ポンパドール　ストロベリー　７５０ｍｌ,12,0,12,0,12,12,55996,11,ZZ-1,item_default_location
created,,increase,create,25613,91,91,155455,155455,×ネブリナ　スパークリング　７５０ｍｌ,12,0,12,0,12,12,55997,11,ZZ-1,item_default_location
created,,increase,create,25627,91,91,155569,155569,　ニコラ　フィアット　ロゼ　ファースト　ブルーム　オブ　サクラ　７５０ｍｌ,12,0,12,0,12,12,55998,11,ZZ-1,item_default_location
updated,,decrease,decrease,29498,91,91,131427,131427,　越ノ忍　ブレンデッド　黒　７００ｍｌ,14,0,14,26,-12,12,29363|55080,,,
created,,increase,create,29508,91,91,131530,131530,　御岳蒸留所　日置　Ｈｉｏｋｉ　１．８Ｌ瓶,12,0,12,0,12,12,55999,11,ZZ-1,item_default_location
created,,increase,create,29560,91,91,156639,156639,　シャプティエ　コートデュローヌ　ルージュ　ペルルーシュ　７５０ｍｌ,12,0,12,0,12,12,56000,327,Z-0-0,z00_fallback
updated,,decrease,decrease,31567,91,91,132210,132210,　アードベッグ１０年　７００ｍｌ,0,0,0,12,-12,12,31415|53598,,,
created,,increase,create,31606,91,91,156889,156889,　アルベールビショー　ブルゴーニュシャルドネ　ＶＶ　７５０ｍｌ,12,0,12,0,12,12,56001,11,ZZ-1,item_default_location
updated,,decrease,decrease,35635,91,91,142677,142677,　ＯＵＲ　ＢＲＥＷＩＮＧ　ホッピー・アワー３６５ｍｌ缶,-36,0,0,12,-12,12,35455,,,
created,,increase,create,37369,91,91,112411,112411,　小浜酒造純米わかさ７２０ｍｌ,12,0,12,0,12,12,56002,11,ZZ-1,item_default_location
updated,,decrease,decrease,37385,91,91,142792,142792,　ＯＵＲ　ＢＲＥＷＩＮＧ　うちうらレモンエール　缶３６５ｍｌ,918,0,918,930,-12,12,37140,,,
created,,increase,create,38995,91,91,159131,159131,　ドメーヌ　ラ　ガルレ　フェランダ　７５０ｍｌ,12,0,12,0,12,12,56003,11,ZZ-1,item_default_location
created,,increase,create,38997,91,91,159137,159137,　シャトー　ダイギルケール　７５０ｍｌ,12,0,12,0,12,12,56004,11,ZZ-1,item_default_location
created,,increase,create,40716,91,91,231511,231511,　直源　丸庄印　醤油１．８Ｌペット,12,0,12,0,12,12,56005,11,ZZ-1,item_default_location
updated,,decrease,decrease,42405,91,91,113827,113827,　北鹿　華匠　生もと仕込１．８Ｌ,82,0,82,94,-12,12,42097,,,
updated,,decrease,decrease,42447,91,91,116036,116036,　清酒正宗純米酒パック２Ｌ,60,0,60,72,-12,12,42135,,,
created,,increase,create,42490,91,91,151268,151268,　白山ワイン　梅スパークリング　７５０ｍｌ,12,0,12,0,12,12,56006,11,ZZ-1,item_default_location
created,,increase,create,42494,91,91,151361,151361,　能登ワイン　ヤマソーヴィニヨン　７２０ｍｌ,12,0,12,0,12,12,56007,327,Z-0-0,z00_fallback
created,,increase,create,42496,91,91,151370,151370,　能登ワイン　ヤマソービニヨン　３６０ｍｌ,12,0,12,0,12,12,56008,327,Z-0-0,z00_fallback
updated,,decrease,decrease,46043,91,91,119456,119456,　福千歳　鯖純米３００ｍｌ,36,12,24,36,-12,12,45670,,,
created,,increase,create,46084,91,91,119731,119731,　雲乃井　純米大吟醸　瑞雲７２０ｍｌ,12,0,12,0,12,12,56009,327,Z-0-0,z00_fallback
created,,increase,create,46132,91,91,152512,152512,　レニャー　シャブリ　サンピエール　７５０ｍｌ,12,0,12,0,12,12,56010,11,ZZ-1,item_default_location
updated,,decrease,decrease,46193,91,91,171971,171971,　若狭三方ビバレッジ　レモングラス梅酒５００ｍｌ,23,6,17,29,-12,12,45793,,,
updated,,decrease,decrease,48335,91,91,181001,181001,　ダルマ本みりんペット１．８Ｌ,61,2,59,71,-12,12,47912,,,
created,,increase,create,50416,91,91,153744,153744,　デロー　レゼルヴ　赤　７５０ｍｌ,12,0,12,0,12,12,56011,11,ZZ-1,item_default_location
created,,increase,create,51470,91,91,171880,171880,　梵　ゆずリキュール５００ｍｌ,12,0,12,0,12,12,56012,327,Z-0-0,z00_fallback
created,,increase,create,51493,91,91,212087,212087,　大塚　ポカリスエット　イオンウォーター９００ｍｌ,12,0,12,0,12,12,56013,327,Z-0-0,z00_fallback
created,,increase,create,51541,91,91,181021,181021,　宝　本みりん　ペット　１Ｌ,12,0,12,0,12,12,56014,327,Z-0-0,z00_fallback
created,,increase,create,52094,91,91,119333,119333,　梵　艶　純米大吟醸７２０ｍｌ,12,0,12,0,12,12,56015,327,Z-0-0,z00_fallback
created,,increase,create,25630,91,91,155586,155586,　ベルエポック　’１６　７５０ｍｌ,11,0,11,0,11,11,56016,11,ZZ-1,item_default_location
updated,,decrease,decrease,37425,91,91,143128,143128,　サッポロ生樽２０Ｌ,95,10,85,96,-11,11,37176,,,
created,,increase,create,38934,91,91,112785,112785,　游　芳醇超辛口　番外山田錦７２０ｍｌ（白龍）,11,0,11,0,11,11,56017,11,ZZ-1,item_default_location
created,,increase,create,38978,91,91,159013,159013,　プレミオ　モンテプルチアーノ　ダブルッツォ　７５０ｍｌ,11,0,11,0,11,11,56018,11,ZZ-1,item_default_location
created,,increase,create,44272,91,91,151688,151688,　マンズワイン　酵母の泡　甲州　３６０ｍｌ,11,0,11,0,11,11,56019,327,Z-0-0,z00_fallback
created,,increase,create,48246,91,91,152876,152876,　ウィリアムフェーブル　シャブリ　３７５ｍｌ,11,0,11,0,11,11,56020,11,ZZ-1,item_default_location
created,,increase,create,23676,91,91,155110,155110,　マルティーニ　アスティ　７５０ｍｌ,10,0,10,0,10,10,56021,11,ZZ-1,item_default_location
updated,,decrease,decrease,25504,91,91,123249,123249,　２５°薩摩魂１．８Ｌ（芋）,76,0,76,86,-10,10,25425,,,
created,,increase,create,25535,91,91,123390,123390,　２５°田苑　金ラベル９００ｍｌ（麦）,10,0,10,0,10,10,56022,11,ZZ-1,item_default_location
created,,increase,create,25610,91,91,155434,155434,　マム　グラン　コルドン　ロゼ７５０ｍｌ,10,0,10,0,10,10,56023,11,ZZ-1,item_default_location
created,,increase,create,25634,91,91,155621,155621,　ランソン　ホワイトラベル　セック　７５０ｍｌ,10,0,10,0,10,10,56024,11,ZZ-1,item_default_location
created,,increase,create,25639,91,91,155650,155650,　ボッテガ　ゴールド７５０ｍｌ,10,0,10,0,10,10,56025,11,ZZ-1,item_default_location
updated,,decrease,decrease,27411,91,91,123939,123939,　２５°樽熟成つるつるいっぱい７２０ｍｌ（麦）,11,0,11,21,-10,10,27294,,,
created,,increase,create,29563,91,91,156663,156663,　ＬＬ　シャブリ　ラ　シャンフルーフ　３７５ｍｌ,10,0,10,0,10,10,56026,11,ZZ-1,item_default_location
updated,,increase,update,33633,91,91,141039,141039,　サッポロ　黒ラベル　小瓶３３４ｍｌ,329,0,329,319,10,10,33465,2730,D-05-101,existing_initial_lot
created,,increase,create,33676,91,91,157557,157557,　コートデュローヌルージュ　ルプティアンデソン　７５０ｍｌ,10,0,10,0,10,10,56027,11,ZZ-1,item_default_location
created,,increase,create,35572,91,91,111218,111218,　菊正宗上撰生貯蔵酒３００ｍｌ（段ボ－ル）,10,0,10,0,10,10,56028,11,ZZ-1,item_default_location
updated,,decrease,decrease,37418,91,91,143115,143115,　アサヒ　樽生　生ビール１０Ｌ,16,1,15,25,-10,10,55067,,,
updated,,decrease,decrease,38937,91,91,143166,143166,　キリン　一番搾り　生樽７Ｌ　,142,8,134,144,-10,10,38676,,,
created,,increase,create,38996,91,91,159132,159132,　シャトー　ブリュンデスパーニュ　エリタージュ　７５０ｍｌ,10,0,10,0,10,10,56029,11,ZZ-1,item_default_location
created,,increase,create,39023,91,91,223506,223506,　伊藤園　ワンポット緑茶　ティーバック３０Ｐ,10,0,10,0,10,10,56030,327,Z-0-0,z00_fallback
updated,,increase,update,40742,91,91,241037,241037,　ＭＹ　レモン７２０ｍｌ,42,3,39,29,10,10,40436,544,B-07-201,existing_initial_lot
updated,,decrease,decrease,42526,91,91,171193,171193,　アサヒ　樽ハイ倶楽部　プレーン　１０Ｌ,113,6,107,117,-10,10,42198,,,
created,,increase,create,44365,91,91,171757,171757,　富久駒　一筆啓上　梅の酒５００ｍｌ（クリアケース入）,10,0,10,0,10,10,56031,11,ZZ-1,item_default_location
updated,,decrease,decrease,50494,91,91,286852,286852,　ヤマナカ　宮城県産　殻つき牡蠣１Ｋｇ,80,0,80,90,-10,10,50051,,,
created,,increase,create,23594,91,91,122898,122898,×２５°長期調和熟成麦焼酎　千年華７２０ｍｌ,9,0,9,0,9,9,56032,11,ZZ-1,item_default_location
created,,increase,create,23714,91,91,155271,155271,　サントリーポンパドール　マスカット３７５ｍｌ,9,0,9,0,9,9,56033,11,ZZ-1,item_default_location
created,,increase,create,25620,91,91,155499,155499,　ニコラフィアット　ヴィンテージ　ブランドブラン　７５０ｍｌ,9,0,9,0,9,9,56034,11,ZZ-1,item_default_location
created,,increase,create,27518,91,91,210591,210591,　ドーバー　ビアリッツレモン瓶７００ｍｌ,9,0,9,0,9,9,56035,11,ZZ-1,item_default_location
created,,increase,create,29517,91,91,132022,132022,　メーカーズマーク　１Ｌ,9,0,9,0,9,9,56036,11,ZZ-1,item_default_location
created,,increase,create,29525,91,91,132067,132067,　ジョニーウォーカー　ブロンド　７００ｍｌ,9,0,9,0,9,9,56037,327,Z-0-0,z00_fallback
updated,,increase,update,33657,91,91,157323,157323,　バルディビエソ　シャルドネ　３７５ｍｌ,9,0,9,0,9,9,33488,2321,I-15-412,existing_initial_lot
created,,increase,create,35662,91,91,157956,157956,　パラ　ヒメネス　カベルネソーヴィニヨン　オーガニック,9,0,9,0,9,9,56038,11,ZZ-1,item_default_location
updated,,decrease,decrease,37371,91,91,112417,112417,　花垣純米大吟醸７２０ｍｌ,-3,6,0,9,-9,9,37130,,,
updated,,decrease,decrease,38936,91,91,112789,112789,　花垣生貯蔵酒（本醸造）３００ｍｌ,32,3,29,38,-9,9,38675|52192,,,
updated,,increase,update,38940,91,91,143209,143209,　キリン　一番搾り生３ＬＰＥＴ　,443,17,426,417,9,9,38679,351,AC-1-02K,existing_initial_lot
created,,increase,create,40613,91,91,161027,161027,　サントリー　ドライジンエクストラ　７２０ｍｌ,9,0,9,0,9,9,56039,11,ZZ-1,item_default_location
created,,increase,create,40726,91,91,231629,231629,　キッコーマン　ステーキしょうゆ　トリュフ風味５７０ｇ,9,0,9,0,9,9,56040,11,ZZ-1,item_default_location
updated,,decrease,decrease,48209,91,91,122051,122051,○２５°いいちこ（麦）シルエット７２０ｍｌ,222,0,222,231,-9,9,47801,,,
created,,increase,create,48272,91,91,172164,172164,　ソウルマッコリ　ペットボトル　７５０ｍｌ,9,0,9,0,9,9,56041,11,ZZ-1,item_default_location
updated,,decrease,decrease,25542,91,91,123434,123434,　２５°限定　紫の赤兎馬１．８Ｌ（芋）,38,0,38,46,-8,8,25459,,,
updated,,decrease,decrease,27443,91,91,131168,131168,　サントリー　響　ブレンダーズチョイス　７００ｍｌ,48,0,48,56,-8,8,27325,,,
updated,,decrease,decrease,27457,91,91,131273,131273,　ニッカ　竹鶴　ピュアモルト（新）　７００ｍｌ,10,0,10,18,-8,8,27338,,,
created,,increase,create,27470,91,91,155783,155783,　メゾンマム　ＲＳＲＶ　ブランドブラン　２０１５　７５０ｍｌ,8,0,8,0,8,8,56042,11,ZZ-1,item_default_location
created,,increase,create,29622,91,91,211331,211331,　メルシャン　スパークリング　アルコールゼロ　白３６０ｍｌ,8,0,8,0,8,8,56043,839,E-04-316,item_default_location
updated,,increase,update,35591,91,91,112030,112030,　永平寺白龍　純米生貯造酒３００ｍｌ,8,0,8,0,8,8,35412,1539,G-07-402,existing_initial_lot
created,,increase,create,37372,91,91,112418,112418,　雲乃井　純米吟醸　東雲７２０ｍｌ,8,0,8,0,8,8,56044,11,ZZ-1,item_default_location
updated,,decrease,decrease,40537,91,91,112887,112887,　梵純粋３００ｍｌ,187,65,122,130,-8,8,55092,,,
created,,increase,create,42390,91,91,113588,113588,　手取川　本流１．８Ｌ　※石川県内限定,8,0,8,0,8,8,56045,327,Z-0-0,z00_fallback
updated,,decrease,decrease,42446,91,91,116019,116019,　旬三昧　旨口の酒パック３Ｌ,143,4,139,147,-8,8,42134,,,
created,,increase,create,42483,91,91,151231,151231,　白山ワイナリー　梅ワイン　５００ｍｌ,8,0,8,0,8,8,56046,11,ZZ-1,item_default_location
updated,,increase,update,42513,91,91,171145,171145,　一本義　吟香梅　般若刀　１５０ｍｌ,8,0,8,0,8,8,42185,2495,Q-00-000,existing_initial_lot
created,,increase,create,46086,91,91,119738,119738,　花垣　純米大吟醸　廻めぐり７２０ｍｌ,8,0,8,0,8,8,56047,11,ZZ-1,item_default_location
created,,increase,create,48170,91,91,121077,121077,　２５°サッポロ焼酎　北極星４Ｌ,8,0,8,0,8,8,56048,11,ZZ-1,item_default_location
updated,,decrease,decrease,51609,91,91,112888,112888,　黒龍　大吟醸７２０ｍｌ,-42,0,0,8,-8,8,51398,,,
created,,increase,create,51732,91,91,184036,184036,　スミノフアイス　ピンクグレープフルーツ２７５ｍｌ,8,0,8,0,8,8,56049,327,Z-0-0,z00_fallback
created,,increase,create,21667,91,91,153883,153883,　ミシオネス　カベルネソービニヨン　７５０ｍｌ,7,0,7,0,7,7,56050,11,ZZ-1,item_default_location
created,,increase,create,21680,91,91,154037,154037,×チンザノ　ドライ　１Ｌ,7,0,7,0,7,7,56051,11,ZZ-1,item_default_location
created,,increase,create,21714,91,91,154599,154599,　テール　デトワール　キュヴェ　ギョタク　７５０ｍｌ,7,0,7,0,7,7,56052,11,ZZ-1,item_default_location
created,,increase,create,25553,91,91,123485,123485,　２５°白鶴　本格麦焼酎　千夜一酔７２０ｍｌ,7,0,7,0,7,7,56053,11,ZZ-1,item_default_location
created,,increase,create,25622,91,91,155510,155510,　ニコラフィアット　エクスクルーシブ　ブリュットロゼ　７５０ｍｌ,7,0,7,0,7,7,56054,11,ZZ-1,item_default_location
created,,increase,create,25628,91,91,155571,155571,　マルティーニ　ブリュット　３７５ｍｌ,7,0,7,0,7,7,56055,11,ZZ-1,item_default_location
created,,increase,create,25641,91,91,155661,155661,　グランクルタージュ　グランキュヴェ　ブランドブラン　７５０ｍｌ,7,0,7,0,7,7,56056,327,Z-0-0,z00_fallback
created,,increase,create,27493,91,91,156122,156122,　フォルタン　シャルドネ　７５０ｍｌ,7,0,7,0,7,7,56057,11,ZZ-1,item_default_location
updated,,decrease,decrease,27504,91,91,156273,156273,　コノスル　シャルドネ　７５０ｍｌ,31,0,31,38,-7,7,27375,,,
created,,increase,create,29575,91,91,156748,156748,×コニェット　ミュスカデセーヴルエメーヌ　７５０ｍｌ,7,0,7,0,7,7,56058,11,ZZ-1,item_default_location
created,,increase,create,31609,91,91,156930,156930,　ブシャールＰ＆Ｆ　コルトンシャルルマーニュ　’２１　７５０ｍｌ,7,0,7,0,7,7,56059,11,ZZ-1,item_default_location
updated,,decrease,decrease,33660,91,91,157338,157338,　コノスル　ピノノワール　２０バレル　７５０ｍｌ,0,0,0,7,-7,7,33490,,,
updated,,decrease,decrease,35599,91,91,112098,112098,　花垣純米　超辛口１．８Ｌ,1,3,0,7,-7,7,35420,,,
updated,,decrease,decrease,35613,91,91,141264,141264,　越の磯　いちほまれエール３３０ｍｌ,241,0,241,248,-7,7,35434,,,
created,,increase,create,35663,91,91,157957,157957,　テタンジェ　ブリュットレゼルヴ　３７５ｍｌ,7,0,7,0,7,7,56060,11,ZZ-1,item_default_location
updated,,increase,update,38904,91,91,112601,112601,　一本義　辛口クラシック７２０ｍｌ（旧金印）,77,24,53,46,7,7,38646,608,C-01-206,existing_initial_lot
created,,increase,create,40533,91,91,112842,112842,　一乃谷山廃仕込み特別純米７２０ｍｌ,7,0,7,0,7,7,56061,11,ZZ-1,item_default_location
updated,,increase,update,40544,91,91,112966,112966,　永平寺白龍　ドラゴンウォーター７２０ｍｌ,7,0,7,0,7,7,40261,1565,G-08-401,existing_initial_lot
created,,increase,create,40664,91,91,170000,170000,"部システム １７０ ",7,0,7,0,7,7,56062,327,Z-0-0,z00_fallback
created,,increase,create,44263,91,91,151397,151397,　白山アンドソル　ヤマソーヴィニヨン　７５０ｍｌ,7,0,7,0,7,7,56063,11,ZZ-1,item_default_location
created,,increase,create,44271,91,91,151683,151683,　マンズエコノミー　赤　紙パック　１．８Ｌ,7,0,7,0,7,7,56064,11,ZZ-1,item_default_location
updated,,decrease,decrease,44299,91,91,152301,152301,　コノスル　ソーヴィニヨンブラン　７５０ｍｌ,25,0,25,32,-7,7,43938,,,
created,,increase,create,46039,91,91,119418,119418,　月暈　純米７２０ｍｌ,7,0,7,0,7,7,56065,11,ZZ-1,item_default_location
created,,increase,create,46083,91,91,119726,119726,　越前岬　純米大吟醸１８０ｍｌ（プレミアム）,7,0,7,0,7,7,56066,11,ZZ-1,item_default_location
created,,increase,create,46150,91,91,171779,171779,　富久駒　一筆啓上　梅すぱ３００ｍｌ（クリアケース無し）,7,0,7,0,7,7,56067,11,ZZ-1,item_default_location
created,,increase,create,46154,91,91,171798,171798,　富久駒　一筆啓上　柚子すぱ３００ｍｌ（クリアケース無し）,7,0,7,0,7,7,56068,11,ZZ-1,item_default_location
updated,,decrease,decrease,21603,91,91,122526,122526,　３０°残波ブラック（泡盛）１．８Ｌ,13,0,13,19,-6,6,21603,,,
updated,,decrease,decrease,21613,91,91,122578,122578,　２５°黒壱（芋）７２０ｍｌ,42,0,42,48,-6,6,21613,,,
created,,increase,create,21670,91,91,153954,153954,　シャプティエ　リュベロン　ラシボワーズ　ルージュ　７５０ｍｌ,6,0,6,0,6,6,56069,327,Z-0-0,z00_fallback
created,,increase,create,21676,91,91,154010,154010,　チンザノ　ドライ　７５０ｍｌ,6,0,6,0,6,6,56070,11,ZZ-1,item_default_location
created,,increase,create,21720,91,91,154895,154895,　フィリップ　ル　アルディ　サン　トーバン　ブラン　７５０ｍｌ,6,0,6,0,6,6,56071,11,ZZ-1,item_default_location
updated,,decrease,decrease,21759,91,91,184548,184548,　サントリー　ジムビーム　ソーダ３５０ｍｌ,-12,6,0,6,-6,6,21734,,,
updated,,decrease,decrease,25541,91,91,123433,123433,　２５°限定　紫の赤兎馬７２０ｍｌ（芋）,39,0,39,45,-6,6,25458,,,
created,,increase,create,25554,91,91,123486,123486,　２５°女帝　麦１．８Ｌ,6,0,6,0,6,6,56072,327,Z-0-0,z00_fallback
updated,,decrease,decrease,25561,91,91,123565,123565,　２２°本格麦焼酎　宗政ワイン酵母仕込１．８Ｌ（麦）,9,0,9,15,-6,6,25474,,,
updated,,decrease,decrease,25578,91,91,123623,123623,　２０°限定　赤兎馬ブルー１．８Ｌ（芋）,8,0,8,14,-6,6,25490,,,
created,,increase,create,25612,91,91,155441,155441,　ポンパドール　チェリー　７５０ｍｌ,6,0,6,0,6,6,56073,11,ZZ-1,item_default_location
created,,increase,create,25633,91,91,155611,155611,　ペリエジュエ　ベルエポック　フロレサンス　７５０ｍｌ,6,0,6,0,6,6,56074,11,ZZ-1,item_default_location
updated,,decrease,decrease,27420,91,91,131047,131047,　ウィスキー　耀（かがやき）４Ｌ,120,0,120,126,-6,6,27302,,,
created,,increase,create,27454,91,91,131264,131264,　サントリー　レッド　１８０ｍｌ,6,0,6,0,6,6,56075,11,ZZ-1,item_default_location
updated,,decrease,decrease,29520,91,91,132038,132038,　クランマクレガー　７００ｍｌ,33,0,33,39,-6,6,29383,,,
updated,,decrease,decrease,29541,91,91,132192,132192,　ザ・マッカラン１８年　７００ｍｌ,6,0,6,12,-6,6,29402,,,
created,,increase,create,29567,91,91,156685,156685,×ヴィーニャドリア　赤　７５０ｍｌ,6,0,6,0,6,6,56076,327,Z-0-0,z00_fallback
created,,increase,create,29568,91,91,156693,156693,　ヴィーニャドリア　白　７５０ｍｌ,6,0,6,0,6,6,56077,327,Z-0-0,z00_fallback
created,,increase,create,31598,91,91,132899,132899,　ボウモア１２年　７００ｍｌ,6,0,6,0,6,6,56078,11,ZZ-1,item_default_location
updated,,increase,update,31673,91,91,211827,211827,　キリン　グリーンズフリー　小瓶３３４ｍｌ,3097,37,3060,3054,6,6,31511,363,AD-2-03K,existing_initial_lot
updated,,decrease,decrease,35588,91,91,112001,112001,　花垣特撰　大吟醸１．８Ｌ,5,0,5,11,-6,6,35409|52194,,,
updated,,decrease,decrease,35589,91,91,112018,112018,　越前岬　蔵出し本醸造１．８Ｌ,2,0,2,8,-6,6,35410,,,
updated,,decrease,decrease,35603,91,91,112125,112125,○花垣純米大吟醸１．８Ｌ,1,0,1,7,-6,6,35424,,,
created,,increase,create,35630,91,91,142453,142453,　サントリー　東京クラフト　フルーティーエール３５０ｍｌ,6,0,6,0,6,6,56079,327,Z-0-0,z00_fallback
created,,increase,create,35646,91,91,157848,157848,×ロスガンソス　ピノノワール　７５０ｍｌ,6,0,6,0,6,6,56080,11,ZZ-1,item_default_location
created,,increase,create,35706,91,91,213543,213543,　ポン　グレープジュース８００ｍｌペット,6,0,6,0,6,6,56081,11,ZZ-1,item_default_location
updated,,decrease,decrease,37504,91,91,221312,221312,　越前水産さばのへしこ４５０ｇ,10,0,10,16,-6,6,37251,,,
created,,increase,create,40522,91,91,112792,112792,　飛鳥井　純米吟醸　山田錦７２０ｍｌ,6,0,6,0,6,6,56082,11,ZZ-1,item_default_location
updated,,decrease,decrease,40617,91,91,161063,161063,　クラフトジン瀬戸内　檸檬　７００ｍｌ,27,0,27,33,-6,6,40325,,,
created,,increase,create,42436,91,91,114288,114288,　菊正宗　上撰　さけパック　生もと辛口２Ｌ,6,0,6,0,6,6,56083,327,Z-0-0,z00_fallback
updated,,decrease,decrease,42445,91,91,116015,116015,　旬三昧　旨口の酒パック２Ｌ,6,0,6,12,-6,6,42133,,,
updated,,decrease,decrease,42454,91,91,116110,116110,　清酒正宗鬼ころしパック２Ｌ,117,0,117,123,-6,6,42142,,,
created,,increase,create,44202,91,91,118201,118201,　初孫生もと純米本辛口　魔斬７２０ｍｌ（まきり）,6,0,6,0,6,6,56084,327,Z-0-0,z00_fallback
updated,,decrease,decrease,44214,91,91,118627,118627,　越後鶴亀　純米吟醸　限定品７２０ｍｌ,7,0,7,13,-6,6,43877,,,
created,,increase,create,44244,91,91,119176,119176,　越の磯　越前忘憂　純米酒７２０ｍｌ,6,0,6,0,6,6,56085,11,ZZ-1,item_default_location
created,,increase,create,46064,91,91,119622,119622,　永平寺白龍　米てきてき３００ｍｌ,6,0,6,0,6,6,56086,327,Z-0-0,z00_fallback
created,,increase,create,46065,91,91,119623,119623,　永平寺白龍　水てきてき３００ｍｌ,6,0,6,0,6,6,56087,327,Z-0-0,z00_fallback
created,,increase,create,46066,91,91,119624,119624,　永平寺白龍　土てきてき３００ｍｌ,6,0,6,0,6,6,56088,327,Z-0-0,z00_fallback
created,,increase,create,46067,91,91,119625,119625,　一本義　大吟醸　事無笑酒　Ｒｅｇａｌｏ７２０ｍｌ（レガロ）　※直送・卸不可,6,0,6,0,6,6,56089,11,ZZ-1,item_default_location
created,,increase,create,46082,91,91,119718,119718,　真名鶴　純米大吟醸　奏雨３００ｍｌ,6,0,6,0,6,6,56090,11,ZZ-1,item_default_location
created,,increase,create,46206,91,91,172042,172042,　ボルス　ストロベリー７００ｍｌ,6,0,6,0,6,6,56091,11,ZZ-1,item_default_location
created,,increase,create,48352,91,91,181314,181314,　東肥　本伝赤酒　１．８Ｌ,6,0,6,0,6,6,56092,11,ZZ-1,item_default_location
created,,increase,create,50413,91,91,153716,153716,　ヴィアヘロ　白　３Ｌ,6,0,6,0,6,6,56093,11,ZZ-1,item_default_location
updated,,increase,update,50464,91,91,184141,184141,　ハイリキ　レモン瓶　３００ｍｌ,621,0,621,615,6,6,50021,669,D-01-104,existing_initial_lot
updated,,decrease,decrease,51499,91,91,112330,112330,　真名鶴純米大吟醸　奏雨７２０ｍｌ,6,2,4,10,-6,6,52119,,,
created,,increase,create,51810,91,91,119288,119288,　白龍　特別純米　恐竜辞典　フクイベナートル７２０ｍｌ,6,0,6,0,6,6,56094,2671,YX-0-000,existing_lot_location
created,,increase,create,52308,91,91,142773,142773,　キリン　一番搾り　ホワイトビール３５０ｍｌ,6,0,6,0,6,6,56095,327,Z-0-0,z00_fallback
created,,increase,create,52521,91,91,210746,210746,　ＭＩＺＵＳＨＩＭＡ　ＢＬＵＥ　ジンジャービア　３３０ｍｌ,6,0,6,0,6,6,56096,327,Z-0-0,z00_fallback
updated,,decrease,decrease,21612,91,91,122567,122567,　２０°限定品　甕雫９００ｍｌ（芋）,12,0,12,17,-5,5,21612,,,
created,,increase,create,21673,91,91,153967,153967,　ミラヴァル　ロゼ　７５０ｍｌ,5,0,5,0,5,5,56097,11,ZZ-1,item_default_location
created,,increase,create,21708,91,91,154495,154495,　ＬＬ　ボーヌ　ヴィーニュフランシュ　７５０ｍｌ,5,0,5,0,5,5,56098,11,ZZ-1,item_default_location
created,,increase,create,23659,91,91,155030,155030,　ロジャーグラート　カヴァ　ドゥミセック　７５０ｍｌ,5,0,5,0,5,5,56099,11,ZZ-1,item_default_location
updated,,increase,update,23722,91,91,185508,185508,　スカイブルー　シトラスレモン２７５ｍｌ,80,0,80,75,5,5,23665,2418,L-09-206,existing_initial_lot
updated,,decrease,decrease,25537,91,91,123399,123399,　２５°克　前村貞夫杜氏１．８Ｌ（芋）,-1,0,0,5,-5,5,25455,,,
created,,increase,create,27478,91,91,155893,155893,　マム　アイスエクストラ　７５０ｍｌ,5,0,5,0,5,5,56100,11,ZZ-1,item_default_location
updated,,increase,update,27562,91,91,210922,210922,　檸檬堂　よわない檸檬堂３３５ｍｌ,61,20,41,36,5,5,27428,584,B-14-203,existing_initial_lot
created,,increase,create,29597,91,91,211203,211203,　アサヒ　スタイルバランス　グレープフルーツテイスト３５０ｍｌ,5,0,5,0,5,5,56101,327,Z-0-0,z00_fallback
updated,,decrease,decrease,31604,91,91,156832,156832,　コノスル　シラー　７５０ｍｌ,18,0,18,23,-5,5,31451,,,
updated,,decrease,decrease,35614,91,91,141270,141270,　金澤麦酒　ゴルトバッハ３３０ｍｌ,15,0,15,20,-5,5,35435,,,
created,,increase,create,35655,91,91,157904,157904,　　イエローテイル　カベルネソービニヨン　１８７ｍｌ,5,0,5,0,5,5,56102,11,ZZ-1,item_default_location
created,,increase,create,35681,91,91,158136,158136,　ビオンタ　アルバリーニョ　７５０ｍｌ,5,0,5,0,5,5,56103,11,ZZ-1,item_default_location
updated,,decrease,decrease,35730,91,91,215078,215078,　サントリー　ウーロン茶６００ｍｌ,0,0,0,5,-5,5,51211,,,
created,,increase,create,37352,91,91,112294,112294,　小浜酒造上撰わかさ１．８Ｌ,5,0,5,0,5,5,56104,327,Z-0-0,z00_fallback
created,,increase,create,38901,91,91,112586,112586,×真名鶴懐石本醸造　吟撰７２０ｍｌ,5,0,5,0,5,5,56105,11,ZZ-1,item_default_location
updated,,decrease,decrease,38906,91,91,112619,112619,　黒龍　吟醸　いっちょらい７２０ｍｌ,-47,0,0,5,-5,5,51395,,,
updated,,increase,update,40598,91,91,149102,149102,　カールスバーグ　クラブボトル　３３０ｍｌ,25,1,24,19,5,5,40308,2600,W-06-206,existing_initial_lot
created,,increase,create,40629,91,91,162037,162037,　エリストフ　ウォッカ　７００ｍｌ,5,0,5,0,5,5,56106,11,ZZ-1,item_default_location
updated,,decrease,decrease,40672,91,91,171048,171048,　赤兎馬　柚子　１．８Ｌ,-1,0,0,5,-5,5,40375,,,
updated,,increase,update,42460,91,91,149982,149982,　ＡＢインベブ　コロナ　エキストラ　瓶３３０ｍｌ,237,10,227,222,5,5,42148,771,E-03-102,existing_initial_lot
created,,increase,create,42488,91,91,151257,151257,　メルシャン　ビストロ　ボックス　白　パック　１．８Ｌ,5,0,5,0,5,5,56107,11,ZZ-1,item_default_location
created,,increase,create,44230,91,91,119044,119044,　小浜酒造純米吟醸わかさ７２０ｍｌ,5,0,5,0,5,5,56108,11,ZZ-1,item_default_location
created,,increase,create,46135,91,91,152567,152567,　ＬＬシャブリ　プルミエ　クリュ７５０ｍｌ,5,0,5,0,5,5,56109,11,ZZ-1,item_default_location
created,,increase,create,46186,91,91,171938,171938,　山元　にごり梅酒　梅太夫１．８Ｌ,5,0,5,0,5,5,56110,327,Z-0-0,z00_fallback
created,,increase,create,50405,91,91,153606,153606,　ヴィアヘロ　赤　３Ｌ,5,0,5,0,5,5,56111,11,ZZ-1,item_default_location
updated,,decrease,decrease,51488,91,91,119519,119519,　福千歳　ＲＩＣＥ　ＷＩＮＥ（らいすわいん）３００ｍｌ,6,0,6,11,-5,5,52255,,,
created,,increase,create,52110,91,91,184155,184155,　サントリー　ほろよい　レモみかん３５０ｍｌ,5,0,5,0,5,5,56112,327,Z-0-0,z00_fallback
created,,increase,create,52243,91,91,132761,132761,　バスカー　アイリッシュウィスキー　７００ｍｌ,5,0,5,0,5,5,56113,327,Z-0-0,z00_fallback
updated,,decrease,decrease,21605,91,91,122531,122531,　３０°残波ブラック（泡盛）７２０ｍｌ,14,0,14,18,-4,4,21605,,,
updated,,decrease,decrease,21662,91,91,122858,122858,　２５°あまみ朝日７２０ｍｌ（黒糖）,17,0,17,21,-4,4,21662,,,
created,,increase,create,21678,91,91,154016,154016,　チンザノ　ロッソ　１Ｌ,4,0,4,0,4,4,56114,11,ZZ-1,item_default_location
created,,increase,create,21682,91,91,154145,154145,　モンメイラック　白　７５０ｍｌ,4,0,4,0,4,4,56115,11,ZZ-1,item_default_location
created,,increase,create,21685,91,91,154154,154154,　エゴット　メルロサンジョベーゼ　３Ｌ,4,0,4,0,4,4,56116,327,Z-0-0,z00_fallback
created,,increase,create,21697,91,91,154413,154413,　プリュレロック　ニュイサンジョルジュ　クロデコルヴェ　７５０ｍｌ,4,0,4,0,4,4,56117,11,ZZ-1,item_default_location
created,,increase,create,21709,91,91,154524,154524,　ＬＬ　ピュリニーモンラッシェ　ルフェール　７５０ｍｌ,4,0,4,0,4,4,56118,11,ZZ-1,item_default_location
created,,increase,create,23604,91,91,122957,122957,　２５°橙華１．８Ｌ（芋）,4,0,4,0,4,4,56119,11,ZZ-1,item_default_location
created,,increase,create,23668,91,91,155083,155083,　ニコラ　フィアット　パルムドール　ブリュット　７５０ｍｌ,4,0,4,0,4,4,56120,11,ZZ-1,item_default_location
created,,increase,create,25506,91,91,123261,123261,×２５°西郷が里５Ｌ（芋）,4,0,4,0,4,4,56121,11,ZZ-1,item_default_location
created,,increase,create,25528,91,91,123342,123342,　３０°ニコニコ太郎１．８Ｌ（泡盛）,4,0,4,0,4,4,56122,11,ZZ-1,item_default_location
created,,increase,create,25594,91,91,155348,155348,×マム　グランコルドン　７５０ｍｌ,4,0,4,0,4,4,56123,11,ZZ-1,item_default_location
created,,increase,create,27410,91,91,123908,123908,　２０°西の星１．８Ｌ（麦）,4,0,4,0,4,4,56124,327,Z-0-0,z00_fallback
updated,,increase,update,27446,91,91,131196,131196,　サントリー　角瓶　７００ｍｌ,157,4,153,149,4,4,27328,515,B-04-205,existing_initial_lot
updated,,increase,update,27515,91,91,210583,210583,　コスモライフ　天然水コスモウォーター１２Ｌ,57,0,57,53,4,4,27386,2371,J-01-001,existing_initial_lot
created,,increase,create,27560,91,91,210895,210895,　雜賀　ノンアルコール柚　ロックンユズ　７２０ｍｌ,4,0,4,0,4,4,56125,327,Z-0-0,z00_fallback
updated,,increase,update,29561,91,91,156643,156643,　シャプティエ　コートデュローヌ　ブラン　ペルルーシュ　７５０ｍｌ,24,0,24,20,4,4,52979,11,ZZ-1,existing_initial_lot
created,,increase,create,29579,91,91,156758,156758,　フランソワラベ　ピノノワール　７５０ｍｌ,4,0,4,0,4,4,56126,11,ZZ-1,item_default_location
updated,,decrease,decrease,31573,91,91,132288,132288,　オールドパー１２年　７５０ｍｌ,23,0,23,27,-4,4,31421,,,
updated,,decrease,decrease,31595,91,91,132589,132589,　アードベッグ　ウィービースティ　５年　７００ｍｌ,3,0,3,7,-4,4,31443,,,
updated,,decrease,decrease,31601,91,91,156820,156820,　コノスル　ピノノワール　７５０ｍｌ,40,0,40,44,-4,4,31448,,,
created,,increase,create,31610,91,91,156934,156934,　コセチャ　シャルドネ　７５０ｍｌ,124,0,124,120,4,4,56127,11,ZZ-1,existing_lot_location
updated,,increase,update,31688,91,91,211954,211954,　アサヒ　ゼロ　ノンアルコール　小瓶３３４ｍｌ,652,35,617,613,4,4,31525,359,AD-1-03A,existing_initial_lot
updated,,decrease,decrease,33654,91,91,157307,157307,　カサーレヴェッキオ　モンテプルチアーノダブルッツォ　７５０ｍｌ,10,0,10,14,-4,4,33485,,,
updated,,decrease,decrease,33659,91,91,157336,157336,　コノスル　カベルネソーヴィニヨン　２０バレル　７５０ｍｌ,6,0,6,10,-4,4,33489,,,
updated,,decrease,decrease,35592,91,91,112037,112037,　関西　佳撰１．８Ｌ,41,0,41,45,-4,4,35413,,,
created,,increase,create,35647,91,91,157851,157851,　　ヴァレ　ド　オーメン　ブランコ　７５０ｍｌ,4,0,4,0,4,4,56128,11,ZZ-1,item_default_location
created,,increase,create,35686,91,91,158201,158201,　ミッシェルリンチ　ボルドーブラン　７５０ｍｌ,4,0,4,0,4,4,56129,11,ZZ-1,item_default_location
created,,increase,create,35782,91,91,941002,941002,　立力やわらか牛カルビ１Ｋｇ,4,0,4,0,4,4,56130,11,ZZ-1,item_default_location
updated,,increase,update,37363,91,91,112349,112349,　越前岬　蔵出し本醸造７２０ｍｌ（箱無）,10,0,10,6,4,4,37124,1510,G-06-310,existing_initial_lot
created,,increase,create,37366,91,91,112386,112386,　雲乃井　純米酒　福雲７２０ｍｌ,4,0,4,0,4,4,56131,11,ZZ-1,item_default_location
created,,increase,create,37448,91,91,158426,158426,　パラヒメネス　シャルドネ　オーガニック　７５０ｍｌ,4,0,4,0,4,4,56132,11,ZZ-1,item_default_location
updated,,decrease,decrease,38889,91,91,112517,112517,　一乃谷大吟醸　暁７２０ｍｌ,3,0,3,7,-4,4,38634,,,
updated,,decrease,decrease,38947,91,91,143277,143277,　キリン　一番搾り　生樽１５Ｌ,155,11,144,148,-4,4,38684,,,
updated,,decrease,decrease,38952,91,91,145005,145005,　サントリー　プレミアムモルツ１０Ｌ,39,5,34,38,-4,4,38689,,,
created,,increase,create,40626,91,91,162021,162021,　ロンリコ　ホワイト　４０°（正規）　７００ｍｌ,4,0,4,0,4,4,56133,11,ZZ-1,item_default_location
updated,,decrease,decrease,40693,91,91,231264,231264,　ニッカ　白絞油１６．５Ｋｇ,58,1,57,61,-4,4,40396,,,
created,,increase,create,40724,91,91,231608,231608,　Ｓ＆Ｂ　金沢風カツカレーソース３Ｋｇ,4,0,4,0,4,4,56134,327,Z-0-0,z00_fallback
created,,increase,create,42426,91,91,114058,114058,　白鶴米だけのまる　純米酒パック９００ｍｌ,4,0,4,0,4,4,56135,11,ZZ-1,item_default_location
created,,increase,create,42470,91,91,151106,151106,　勝沼醸造　甲州　穂坂　７５０ｍｌ,4,0,4,0,4,4,56136,11,ZZ-1,item_default_location
created,,increase,create,44216,91,91,118713,118713,　初孫生もと純米本辛口　魔斬１．８Ｌ（まきり）,4,0,4,0,4,4,56137,327,Z-0-0,z00_fallback
created,,increase,create,44270,91,91,151672,151672,　白山やまぶどうワイン　梅スパーク　３７５ｍｌ,4,0,4,0,4,4,56138,11,ZZ-1,item_default_location
created,,increase,create,46114,91,91,152435,152435,　フォルタン　カベルネソービニヨン　７５０ｍｌ,4,0,4,0,4,4,56139,11,ZZ-1,item_default_location
updated,,decrease,decrease,46130,91,91,152509,152509,　モンテス　アルファ　カベルネソービニヨン　７５０ｍｌ,11,0,11,15,-4,4,45737,,,
updated,,decrease,decrease,46237,91,91,249118,249118,　吉村甘露堂　山うにあられ８５ｇ,529,40,489,493,-4,4,45835,,,
created,,increase,create,46258,91,91,261193,261193,　ジェラールセレクション　クリーミーウォッシュ１２５ｇ,4,0,4,0,4,4,56140,472,AY-0-000,item_default_location
updated,,decrease,decrease,48211,91,91,122056,122056,　３０°奄美（黒糖）１．８Ｌ,34,0,34,38,-4,4,47803,,,
updated,,decrease,decrease,48222,91,91,122098,122098,　２５°鳥飼（米）７２０ｍｌ,12,0,12,16,-4,4,47814,,,
created,,increase,create,48232,91,91,152738,152738,　サンタヘレナ　アルパカ　ソービニヨンブラン　７５０ｍｌ,4,0,4,0,4,4,56141,11,ZZ-1,item_default_location
created,,increase,create,48281,91,91,172223,172223,×ボルスモヒート　７００ｍｌ,4,0,4,0,4,4,56142,11,ZZ-1,item_default_location
created,,increase,create,48355,91,91,261197,261197,　ジェラールセレクション　カマンベール１２５ｇ,4,0,4,0,4,4,56143,472,AY-0-000,item_default_location
created,,increase,create,50418,91,91,153798,153798,　シャトー　トゥール　サンヴァンサン　７５０ｍｌ,4,0,4,0,4,4,56144,11,ZZ-1,item_default_location
updated,,decrease,decrease,51501,91,91,112029,112029,　福千歳ＲＩＣＥ　ＷＩＮＥ（らいすわいん）７２０ｍｌ,-29,10,0,4,-4,4,52249,,,
created,,increase,create,51554,91,91,284105,284105,　岡田屋製菓　お徳用えびせんミックス２１０ｇ,4,0,4,0,4,4,56145,327,Z-0-0,z00_fallback
updated,,decrease,decrease,51828,91,91,112419,112419,　福千歳ＳＡＫＵＲＡ　ＲＯＣＫ（さくらロック）７２０ｍｌ,2,0,2,6,-4,4,52251,,,
created,,increase,create,51873,91,91,251031,251031,　アサヒ　スタイルバランス　和梨サワー３５０ｍｌ,4,0,4,0,4,4,56146,327,Z-0-0,z00_fallback
created,,increase,create,52488,91,91,221609,221609,　成城石井　ジャンボンセック９か月熟成スライス１６０ｇ,4,0,4,0,4,4,56147,472,AY-0-000,item_default_location
updated,,decrease,decrease,21610,91,91,122562,122562,　２５°浪漫の大地（そば）１．８Ｌパック,75,0,75,78,-3,3,21610,,,
updated,,decrease,decrease,21618,91,91,122595,122595,　２５°黒島美人１．８Ｌ（芋）,9,0,9,12,-3,3,21618,,,
updated,,increase,update,21674,91,91,154005,154005,　ノイリープラット　ドライ　白　１Ｌ,3,0,3,0,3,3,21669,1759,H-06-209,existing_initial_lot
created,,increase,create,21715,91,91,154611,154611,　ブシャール　ペール　エ　フィス　シャンベルタン　クロ　ド　ベーズ　７５０ｍｌ,3,0,3,0,3,3,56148,11,ZZ-1,item_default_location
created,,increase,create,21806,91,91,410109,410109,　クタール　ソムリエナイフ　１個,3,0,3,0,3,3,56149,11,ZZ-1,item_default_location
created,,increase,create,23612,91,91,123013,123013,×２５°黒丸１．８Ｌ（芋）,3,0,3,0,3,3,56150,11,ZZ-1,item_default_location
updated,,decrease,decrease,23630,91,91,123104,123104,　３０°あまみ朝日７２０ｍｌ（黒糖）,10,0,10,13,-3,3,23584,,,
created,,increase,create,23680,91,91,155142,155142,　ペリエジュエ　ベルエポック　ブランドブラン　７５０ｍｌ,3,0,3,0,3,3,56151,11,ZZ-1,item_default_location
created,,increase,create,23692,91,91,155187,155187,　エンジェルシャンパン　ブリュットロゼ　ホワイト　,3,0,3,0,3,3,56152,11,ZZ-1,item_default_location
created,,increase,create,23709,91,91,155254,155254,　ローランペリエ　グランシエクル　７５０ｍｌ,3,0,3,0,3,3,56153,11,ZZ-1,item_default_location
updated,,increase,update,23765,91,91,210078,210078,　アサヒシロップ　レモン果汁入り６００ｍｌ,154,8,146,143,3,3,23706,545,B-07-204,existing_initial_lot
created,,increase,create,25602,91,91,155400,155400,　ロータリ　タレン　ブリュット　ロゼ　７５０ｍｌ,3,0,3,0,3,3,56154,327,Z-0-0,z00_fallback
created,,increase,create,25617,91,91,155473,155473,　レミーパニエ　ブーケドール　ロゼ　７５０ｍｌ,3,0,3,0,3,3,56155,11,ZZ-1,item_default_location
updated,,decrease,decrease,25618,91,91,155487,155487,　モエ＆ＣＨ　アイスアンペリアル７５０ｍｌ,5,0,5,8,-3,3,25518,,,
created,,increase,create,25619,91,91,155492,155492,　パルムドール　ロゼ　インテンス　７５０ｍｌ,3,0,3,0,3,3,56156,11,ZZ-1,item_default_location
created,,increase,create,25621,91,91,155503,155503,　ニコラフィアット　エクスクルーシブ　ブリュット　３７５ｍｌ,3,0,3,0,3,3,56157,11,ZZ-1,item_default_location
updated,,decrease,decrease,27414,91,91,131005,131005,　江井ヶ島酒造　あかしレッド５００ｍｌ,14,0,14,17,-3,3,27296,,,
created,,increase,create,27469,91,91,155764,155764,　ボランジェ　ＰＮＶＺ　７５０ｍｌ,3,0,3,0,3,3,56158,11,ZZ-1,item_default_location
updated,,decrease,decrease,29583,91,91,156790,156790,　コノスル　カベルネソーヴィニヨン　７５０ｍｌ,51,0,51,54,-3,3,29432,,,
updated,,increase,update,31603,91,91,156826,156826,　ラ　フォルジュ　カベルネソーヴィニヨン　７５０ｍｌ,11,0,11,8,3,3,31450,2081,I-07-304,existing_initial_lot
created,,increase,create,33658,91,91,157326,157326,　ムーチョマス　赤　７５０ｍｌ,3,0,3,0,3,3,56159,11,ZZ-1,item_default_location
updated,,decrease,decrease,37373,91,91,112420,112420,　花垣本醸造７２０ｍｌ,15,0,15,18,-3,3,37131,,,
created,,increase,create,37382,91,91,112471,112471,　畠山酒造雪きらら　純米酒７２０ｍｌ,3,0,3,0,3,3,56160,11,ZZ-1,item_default_location
updated,,decrease,decrease,37423,91,91,143123,143123,　サッポロ生樽１０Ｌ,151,4,147,150,-3,3,37174,,,
updated,,decrease,decrease,37438,91,91,158372,158372,　コノスル　カベルネソービニヨン　３７５ｍｌ,10,0,10,13,-3,3,37187,,,
updated,,decrease,decrease,37439,91,91,158373,158373,　コノスル　ピノノワール　３７５ｍｌ,21,0,21,24,-3,3,37188,,,
created,,increase,create,37511,91,91,222040,222040,　華セレクト　落花生　業務仕様４５０ｇ,3,0,3,0,3,3,56161,11,ZZ-1,item_default_location
updated,,decrease,decrease,38890,91,91,112525,112525,　黒龍　大吟醸　龍１．８Ｌ,-13,0,0,3,-3,3,51393,,,
created,,increase,create,38896,91,91,112558,112558,　一乃谷上撰カップ１８０ｍｌ,3,0,3,0,3,3,56162,11,ZZ-1,item_default_location
updated,,decrease,decrease,38917,91,91,112672,112672,　花垣　純米７２０ｍｌ,14,0,14,17,-3,3,38657,,,
created,,increase,create,38975,91,91,158987,158987,×ＪＪドミニク　テロワールセレクション　ピノノワール　７５０ｍｌ,3,0,3,0,3,3,56163,11,ZZ-1,item_default_location
updated,,decrease,decrease,38987,91,91,159093,159093,　カンタラス　カベルネソーヴィニヨン　７５０ｍｌ,18,0,18,21,-3,3,38716,,,
updated,,decrease,decrease,40531,91,91,112825,112825,　早瀬浦純米１．８Ｌ　営業部専用,2,0,2,5,-3,3,51210,,,
created,,increase,create,40607,91,91,161005,161005,　サントリー　ウオッカ８０プルーフ　７２０ｍｌ,3,0,3,0,3,3,56164,11,ZZ-1,item_default_location
created,,increase,create,40702,91,91,231291,231291,　ミツカン　パッチョ　トマト＆ガーリック１Ｌ,3,0,3,0,3,3,56165,11,ZZ-1,item_default_location
created,,increase,create,40709,91,91,231310,231310,　キッコーマン　こいくち　天パット缶１８Ｌ,3,0,3,0,3,3,56166,11,ZZ-1,item_default_location
created,,increase,create,40723,91,91,231607,231607,　ハウス　カレーホット　２．７ｇ×１００,3,0,3,0,3,3,56167,11,ZZ-1,item_default_location
created,,increase,create,42465,91,91,151054,151054,　白山ワイン　山麓　７５０ｍｌ,3,0,3,0,3,3,56168,11,ZZ-1,item_default_location
created,,increase,create,42478,91,91,151152,151152,　機山　スパークリング　トラディッショナル　７５０ｍｌ,3,0,3,0,3,3,56169,11,ZZ-1,item_default_location
created,,increase,create,42567,91,91,243205,243205,　岩泉ファーム　牛乳アイスモナカ９５ｍｌ,3,0,3,0,3,3,56170,11,ZZ-1,item_default_location
created,,increase,create,42575,91,91,245067,245067,　ギアアンチョビペースト６０ｇ,3,0,3,0,3,3,56171,327,Z-0-0,z00_fallback
created,,increase,create,44238,91,91,119123,119123,　梵艶　純米大吟醸１．８Ｌ,3,0,3,0,3,3,56172,11,ZZ-1,item_default_location
created,,increase,create,44278,91,91,152070,152070,　フォッシ　ロッソ　７５０ｍｌ,3,0,3,0,3,3,56173,11,ZZ-1,item_default_location
created,,increase,create,44286,91,91,152145,152145,　ＬＬ　シモネ　フェブル　シャブリ７５０ｍｌ,3,0,3,0,3,3,56174,327,Z-0-0,z00_fallback
created,,increase,create,44334,91,91,171578,171578,　一本義　吟香梅　般若刀　７２０ｍｌ,3,0,3,0,3,3,56175,11,ZZ-1,item_default_location
updated,,decrease,decrease,46140,91,91,152665,152665,　アムペーロ　カベルネソービニヨン　３Ｌ,140,3,137,140,-3,3,45745,,,
created,,increase,create,46147,91,91,152714,152714,　ＬＬ　ジュヴレ　シャンベルタン　７５０ｍｌ,3,0,3,0,3,3,56176,11,ZZ-1,item_default_location
updated,,increase,update,46190,91,91,171959,171959,　キリン　陸ハイボール３ＬＰＥＴ,24,4,20,17,3,3,45790,340,AB-1-05R,existing_initial_lot
updated,,decrease,decrease,48171,91,91,121079,121079,○２５°いいちこ（麦）スーパー７２０ｍｌ,73,0,73,76,-3,3,47764,,,
updated,,decrease,decrease,48227,91,91,122124,122124,　３０°あまみ朝日１．８Ｌ（黒糖）,0,0,0,3,-3,3,47819,,,
updated,,increase,update,50323,91,91,122195,122195,　２０°神の河　ライト６００ｍｌ,3,0,3,0,3,3,49897,1115,E-11-305,existing_initial_lot
updated,,decrease,decrease,50379,91,91,122471,122471,　２２°壱岐スーパーゴールド（箱入）７２０ｍｌ（麦）,77,0,77,80,-3,3,49951,,,
created,,increase,create,50400,91,91,153561,153561,　イエローテイル　メルロ　７５０ｍｌ,3,0,3,0,3,3,56177,11,ZZ-1,item_default_location
updated,,decrease,decrease,51532,91,91,112720,112720,　永平寺白龍　純米大吟醸　生貯蔵酒３００ｍｌ,1,6,0,3,-3,3,52176,,,
created,,increase,create,51556,91,91,157137,157137,　シャトー　オーブランダ　７５０ｍｌ,3,0,3,0,3,3,56178,327,Z-0-0,z00_fallback
created,,increase,create,51728,91,91,221859,221859,　協同インターナショナル　モモマイルド生ハム切り落とし１２０ｇ,3,0,3,0,3,3,56179,327,Z-0-0,z00_fallback
created,,increase,create,51738,91,91,261194,261194,　ジェラールセレクション　ブルーチーズ１２５ｇ,3,0,3,0,3,3,56180,327,Z-0-0,z00_fallback
created,,increase,create,51739,91,91,221277,221277,　トーレ・デ・ヌニエズ　ハモンセラーノ１４ヶ月熟成６０ｇ,3,0,3,0,3,3,56181,327,Z-0-0,z00_fallback
updated,,decrease,decrease,21593,91,91,122490,122490,　２５°七夕（芋）９００ｍｌ,18,0,18,20,-2,2,21593,,,
updated,,increase,update,21644,91,91,122740,122740,　２５°いいちこ　深薫７２０ｍｌ（麦）,12,0,12,10,2,2,21644,1760,H-06-210,existing_initial_lot
created,,increase,create,21668,91,91,153893,153893,　アリウェン　レセルヴァ　ピノノワール　７５０ｍｌ,2,0,2,0,2,2,56182,327,Z-0-0,z00_fallback
created,,increase,create,21669,91,91,153894,153894,　アリウェン　レセルヴァ　シャルドネ　７５０ｍｌ,2,0,2,0,2,2,56183,327,Z-0-0,z00_fallback
created,,increase,create,21675,91,91,154009,154009,　チンザノ　ロッソ　７５０ｍｌ,2,0,2,0,2,2,56184,11,ZZ-1,item_default_location
created,,increase,create,21724,91,91,155005,155005,　ロジャーグラート　カヴァ　グランキュヴェ　７５０ｍｌ,2,0,2,0,2,2,56185,327,Z-0-0,z00_fallback
updated,,decrease,decrease,21727,91,91,155019,155019,　コノスル　スパークリング　ブリュット　７５０ｍｌ,23,0,23,25,-2,2,21703,,,
created,,increase,create,21740,91,91,184421,184421,　チョーヤ　さらりとした梅酒　パック１Ｌ,2,0,2,0,2,2,56186,11,ZZ-1,item_default_location
updated,,increase,update,21753,91,91,184502,184502,　サントリー　ほろよい　もも　３５０ｍｌ,24,22,2,0,2,2,21728,2747,G-01-207,existing_initial_lot
created,,increase,create,21803,91,91,410049,410049,　箱入りポリ絞り袋　５５ｃｍ　青色,2,0,2,0,2,2,56187,11,ZZ-1,item_default_location
created,,increase,create,21804,91,91,410066,410066,　福重　ＣＦ－６０　無地７０巾　ケーキフィル,2,0,2,0,2,2,56188,11,ZZ-1,item_default_location
created,,increase,create,21805,91,91,410102,410102,　バキュフレッシュ　替え栓　２個入　１個,2,0,2,0,2,2,56189,11,ZZ-1,item_default_location
updated,,decrease,decrease,23635,91,91,123115,123115,　２５°魔界への誘い（芋）１．８Ｌ,23,0,23,25,-2,2,23589,,,
updated,,decrease,decrease,23636,91,91,123116,123116,　２５°魔界への誘い（芋）７２０ｍｌ,40,0,40,42,-2,2,23590,,,
updated,,decrease,decrease,23654,91,91,123202,123202,　３０°島唄ブラック７２０ｍｌ（泡盛）,10,0,10,12,-2,2,23608,,,
updated,,decrease,decrease,23683,91,91,155164,155164,　モエ＆ＣＨ　ネクターアンペリアル　ロゼドライ　７５０ｍｌ,25,0,25,27,-2,2,23633,,,
updated,,decrease,decrease,23690,91,91,155178,155178,　　ドンペリニョン　箱無し　７５０ｍｌ,0,0,0,2,-2,2,23639,,,
updated,,decrease,decrease,23694,91,91,155201,155201,　コノスル　スパークリング　ロゼ　３７５ｍｌ,15,0,15,17,-2,2,23642,,,
updated,,decrease,decrease,25536,91,91,123393,123393,　２５°島唄　パック１．８Ｌ（泡盛）,5,0,5,7,-2,2,25454,,,
created,,increase,create,25595,91,91,155359,155359,　パルムドール　ゴールドＥＤ　７５０ｍｌ,2,0,2,0,2,2,56190,11,ZZ-1,item_default_location
created,,increase,create,25644,91,91,155694,155694,　アンジュエール　ブリュット　７５０ｍｌ,2,0,2,0,2,2,56191,11,ZZ-1,item_default_location
updated,,increase,update,27391,91,91,123643,123643,　２５°だいやめ（ＤＡＩＹＡＭＥ）９００ｍｌ（芋）,25,1,24,22,2,2,27275,866,E-05-301,existing_initial_lot
updated,,decrease,decrease,27397,91,91,123690,123690,　２５°薩州　呂布７２０ｍｌ（麦）,9,0,9,11,-2,2,27281,,,
updated,,decrease,decrease,27449,91,91,131243,131243,　富士ヶ嶺　ピュアモルト　７００ｍｌ,9,0,9,11,-2,2,27331,,,
created,,increase,create,27468,91,91,155743,155743,　ヴーヴ　デュ　ヴェルネ　ロゼ７５０ｍｌ,2,0,2,0,2,2,56192,327,Z-0-0,z00_fallback
created,,increase,create,27471,91,91,155786,155786,　ニコラフィアット　グラフィックアイス　ロゼ　７５０ｍｌ,2,0,2,0,2,2,56193,11,ZZ-1,item_default_location
created,,increase,create,27484,91,91,155965,155965,　エンジェルシャンパン　ブリュットブラック　７５０ｍｌ,2,0,2,0,2,2,56194,11,ZZ-1,item_default_location
updated,,decrease,decrease,27485,91,91,156005,156005,　コノスル　ソービニヨンブラン　オーガニック　７５０ｍｌ,4,0,4,6,-2,2,27358,,,
updated,,decrease,decrease,27511,91,91,156323,156323,　クラレンドル　ルージュ　シャトー　オーブリオン　７５０ｍｌ,8,0,8,10,-2,2,27382,,,
updated,,decrease,decrease,29503,91,91,131495,131495,　ホワイトオークあかし　シェリーカスク　５００ｍｌ,12,0,12,14,-2,2,29368,,,
created,,increase,create,29504,91,91,131508,131508,　マツイウイスキー　大山ミズナラカスク　７００ｍｌ,2,0,2,0,2,2,56195,2671,YX-0-000,existing_lot_location
updated,,decrease,decrease,29518,91,91,132023,132023,　オールドパー　１８年　７５０ｍｌ,-1,0,0,2,-2,2,29381,,,
created,,increase,create,29552,91,91,156478,156478,×タクン　レゼルヴァ　シャルドネ　７５０ｍｌ,2,0,2,0,2,2,56196,11,ZZ-1,item_default_location
updated,,decrease,decrease,29618,91,91,211315,211315,　ジャスティスライムサワー１Ｌ,15,0,15,17,-2,2,29466,,,
updated,,decrease,decrease,29619,91,91,211316,211316,　ジャスティス青リンゴサワー１Ｌ,23,0,23,25,-2,2,29467,,,
updated,,decrease,decrease,31575,91,91,132319,132319,　オールドパー　シルバー　７５０ｍｌ,20,0,20,22,-2,2,31423,,,
updated,,decrease,decrease,31599,91,91,156806,156806,　コノスル　メルロー　７５０ｍｌ,29,0,29,31,-2,2,31446,,,
created,,increase,create,31628,91,91,157160,157160,　ブシャールＰ＆Ｆ　コルトンシャルルマーニュ　’２１　７５０ｍｌ,2,0,2,0,2,2,56197,11,ZZ-1,item_default_location
updated,,decrease,decrease,31660,91,91,211705,211705,　アサヒ　ドライゼロ　樽５Ｌ,9,0,9,11,-2,2,31498,,,
created,,increase,create,31704,91,91,632659,632659,×永谷園お茶漬海苔　業務用５０袋,2,0,2,0,2,2,56198,11,ZZ-1,item_default_location
created,,increase,create,33598,91,91,134001,134001,　カミュＶＳＯＰエレガンス７００ｍｌ,2,0,2,0,2,2,56199,11,ZZ-1,item_default_location
created,,increase,create,33605,91,91,134078,134078,　ドーバー　ブランデー　ＶＳＯ　１００ｍｌ,2,0,2,0,2,2,56200,787,E-03-302,item_default_location
updated,,increase,update,35597,91,91,112080,112080,　越の磯　純米酒　寒仕込み１．８Ｌ,2,0,2,0,2,2,35418,1011,E-09-106,existing_initial_lot
updated,,decrease,decrease,35661,91,91,157948,157948,　エステザルグ　コートデュローヌ　ルージュ　ダンデゾン　ＶＶ　７５０ｍｌ,6,0,6,8,-2,2,35477,,,
created,,increase,create,37333,91,91,112182,112182,　舞美人純米酒７２０ｍｌ,3,0,3,1,2,2,56201,2495,Q-00-000,existing_lot_location
created,,increase,create,37375,91,91,112426,112426,　一乃谷純米酒　純７２０ｍｌ,2,0,2,0,2,2,56202,11,ZZ-1,item_default_location
updated,,decrease,decrease,37458,91,91,158556,158556,　カラレンタ　ペコリーノ　７５０ｍｌ,8,0,8,10,-2,2,37206,,,
updated,,decrease,decrease,38881,91,91,112494,112494,　華燭本醸造１．８Ｌ,6,0,6,8,-2,2,38626,,,
updated,,decrease,decrease,38887,91,91,112512,112512,　一乃谷大吟醸　暁３００ｍｌ,20,0,20,22,-2,2,38632,,,
created,,increase,create,38908,91,91,112624,112624,　華燭越前国府　純米酒７２０ｍｌ,2,0,2,0,2,2,56203,11,ZZ-1,item_default_location
updated,,increase,update,38922,91,91,112727,112727,　梵　特撰純米大吟醸７２０ｍｌ,18,13,5,3,2,2,38662,2564,W-03-203,existing_initial_lot
created,,increase,create,38999,91,91,161001,161001,　サントリーウォッカ　８０プルーフ　１．８Ｌ,2,0,2,0,2,2,56204,11,ZZ-1,item_default_location
updated,,decrease,decrease,40567,91,91,113310,113310,　福鶴純米原酒「八王」１．８Ｌ（営業部専用）,-1,0,0,2,-2,2,51375|51160,,,
updated,,decrease,decrease,40599,91,91,149116,149116,　ピルスナーウルケル１５Ｌ樽,3,0,3,5,-2,2,40309,,,
updated,,increase,update,40671,91,91,171029,171029,　サントリー　こだわり酒場のタコハイの素　コンク　１．８Ｌペット,2,0,2,0,2,2,40374,1639,H-04-206,existing_initial_lot
updated,,decrease,decrease,42472,91,91,151117,151117,　マンズエコノミー　白　ハンディペット１．８Ｌ,9,0,9,11,-2,2,42155,,,
created,,increase,create,42491,91,91,151307,151307,　アルプス　酸化防止剤無添加信州コンコード　７２０ｍｌ,2,0,2,0,2,2,56205,11,ZZ-1,item_default_location
created,,increase,create,44205,91,91,118412,118412,　神泉　純米大吟醸１．８Ｌ（箱無し）,2,0,2,0,2,2,56206,327,Z-0-0,z00_fallback
created,,increase,create,44268,91,91,151659,151659,　ココファーム　農民ドライ　７５０ｍｌ,2,0,2,0,2,2,56207,11,ZZ-1,item_default_location
updated,,decrease,decrease,44280,91,91,152077,152077,　ムートンカデ　ルージュ　７５０ｍｌ,10,0,10,12,-2,2,43921,,,
updated,,decrease,decrease,44326,91,91,171529,171529,　赤兎馬　梅酒７２０ｍｌ,5,0,5,7,-2,2,43963,,,
created,,increase,create,44337,91,91,171606,171606,　アサヒ　ジノン　グレープフルーツ　コンク１．８Ｌ　ペット,2,0,2,0,2,2,56208,11,ZZ-1,item_default_location
created,,increase,create,46038,91,91,119417,119417,　月暈　純米吟醸７２０ｍｌ,2,0,2,0,2,2,56209,11,ZZ-1,item_default_location
created,,increase,create,46052,91,91,119529,119529,　福千歳　ＦＵＫＵＩ　純米７２０ｍｌ,2,0,2,0,2,2,56210,11,ZZ-1,item_default_location
created,,increase,create,46057,91,91,119576,119576,　花垣　純米大吟醸３００ｍｌ,2,0,2,0,2,2,56211,327,Z-0-0,z00_fallback
created,,increase,create,46085,91,91,119735,119735,　越の鷹　辛口純米吟醸３００ｍｌ,2,0,2,0,2,2,56212,11,ZZ-1,item_default_location
updated,,decrease,decrease,46141,91,91,152668,152668,　アムペーロ　シャルドネ　３Ｌ,144,2,142,144,-2,2,45746,,,
updated,,increase,update,46172,91,91,171909,171909,　キリン　氷結　無糖　レモン　コンク１．８Ｌ,126,4,122,120,2,2,45773,1262,F-08-202,existing_initial_lot
created,,increase,create,46229,91,91,172119,172119,×サッポロ　リモンチェッロ　７２０ｍｌ,2,0,2,0,2,2,56213,11,ZZ-1,item_default_location
updated,,decrease,decrease,48175,91,91,121094,121094,　２５°宝焼酎　チアーテナー１８Ｌ,6,2,4,6,-2,2,47768,,,
updated,,increase,update,48203,91,91,122018,122018,　２５°黒霧島（芋）７２０ｍｌ,40,0,40,38,2,2,47795,2416,L-09-204,existing_initial_lot
created,,increase,create,48241,91,91,152836,152836,　アリウェン　レセルヴァ　カベルネソービニヨン　７５０ｍｌ,2,0,2,0,2,2,56214,327,Z-0-0,z00_fallback
created,,increase,create,48250,91,91,152914,152914,×ボッラ　ヴァルポリチェッラクラシコ　７５０ｍｌ,2,0,2,0,2,2,56215,11,ZZ-1,item_default_location
created,,increase,create,48251,91,91,152918,152918,　シャルドネ　アンデスコレクション　７５０ｍｌ,2,0,2,0,2,2,56216,11,ZZ-1,item_default_location
updated,,increase,update,48271,91,91,172160,172160,　バカルディ　クラシックカクテルズ　モヒート　７００ｍｌ,3,0,3,1,2,2,47855,1176,F-02-111,existing_initial_lot
created,,increase,create,48330,91,91,173012,173012,　富貴　本みりん１．８Ｌ瓶,2,0,2,0,2,2,56217,11,ZZ-1,item_default_location
updated,,decrease,decrease,50344,91,91,122297,122297,　２５°残波（泡盛）７２０ｍｌ,14,0,14,16,-2,2,49917,,,
updated,,increase,update,50370,91,91,122446,122446,　２５°黒霧島（芋）９００ｍｌ,89,4,85,83,2,2,49943,728,D-08-102,existing_initial_lot
created,,increase,create,50408,91,91,153656,153656,　レゾルムドカンブラス　カベルネ　７５０ｍｌ,2,0,2,0,2,2,56218,11,ZZ-1,item_default_location
created,,increase,create,50437,91,91,183018,183018,　永昌源　陳年紹興貴酒　５年　３７５ｍｌ,2,0,2,0,2,2,56219,999,E-08-308,item_default_location
updated,,increase,update,50493,91,91,286796,286796,　ブラジル産　鶏もも肉　２００ｇＵＰ２Ｋｇ,177,50,127,125,2,2,50050,264,YA-0-200,existing_initial_lot
updated,,decrease,decrease,51561,91,91,112588,112588,　真名鶴山廃仕込純米酒７２０ｍｌ,2,0,2,4,-2,2,52125,,,
updated,,decrease,decrease,51621,91,91,119048,119048,　越前岬　純米大吟醸　さかほまれ７２０ｍｌ,-1,0,0,2,-2,2,52390|52387,,,
updated,,decrease,decrease,51630,91,91,112843,112843,　一乃谷上撰７２０ｍｌ,-3,0,0,2,-2,2,52151,,,
created,,increase,create,51726,91,91,221358,221358,　しいの食品　たこわさび８０ｇ,2,0,2,0,2,2,56220,327,Z-0-0,z00_fallback
created,,increase,create,51741,91,91,171937,171937,　サッポロ　男梅サワーの素５００ｍｌ,2,0,2,0,2,2,56221,11,ZZ-1,item_default_location
created,,increase,create,51753,91,91,171951,171951,　梅乃宿　あらごしジンジャー　７２０ｍｌ,2,0,2,0,2,2,56222,327,Z-0-0,z00_fallback
updated,,decrease,decrease,51829,91,91,112487,112487,　福千歳キュヴェ純米吟醸７２０ｍｌ,1,0,1,3,-2,2,52252,,,
created,,increase,create,52097,91,91,251064,251064,　ＡＢインベブ　コロナ　セロ　缶３３０ｍｌ,2,0,2,0,2,2,56223,327,Z-0-0,z00_fallback
created,,increase,create,52098,91,91,211792,211792,　ＡＢインベブ　ヒューガルデン　ゼロ３３０ｍｌ,2,0,2,0,2,2,56224,327,Z-0-0,z00_fallback
created,,increase,create,52102,91,91,286119,286119,　ＪＡめむろ　十勝産シューストリングポテト８００ｇ,2,0,2,0,2,2,56225,327,Z-0-0,z00_fallback
created,,increase,create,52108,91,91,149365,149365,　オハラズ　フィフティファースト　ステイトＩＰＡ３３０ｍｌ瓶,2,0,2,0,2,2,56226,327,Z-0-0,z00_fallback
created,,increase,create,52295,91,91,183039,183039,　キリン　檸檬酒５００ｍｌ,2,0,2,0,2,2,56227,327,Z-0-0,z00_fallback
updated,,decrease,decrease,52537,91,91,245618,245618,　ハーシー　キャラメルシロップ６２３ｇ,0,0,0,2,-2,2,55408,,,
updated,,decrease,decrease,21594,91,91,122491,122491,　２５°七夕（芋）１．８Ｌ,12,0,12,13,-1,1,21594,,,
updated,,decrease,decrease,21647,91,91,122775,122775,　２５°焼きいも焼酎　鬼火９００ｍｌ,25,0,25,26,-1,1,21647,,,
created,,increase,create,21683,91,91,154146,154146,　ムラダル　ブランコ　７５０ｍｌ,1,0,1,0,1,1,56228,327,Z-0-0,z00_fallback
created,,increase,create,21684,91,91,154150,154150,　エゴット　トレッビアーノ　シャルドネ　３Ｌ,1,0,1,0,1,1,56229,327,Z-0-0,z00_fallback
updated,,decrease,decrease,21728,91,91,155021,155021,　ドンペリニョン　ロゼ　箱無し　７５０ｍｌ,5,0,5,6,-1,1,21704,,,
created,,increase,create,21795,91,91,322501,322501,　はぐるま会　ゴルフコンペ景品,3,0,3,2,1,1,56230,11,ZZ-1,existing_lot_location
created,,increase,create,21808,91,91,410225,410225,　まほろば　デコシート　５寸　１０００枚,1,0,1,0,1,1,56231,11,ZZ-1,item_default_location
created,,increase,create,21809,91,91,410226,410226,　まほろば　デコサイドシート　１０００枚,1,0,1,0,1,1,56232,11,ZZ-1,item_default_location
updated,,decrease,decrease,23641,91,91,123138,123138,　２５°限定　喜界島１．８Ｌ（黒糖）,18,0,18,19,-1,1,23595,,,
updated,,decrease,decrease,23682,91,91,155161,155161,　ヴーヴクリコ　ローズラベル　７５０ｍｌ　正規,8,0,8,9,-1,1,23632,,,
updated,,decrease,decrease,23691,91,91,155185,155185,　ロジャーグラート　カヴァ　ブリュット　７５０ｍｌ,10,0,10,11,-1,1,23640,,,
created,,increase,create,23696,91,91,155209,155209,　バーロワイヤル　グリーンアップル　７５０ｍｌ,1,0,1,0,1,1,56233,11,ZZ-1,item_default_location
updated,,decrease,decrease,23701,91,91,155224,155224,　ロジャーグラート　カヴァ　ロゼ　ブリュット　７５０ｍｌ,11,0,11,12,-1,1,23647,,,
updated,,increase,update,23786,91,91,210125,210125,　アサヒシロップ　グレープフルーツ６００ｍｌ,20,1,19,18,1,1,23727,547,B-07-206,existing_initial_lot
updated,,increase,update,25509,91,91,123280,123280,　２５°赤兎馬７２０ｍｌ（芋）,67,2,65,64,1,1,25429,2414,L-09-201,existing_initial_lot
updated,,decrease,decrease,25518,91,91,123307,123307,　２５°黒壱　紫芋造り１．８Ｌ（芋）,23,0,23,24,-1,1,25438,,,
updated,,decrease,decrease,25589,91,91,155340,155340,　ヴーヴクリコ　イエローラベル　ブリュット　７５０ｍｌ正規,35,1,34,35,-1,1,25501,,,
updated,,decrease,decrease,25590,91,91,155342,155342,　ヴーヴクリコ　ホワイトラベル　ドゥミセック　３７５ｍｌ　正規,2,0,2,3,-1,1,25502,,,
created,,increase,create,25591,91,91,155343,155343,×ヴーヴクリコ　ポンサルダン　ホワイトラベル　ドゥミセック７５０ｍｌ,1,0,1,0,1,1,56234,11,ZZ-1,item_default_location
updated,,decrease,decrease,25596,91,91,155362,155362,　ヴーヴクリコ　イエローラベル　ブリュット　３７５ｍｌ　正規,15,1,14,15,-1,1,25504,,,
created,,increase,create,25605,91,91,155408,155408,　アルマンド　ブリニャック　ロゼ　７５０ｍｌ,1,0,1,0,1,1,56235,11,ZZ-1,item_default_location
created,,increase,create,25629,91,91,155582,155582,　サロン　ブランドブラン　７５０ｍｌ,1,0,1,0,1,1,56236,11,ZZ-1,item_default_location
created,,increase,create,25631,91,91,155591,155591,　テタンジェ　コントドシャンパーニュ　ブランドブラン　１．５Ｌ,1,0,1,0,1,1,56237,11,ZZ-1,item_default_location
created,,increase,create,25632,91,91,155600,155600,　テタンジェ　ノクターン　白　７５０ｍｌ,1,0,1,0,1,1,56238,11,ZZ-1,item_default_location
updated,,increase,update,27422,91,91,131051,131051,　ブラックニッカ　スペシャル　７２０ｍｌ,6,0,6,5,1,1,27304,1699,H-05-213,existing_initial_lot
updated,,decrease,decrease,27427,91,91,131078,131078,　笹の川酒造山桜　黒ラベル７００ｍｌ,14,0,14,15,-1,1,27309,,,
updated,,increase,update,27431,91,91,131107,131107,　サントリー山崎１２年　７００ｍｌ,26,1,25,24,1,1,27313,2672,YX-9-999,existing_initial_lot
updated,,decrease,decrease,27434,91,91,131124,131124,　サントリーシングルモルト山崎７００ｍｌ,62,1,61,62,-1,1,27316,,,
updated,,increase,update,27435,91,91,131126,131126,　サントリーシングルモルト白州７００ｍｌ,28,0,28,27,1,1,27317,2672,YX-9-999,existing_initial_lot
updated,,increase,update,27447,91,91,131197,131197,　サントリー　角瓶　２．７Ｌ,3,0,3,2,1,1,27329,867,E-05-302,existing_initial_lot
updated,,decrease,decrease,27455,91,91,131271,131271,　ホワイトオークあかし　スペシャルブレンド　７００ｍｌ,16,0,16,17,-1,1,27336,,,
created,,increase,create,27464,91,91,155718,155718,　アルマンド　ブリニャック　ゴールド　箱無し　７５０ｍｌ,1,0,1,0,1,1,56239,11,ZZ-1,item_default_location
created,,increase,create,27472,91,91,155802,155802,　ソウメイ　プラチナ　箱入　７５０ｍｌ,1,0,1,0,1,1,56240,327,Z-0-0,z00_fallback
updated,,decrease,decrease,27497,91,91,156227,156227,　アランブリュモン　ガスコーニュ　ルージュ７５０ｍｌ,13,0,13,14,-1,1,27368,,,
updated,,decrease,decrease,27499,91,91,156231,156231,　アランブリュモン　ガスコーニュ　ブラン７５０ｍｌ,15,0,15,16,-1,1,27370,,,
updated,,decrease,decrease,27512,91,91,156327,156327,　クラレンドル　ブラン　シャトー　オーブリオン　７５０ｍｌ,14,0,14,15,-1,1,27383,,,
created,,increase,create,27541,91,91,210717,210717,　ピエールゼロ　シニャチュール　７５０ｍｌ,1,0,1,0,1,1,56241,11,ZZ-1,item_default_location
created,,increase,create,27547,91,91,210807,210807,　宮崎本店　焼酎用うめエキス　割梅１ＬＰＥＴ,1,0,1,0,1,1,56242,327,Z-0-0,z00_fallback
updated,,decrease,decrease,27620,91,91,631400,631400,　ギャバン　糸切り唐辛子１００ｇ,8,0,8,9,-1,1,27485,,,
created,,increase,create,29496,91,91,131377,131377,　ブラックニッカクリアブレンド　１８０ｍｌ,1,0,1,0,1,1,56243,2669,YC-0-000,item_default_location
created,,increase,create,29526,91,91,132069,132069,　アイラミスト８年　アモンティリャードカスク　ミニセレクション１００ｍｌ,1,0,1,0,1,1,56244,327,Z-0-0,z00_fallback
updated,,decrease,decrease,29546,91,91,156438,156438,　サンクヴァレー　ルージュ　７５０ｍｌ,32,0,32,33,-1,1,29407,,,
created,,increase,create,29553,91,91,156498,156498,　ドルーアン　マコンヴィラージュ　７５０ｍｌ,1,0,1,0,1,1,56245,11,ZZ-1,item_default_location
created,,increase,create,31607,91,91,156904,156904,　ドルーアン　ブルゴーニュ　ピノノワール　７５０ｍｌ,1,0,1,0,1,1,56246,11,ZZ-1,item_default_location
created,,increase,create,31608,91,91,156905,156905,　ドルーアン　ブルゴーニュ　シャルドネ　７５０ｍｌ,1,0,1,0,1,1,56247,11,ZZ-1,item_default_location
updated,,decrease,decrease,31611,91,91,156935,156935,　レ　タンヌ　オクシタン　カベルネソービニヨン　７５０ｍｌ,6,0,6,7,-1,1,31453,,,
updated,,decrease,decrease,31612,91,91,156936,156936,　レ　タンヌ　オクシタン　シャルドネ　７５０ｍｌ,8,0,8,9,-1,1,31454,,,
updated,,decrease,decrease,31613,91,91,156937,156937,　レ　タンヌ　オクシタン　ソービニヨンブラン　７５０ｍｌ,6,2,4,5,-1,1,31455,,,
created,,increase,create,31626,91,91,157135,157135,　カサベナサル　ゲヴルツトラミネール　モスカテル　７５０ｍｌ,1,0,1,0,1,1,56248,11,ZZ-1,item_default_location
created,,increase,create,31632,91,91,157201,157201,×ドルーアン　サンロマン　７５０ｍｌ,1,0,1,0,1,1,56249,11,ZZ-1,item_default_location
created,,increase,create,33602,91,91,134023,134023,　レミーマルタン　ＸＯ　エクセレンス　７００ｍｌ　（正規品）,1,0,1,0,1,1,56250,11,ZZ-1,item_default_location
updated,,decrease,decrease,33606,91,91,134092,134092,◎ヘネシーＶＳＯＰ　７００ｍｌ,26,0,26,27,-1,1,33439,,,
updated,,decrease,decrease,33614,91,91,135165,135165,　グレンモーレンジ　ネクター　１６年　７００ｍｌ,3,0,3,4,-1,1,33447,,,
updated,,decrease,decrease,33664,91,91,157345,157345,　レタンヌ　オクシタン　ピノノワール　７５０ｍｌ,3,0,3,4,-1,1,33494,,,
created,,increase,create,33670,91,91,157466,157466,　ドルーアン　シャブリ　レゼルヴドヴォードン　７５０ｍｌ,1,0,1,0,1,1,56251,11,ZZ-1,item_default_location
updated,,increase,update,33707,91,91,213003,213003,　ポン　オレンジジュース１００％８００ｍｌペット,46,0,46,45,1,1,33533,2766,B-05-203,existing_initial_lot
updated,,increase,update,33721,91,91,213082,213082,　キリン　小岩井　純水りんご１．５Ｌ,110,4,106,105,1,1,33547,496,B-03-101,existing_initial_lot
updated,,increase,update,35598,91,91,112086,112086,　一本義　辛口クラシック１．８Ｌ（旧金印）,261,8,253,252,1,1,35419,2715,W-09-104,existing_initial_lot
updated,,increase,update,35612,91,91,141262,141262,　「９１４」東浦みかんビール　３１０ｍｌ,12,11,1,0,1,1,35433,2671,YX-0-000,existing_initial_lot
created,,increase,create,35648,91,91,157867,157867,×ドルーアン　サン　ヴェラン　７５０ｍｌ,1,0,1,0,1,1,56252,11,ZZ-1,item_default_location
created,,increase,create,35670,91,91,158023,158023,　ドルーアン　シャブリ　プルミエ　クリュ　モンマン　７５０ｍｌ,1,0,1,0,1,1,56253,11,ZZ-1,item_default_location
created,,increase,create,35679,91,91,158116,158116,　ドルーアン　シャブリ　グランクリュ　レクロ　７５０ｍｌ,1,0,1,0,1,1,56254,11,ZZ-1,item_default_location
created,,increase,create,35680,91,91,158117,158117,　　ドルーアン　ヴォルネイ　７５０ｍｌ,1,0,1,0,1,1,56255,11,ZZ-1,item_default_location
created,,increase,create,35682,91,91,158144,158144,　ドルーアン　サヴィニレボーヌ　クロデゴドー　７５０ｍｌ,1,0,1,0,1,1,56256,11,ZZ-1,item_default_location
created,,increase,create,35683,91,91,158159,158159,　ドルーアン　マランジュ　プルミエ　クリュ　７５０ｍｌ,1,0,1,0,1,1,56257,11,ZZ-1,item_default_location
created,,increase,create,35685,91,91,158199,158199,×ミッシェルリンチ　ボルドールージュ　７５０ｍｌ,1,0,1,0,1,1,56258,11,ZZ-1,item_default_location
updated,,decrease,decrease,35703,91,91,213475,213475,　キリン　小岩井　純水みかん１．５Ｌ,0,0,0,1,-1,1,51155,,,
updated,,increase,update,35737,91,91,215141,215141,　サントリー　ウーロン茶　業務用専用２Ｌ,128,13,115,114,1,1,35538,2407,L-08-104,existing_initial_lot
created,,increase,create,35783,91,91,999002,999002,　システムテスト１,1,0,1,0,1,1,56259,11,ZZ-1,item_default_location
created,,increase,create,37345,91,91,112261,112261,　小浜酒造上撰わかさ７２０ｍｌ,1,0,1,0,1,1,56260,11,ZZ-1,item_default_location
updated,,decrease,decrease,37415,91,91,143104,143104,　タップマルシェ　ブルックリンラガー６Ｌ,-3,0,0,1,-1,1,51556,,,
updated,,decrease,decrease,37416,91,91,143108,143108,　タップマルシェ　アフターダーク６Ｌ,0,0,0,1,-1,1,51349,,,
updated,,decrease,decrease,37421,91,91,143121,143121,　キリン麒麟淡麗　生樽１５Ｌ,46,3,43,44,-1,1,37172,,,
updated,,decrease,decrease,37445,91,91,158402,158402,　ロス　ガンソス　カベルネソービニヨン　７５０ｍｌ,51,0,51,52,-1,1,37194,,,
updated,,decrease,decrease,37446,91,91,158403,158403,　ロス　ガンソス　シャルドネ　７５０ｍｌ,63,3,60,61,-1,1,37195,,,
updated,,decrease,decrease,37470,91,91,158790,158790,　モンテス　クラシック　メルロ　７５０ｍｌ,8,0,8,9,-1,1,37218,,,
created,,increase,create,37507,91,91,221648,221648,　Ｄ＆Ｈランプフィッシュキャビア５０ｇ,1,0,1,0,1,1,56261,11,ZZ-1,item_default_location
created,,increase,create,38898,91,91,112569,112569,　一乃谷純米酒　純１．８Ｌ,1,0,1,0,1,1,56262,1177,F-02-112,item_default_location
updated,,decrease,decrease,38905,91,91,112611,112611,　花垣米しずく　純米酒１．８Ｌ,8,0,8,9,-1,1,38647,,,
created,,increase,create,38914,91,91,112656,112656,　越前岬　槽搾り純米酒１．８Ｌ,1,0,1,0,1,1,56263,2585,W-06-103,item_default_location
updated,,decrease,decrease,38943,91,91,143258,143258,　タップマルシェ　ＪＡＰＡＮ　ＡＬＥ　香６Ｌ,-1,0,0,1,-1,1,55051,,,
updated,,increase,update,39045,91,91,231095,231095,　三田飲料　ピーチエード１Ｌ,20,0,20,19,1,1,38766,1391,G-03-207,existing_initial_lot
created,,increase,create,40525,91,91,112812,112812,　永平寺白龍　長期氷温熟成　純米大吟醸７２０ｍｌ,1,0,1,0,1,1,56264,11,ZZ-1,item_default_location
updated,,decrease,decrease,40539,91,91,112890,112890,　一乃谷　純米酒　大辛口＋１０　７２０ｍｌ,16,0,16,17,-1,1,40256,,,
updated,,decrease,decrease,40546,91,91,113005,113005,　天狗舞　山廃純米１．８Ｌ,0,0,0,1,-1,1,52064,,,
created,,increase,create,40550,91,91,113038,113038,　菊姫山廃純米７２０ｍｌ,1,0,1,0,1,1,56265,327,Z-0-0,z00_fallback
created,,increase,create,40560,91,91,113137,113137,　大七　純米生もと　生原酒７２０ｍｌ,1,0,1,0,1,1,56266,327,Z-0-0,z00_fallback
created,,increase,create,40636,91,91,162050,162050,　ボンベイ　ドライジン７００ｍｌ,1,0,1,0,1,1,56267,11,ZZ-1,item_default_location
created,,increase,create,40639,91,91,162062,162062,　バカルディゴールド　７５０ｍｌ,1,0,1,0,1,1,56268,2495,Q-00-000,item_default_location
created,,increase,create,40653,91,91,162151,162151,　ドンフリオ　レポサド　７００ｍｌ,1,0,1,0,1,1,56269,11,ZZ-1,item_default_location
updated,,decrease,decrease,40694,91,91,231267,231267,　ニッカ　ヴァイオレットサラダ油１６．５Ｋｇ,13,1,12,13,-1,1,40397,,,
updated,,decrease,decrease,40697,91,91,231279,231279,　ニッカ　キャノーラ油１６．５Ｋｇ,57,4,53,54,-1,1,40400,,,
created,,increase,create,40699,91,91,231282,231282,　ピンクロックソルト１Ｋｇ,1,0,1,0,1,1,56270,11,ZZ-1,item_default_location
created,,increase,create,40718,91,91,231526,231526,　トウブ醤油こいくち醤油甘露印　瓶１．８Ｌ,6,1,5,4,1,1,56271,1146,F-01-211,existing_lot_location
updated,,decrease,decrease,40731,91,91,231842,231842,　東海ナッツ　アーモンドパウダー１Ｋｇ,0,0,0,1,-1,1,52476,,,
created,,increase,create,40732,91,91,231883,231883,　ヒガシマル　うすくちしょうゆ１０Ｌ,1,0,1,0,1,1,56272,11,ZZ-1,item_default_location
updated,,decrease,decrease,42416,91,91,113964,113964,　北鹿秋田華匠　にごり酒１．８Ｌ,31,0,31,32,-1,1,42107,,,
updated,,increase,update,42456,91,91,117005,117005,○合同風月歌１．８Ｌ,11,0,11,10,1,1,42144,1091,E-11-109,existing_initial_lot
created,,increase,create,42479,91,91,151153,151153,　ＪＡ三方五湖　梅ワイン（白）　５００ｍｌ,1,0,1,0,1,1,56273,11,ZZ-1,item_default_location
created,,increase,create,42527,91,91,171202,171202,　天狗舞　梅酒１．８Ｌ,1,0,1,0,1,1,56274,11,ZZ-1,item_default_location
created,,increase,create,44206,91,91,118483,118483,　黒帯特別純米　悠々１．８Ｌ,1,0,1,0,1,1,56275,327,Z-0-0,z00_fallback
created,,increase,create,44217,91,91,118758,118758,　神泉　大吟醸１．８Ｌ（箱有）,1,0,1,0,1,1,56276,11,ZZ-1,item_default_location
created,,increase,create,44224,91,91,118920,118920,　名倉山　純米　Ｌａｋｅ×Ｗｈａｌｅ？　夕涼７２０ｍｌ,1,0,1,0,1,1,56277,327,Z-0-0,z00_fallback
created,,increase,create,44232,91,91,119057,119057,　福千歳純米大吟醸　さかほまれ７２０ｍｌ,1,0,1,0,1,1,56278,11,ZZ-1,item_default_location
created,,increase,create,44233,91,91,119060,119060,　雪きらら純米大吟醸　さかほまれ７２０ｍｌ,1,0,1,0,1,1,56279,11,ZZ-1,item_default_location
created,,increase,create,44251,91,91,119325,119325,　越前岬　槽搾り純米「九頭竜」１．８Ｌ　※卸不可,1,0,1,0,1,1,56280,327,Z-0-0,z00_fallback
created,,increase,create,44267,91,91,151658,151658,　ココファーム　農民ロッソ　７５０ｍｌ,1,0,1,0,1,1,56281,11,ZZ-1,item_default_location
created,,increase,create,44282,91,91,152107,152107,×ジャンジャン　ジュナール　カベルネソーヴィニヨン７５０ｍｌ,1,0,1,0,1,1,56282,11,ZZ-1,item_default_location
updated,,decrease,decrease,44302,91,91,152324,152324,　レ　タンヌ　オクシタン　メルロ　７５０ｍｌ,3,0,3,4,-1,1,43941,,,
created,,increase,create,44310,91,91,171366,171366,　サクラオ　紫蘇ダルマ　１．８Ｌ,1,0,1,0,1,1,56283,11,ZZ-1,item_default_location
created,,increase,create,44312,91,91,171373,171373,　チョーヤ　Ｔｈｅ　ＣＨＯＹＡ　黒糖梅酒７００ｍｌ,1,0,1,0,1,1,56284,11,ZZ-1,item_default_location
updated,,decrease,decrease,44322,91,91,171448,171448,　紀の司　紀州初恋梅酒　７２０ｍｌ,42,0,42,43,-1,1,43959,,,
created,,increase,create,44366,91,91,171761,171761,　南都酒造所　ハブ入りハブ酒１．８Ｌ,1,0,1,0,1,1,56285,327,Z-0-0,z00_fallback
created,,increase,create,46037,91,91,119411,119411,　北の庄　純米大吟醸　望３００ｍｌ,1,0,1,0,1,1,56286,11,ZZ-1,item_default_location
updated,,decrease,decrease,46060,91,91,119615,119615,　梵　純米５５　磨き五割五分　３００ｍｌ,19,0,19,20,-1,1,53626,,,
created,,increase,create,46071,91,91,119681,119681,　永平寺白龍　山田錦　純米大吟醸４０７２０ｍｌ（頒布会２０２５）,1,0,1,0,1,1,56287,327,Z-0-0,z00_fallback
created,,increase,create,46072,91,91,119682,119682,　一乃谷　さかほまれ純米大吟醸　稀覯７２０ｍｌ（頒布会２０２５）,1,0,1,0,1,1,56288,327,Z-0-0,z00_fallback
created,,increase,create,46073,91,91,119683,119683,　越前岬　さかほまれ純米大吟醸　あらばしり７２０ｍｌ（頒布会２０２５）,1,0,1,0,1,1,56289,327,Z-0-0,z00_fallback
created,,increase,create,46075,91,91,119695,119695,　常山　純米辛口　超１．８Ｌ,1,0,1,0,1,1,56290,327,Z-0-0,z00_fallback
created,,increase,create,46112,91,91,152424,152424,　バルディビエソ　シャルドネ　７５０ｍｌ,1,0,1,0,1,1,56291,2234,I-13-301,item_default_location
created,,increase,create,46123,91,91,152491,152491,　ミレジム　ソービニヨンブラン　７５０ｍｌ,1,0,1,0,1,1,56292,11,ZZ-1,item_default_location
updated,,increase,update,46197,91,91,171993,171993,　サントリー　こだわり酒場のレモンサワーの素　パック１．８Ｌ,7,0,7,6,1,1,45797,1085,E-11-102,existing_initial_lot
updated,,decrease,decrease,46238,91,91,249449,249449,　Ｃ＆Ｃ　食用炭パウダー５０ｇ,0,0,0,1,-1,1,52474,,,
updated,,increase,update,48191,91,91,121202,121202,　２０°ジャスミン焼酎　茉莉花（まつりか）５００ｍｌ,5,0,5,4,1,1,47784,1101,E-11-205,existing_initial_lot
created,,increase,create,48252,91,91,152949,152949,　チリンギート　コベ　シャルドネ　７５０ｍｌ,1,0,1,0,1,1,56293,327,Z-0-0,z00_fallback
created,,increase,create,48253,91,91,152951,152951,　チリンギート　コベ　カベルネ　７５０ｍｌ,1,0,1,0,1,1,56294,327,Z-0-0,z00_fallback
created,,increase,create,48270,91,91,153194,153194,　ドルーアン　ピュリニーモンラッシェ　７５０ｍｌ,1,0,1,0,1,1,56295,11,ZZ-1,item_default_location
created,,increase,create,48283,91,91,172227,172227,　ボルスアプリコットブランデー７００ｍｌ,1,0,1,0,1,1,56296,11,ZZ-1,item_default_location
created,,increase,create,48312,91,91,172401,172401,　眞露　チャミスル　ピーチ３６０ｍｌ,1,0,1,0,1,1,56297,11,ZZ-1,item_default_location
created,,increase,create,50320,91,91,122171,122171,○２０°いいちこ（麦）瓶１．８Ｌ,1,0,1,0,1,1,56298,11,ZZ-1,item_default_location
updated,,decrease,decrease,50362,91,91,122390,122390,　２５°黒麹仕込み　黒力４Ｌ（芋）,57,0,57,58,-1,1,49935,,,
created,,increase,create,50373,91,91,122455,122455,　２５°なんこ７２０ｍｌ（芋）,1,0,1,0,1,1,56299,327,Z-0-0,z00_fallback
created,,increase,create,50391,91,91,153430,153430,　ムラダル　ティント　７５０ｍｌ,1,0,1,0,1,1,56300,327,Z-0-0,z00_fallback
created,,increase,create,50393,91,91,153490,153490,　シャトー　パラディ　カスイユ　ブラン　７５０ｍｌ,1,0,1,0,1,1,56301,11,ZZ-1,item_default_location
updated,,decrease,decrease,50417,91,91,153755,153755,　バローネ　コルナッキア　トレッビアーノダブルッツォ　７５０ｍｌ,3,0,3,4,-1,1,52201,,,
updated,,decrease,decrease,50498,91,91,287420,287420,　Ｃ＆Ｃ　ライ麦　中挽１Ｋｇ,2,0,2,3,-1,1,53435,,,
updated,,decrease,decrease,51500,91,91,112599,112599,　雲乃井　純米酒　福雲１．８Ｌ,1,0,1,2,-1,1,52333,,,
created,,increase,create,51584,91,91,156188,156188,　ヴァンサン　サンジョベーゼ　メルロー３Ｌ,9,0,9,8,1,1,56302,2805,E-05-109,existing_lot_location
created,,increase,create,51587,91,91,261137,261137,　キャステロ　ダナブルー９１ｇ,1,0,1,0,1,1,56303,327,Z-0-0,z00_fallback
created,,increase,create,51601,91,91,231446,231446,　ミツカン　ぽん酢　ＰＥＴ１．８Ｌ,1,0,1,0,1,1,56304,327,Z-0-0,z00_fallback
created,,increase,create,51605,91,91,231293,231293,　キューピー　フレンチドレッシング赤１Ｌ,2,0,2,1,1,1,56305,327,Z-0-0,existing_lot_location
updated,,decrease,decrease,51608,91,91,112272,112272,　黒龍　大吟醸　龍７２０ｍｌ,-16,0,0,1,-1,1,51391,,,
updated,,decrease,decrease,51631,91,91,119349,119349,　北の庄　純米吟醸３００ｍｌ,8,0,8,9,-1,1,52244,,,
updated,,decrease,decrease,51632,91,91,112219,112219,　真名鶴懐石本醸造　上吟１．８Ｌ,-1,0,0,1,-1,1,52124,,,
created,,increase,create,51722,91,91,151432,151432,　サントリー　酸化防止剤無添加美味しいワイン　濃い赤　１．８Ｌ,1,0,1,0,1,1,56306,2495,Q-00-000,item_default_location
created,,increase,create,51727,91,91,284758,284758,　ハートフル畑　切り餅シングルパック１Ｋｇ,1,0,1,0,1,1,56307,327,Z-0-0,z00_fallback
created,,increase,create,51735,91,91,119419,119419,　関西　佳撰７２０ｍｌ,7,1,6,5,1,1,56308,2826,G-05-409,existing_lot_location
created,,increase,create,51736,91,91,112495,112495,　華燭本醸造７２０ｍｌ,1,0,1,0,1,1,56309,327,Z-0-0,z00_fallback
created,,increase,create,51740,91,91,131524,131524,　桜尾蒸留所　ソガイニ　７００ｍｌ,1,0,1,0,1,1,56310,327,Z-0-0,z00_fallback
created,,increase,create,51769,91,91,156153,156153,　シャトーゼサール　ルージュ　キュヴェプレスティージュ　７５０ｍｌ,1,0,1,0,1,1,56311,327,Z-0-0,z00_fallback
created,,increase,create,51770,91,91,1004018,100014,シャトーゼサール　ブラン　キュヴェプレスティージュ　　,1,0,1,0,1,1,56312,327,Z-0-0,z00_fallback
created,,increase,create,51771,91,91,116026,116026,　無冠盃辛口パック２Ｌ,1,0,1,0,1,1,56313,327,Z-0-0,z00_fallback
updated,,decrease,decrease,51825,91,91,112353,112353,　北の庄純米吟醸７２０ｍｌ,-1,0,0,1,-1,1,52246,,,
updated,,decrease,decrease,51845,91,91,119326,119326,　越前岬　純米吟醸原酒「斗瓶取り」７２０ｍｌ,0,0,0,1,-1,1,52388,,,
created,,increase,create,52090,91,91,112126,112126,　わかさの酒　鯖専用純米酒１．８Ｌ,1,0,1,0,1,1,56314,2857,W-06-401,item_default_location
created,,increase,create,52103,91,91,113628,113628,　久保田千寿　吟醸７２０ｍｌ,1,0,1,0,1,1,56315,327,Z-0-0,z00_fallback
created,,increase,create,52118,91,91,262571,262571,　ブルサン　ガーリック＆ハーブ８０ｇ,1,0,1,0,1,1,56316,327,Z-0-0,z00_fallback
created,,increase,create,52119,91,91,241040,241040,　ＭＹ　グレナデン　シロップ３００ｍｌ,1,0,1,0,1,1,56317,327,Z-0-0,z00_fallback
created,,increase,create,52129,91,91,287473,287473,　森永乳業　ＦＨ３６　１Ｌ,1,0,1,0,1,1,56318,327,Z-0-0,existing_lot_location
created,,increase,create,52136,91,91,113198,113198,　農口尚彦研究所　本醸造　無濾過生原酒　１．８Ｌ’２４　（取扱店限定）,1,0,1,0,1,1,56319,471,AW-0-000,item_default_location
created,,increase,create,52266,91,91,171335,171335,　鳴門鯛にごりゆず酒７２０ｍｌ,1,0,1,0,1,1,56320,327,Z-0-0,z00_fallback
created,,increase,create,52310,91,91,132266,132266,　デュワーズ　１２年　７００ｍｌ,1,0,1,0,1,1,56321,2495,Q-00-000,item_default_location
